id,fecha_sello,fecha_insumo,timestamp_utc,available_at,exchange,sesion_objetivo,apertura_objetivo_utc,ticker,decision,acciones_regla,tamano_nominal,precio_ref_usd,senal_magnitud_pp,senal_banda_baja_pp,senal_banda_alta_pp,senal_fuente,juego,presupuesto_usd,reglas_version,motivo,ultimo_cierre_ticker,available_at_ticker,insumo_ext_sha256,insumo_ext_archivo,insumo_base_sha256,reglas_sha256,sellador_sha256,plataforma_version,version_sello,estado,estado_timing,estado_dia,insumo_completo,cuenta_para_N,creado_en
1,2026-09-08,2026-09-08,2026-09-09T03:38:17.156824+00:00,2026-09-08T20:00:00+00:00,XNYS,2026-09-09,2026-09-09T13:30:00+00:00,AMAT,nada,0,0,472.7900085449219,1.2987002359742927,-13.352914938260264,15.95031541020885,"sorteo sin información (contabilidad.senales_sin_informacion, semilla 20260906, desde 2023-09-05): prueba de maquinaria, no track record",conservador,500.0,0.2.0-PROPUESTA,señal +1.30 pp bajo el umbral +1.35 pp,2026-09-08,2026-09-08T20:00:00+00:00,89a5e296366cb56e4a24363effeb69ebe0cffae1b8dafe20d2a39e660e408fd3,ext_2026-09-08.csv,69ca7283ae18fd37736827e1b19a79d3557e2e8177dbfd05c9685be22502402b,125a8602a684939576278093b306add6a6fa7a0157389f71a5c0029455ab9ba0,93db9b70dc708b67cf3584775800e9450e91f71fdb2846155d92545fcdba7492,5.1.0,E0.2,pendiente,ok,sesion,1,1,2026-09-09T03:38:17.310102+00:00
2,2026-09-08,2026-09-08,2026-09-09T03:38:17.156824+00:00,2026-09-08T20:00:00+00:00,XNYS,2026-09-09,2026-09-09T13:30:00+00:00,AMD,nada,0,0,505.739990234375,4.818600037772125,-14.801379210502887,24.438579286047137,"sorteo sin información (contabilidad.senales_sin_informacion, semilla 20260906, desde 2023-09-05): prueba de maquinaria, no track record",conservador,500.0,0.2.0-PROPUESTA,"su intervalo [-14.80, +24.44] contiene el cero",2026-09-08,2026-09-08T20:00:00+00:00,89a5e296366cb56e4a24363effeb69ebe0cffae1b8dafe20d2a39e660e408fd3,ext_2026-09-08.csv,69ca7283ae18fd37736827e1b19a79d3557e2e8177dbfd05c9685be22502402b,125a8602a684939576278093b306add6a6fa7a0157389f71a5c0029455ab9ba0,93db9b70dc708b67cf3584775800e9450e91f71fdb2846155d92545fcdba7492,5.1.0,E0.2,pendiente,ok,sesion,1,1,2026-09-09T03:38:17.310102+00:00
3,2026-09-08,2026-09-08,2026-09-09T03:38:17.156824+00:00,2026-09-08T20:00:00+00:00,XNYS,2026-09-09,2026-09-09T13:30:00+00:00,AMKR,nada,0,0,50.720001220703125,-0.038893287705232815,-19.33796673668237,19.260180161271908,"sorteo sin información (contabilidad.senales_sin_informacion, semilla 20260906, desde 2023-09-05): prueba de maquinaria, no track record",conservador,500.0,0.2.0-PROPUESTA,señal -0.04 pp bajo el umbral +1.35 pp,2026-09-08,2026-09-08T20:00:00+00:00,89a5e296366cb56e4a24363effeb69ebe0cffae1b8dafe20d2a39e660e408fd3,ext_2026-09-08.csv,69ca7283ae18fd37736827e1b19a79d3557e2e8177dbfd05c9685be22502402b,125a8602a684939576278093b306add6a6fa7a0157389f71a5c0029455ab9ba0,93db9b70dc708b67cf3584775800e9450e91f71fdb2846155d92545fcdba7492,5.1.0,E0.2,pendiente,ok,sesion,1,1,2026-09-09T03:38:17.310102+00:00
4,2026-09-08,2026-09-08,2026-09-09T03:38:17.156824+00:00,2026-09-08T20:00:00+00:00,XNYS,2026-09-09,2026-09-09T13:30:00+00:00,AMZN,nada,0,0,256.9700012207031,3.530385455824736,-8.822300706398508,15.883071618047982,"sorteo sin información (contabilidad.senales_sin_informacion, semilla 20260906, desde 2023-09-05): prueba de maquinaria, no track record",conservador,500.0,0.2.0-PROPUESTA,"su intervalo [-8.82, +15.88] contiene el cero",2026-09-08,2026-09-08T20:00:00+00:00,89a5e296366cb56e4a24363effeb69ebe0cffae1b8dafe20d2a39e660e408fd3,ext_2026-09-08.csv,69ca7283ae18fd37736827e1b19a79d3557e2e8177dbfd05c9685be22502402b,125a8602a684939576278093b306add6a6fa7a0157389f71a5c0029455ab9ba0,93db9b70dc708b67cf3584775800e9450e91f71fdb2846155d92545fcdba7492,5.1.0,E0.2,pendiente,ok,sesion,1,1,2026-09-09T03:38:17.310102+00:00
5,2026-09-08,2026-09-08,2026-09-09T03:38:17.156824+00:00,2026-09-08T20:00:00+00:00,XNYS,2026-09-09,2026-09-09T13:30:00+00:00,ASX,nada,0,0,39.790000915527344,4.83870236896109,-9.024160093924227,18.701564831846405,"sorteo sin información (contabilidad.senales_sin_informacion, semilla 20260906, desde 2023-09-05): prueba de maquinaria, no track record",conservador,500.0,0.2.0-PROPUESTA,"su intervalo [-9.02, +18.70] contiene el cero",2026-09-08,2026-09-08T20:00:00+00:00,89a5e296366cb56e4a24363effeb69ebe0cffae1b8dafe20d2a39e660e408fd3,ext_2026-09-08.csv,69ca7283ae18fd37736827e1b19a79d3557e2e8177dbfd05c9685be22502402b,125a8602a684939576278093b306add6a6fa7a0157389f71a5c0029455ab9ba0,93db9b70dc708b67cf3584775800e9450e91f71fdb2846155d92545fcdba7492,5.1.0,E0.2,pendiente,ok,sesion,1,1,2026-09-09T03:38:17.310102+00:00
6,2026-09-08,2026-09-08,2026-09-09T03:38:17.156824+00:00,2026-09-08T20:00:00+00:00,XNYS,2026-09-09,2026-09-09T13:30:00+00:00,AVGO,nada,0,0,368.55999755859375,-1.8081281968898133,-13.621031796995595,10.00477540321597,"sorteo sin información (contabilidad.senales_sin_informacion, semilla 20260906, desde 2023-09-05): prueba de maquinaria, no track record",conservador,500.0,0.2.0-PROPUESTA,señal -1.81 pp bajo el umbral +1.35 pp,2026-09-08,2026-09-08T20:00:00+00:00,89a5e296366cb56e4a24363effeb69ebe0cffae1b8dafe20d2a39e660e408fd3,ext_2026-09-08.csv,69ca7283ae18fd37736827e1b19a79d3557e2e8177dbfd05c9685be22502402b,125a8602a684939576278093b306add6a6fa7a0157389f71a5c0029455ab9ba0,93db9b70dc708b67cf3584775800e9450e91f71fdb2846155d92545fcdba7492,5.1.0,E0.2,pendiente,ok,sesion,1,1,2026-09-09T03:38:17.310102+00:00
7,2026-09-08,2026-09-08,2026-09-09T03:38:17.156824+00:00,2026-09-08T20:00:00+00:00,XNYS,2026-09-09,2026-09-09T13:30:00+00:00,CDNS,nada,0,0,284.1099853515625,-3.627537568267658,-15.748858652087442,8.493783515552128,"sorteo sin información (contabilidad.senales_sin_informacion, semilla 20260906, desde 2023-09-05): prueba de maquinaria, no track record",conservador,500.0,0.2.0-PROPUESTA,señal -3.63 pp bajo el umbral +1.35 pp,2026-09-08,2026-09-08T20:00:00+00:00,89a5e296366cb56e4a24363effeb69ebe0cffae1b8dafe20d2a39e660e408fd3,ext_2026-09-08.csv,69ca7283ae18fd37736827e1b19a79d3557e2e8177dbfd05c9685be22502402b,125a8602a684939576278093b306add6a6fa7a0157389f71a5c0029455ab9ba0,93db9b70dc708b67cf3584775800e9450e91f71fdb2846155d92545fcdba7492,5.1.0,E0.2,pendiente,ok,sesion,1,1,2026-09-09T03:38:17.310102+00:00
8,2026-09-08,2026-09-08,2026-09-09T03:38:17.156824+00:00,2026-09-08T20:00:00+00:00,XNYS,2026-09-09,2026-09-09T13:30:00+00:00,ENTG,nada,0,0,141.08999633789062,7.596195867032907,-6.988255936133739,22.18064767019955,"sorteo sin información (contabilidad.senales_sin_informacion, semilla 20260906, desde 2023-09-05): prueba de maquinaria, no track record",conservador,500.0,0.2.0-PROPUESTA,"su intervalo [-6.99, +22.18] contiene el cero",2026-09-08,2026-09-08T20:00:00+00:00,89a5e296366cb56e4a24363effeb69ebe0cffae1b8dafe20d2a39e660e408fd3,ext_2026-09-08.csv,69ca7283ae18fd37736827e1b19a79d3557e2e8177dbfd05c9685be22502402b,125a8602a684939576278093b306add6a6fa7a0157389f71a5c0029455ab9ba0,93db9b70dc708b67cf3584775800e9450e91f71fdb2846155d92545fcdba7492,5.1.0,E0.2,pendiente,ok,sesion,1,1,2026-09-09T03:38:17.310102+00:00
9,2026-09-08,2026-09-08,2026-09-09T03:38:17.156824+00:00,2026-09-08T20:00:00+00:00,XNYS,2026-09-09,2026-09-09T13:30:00+00:00,GFS,nada,0,0,45.09000015258789,-13.994218395808,-34.50584692595611,6.517410134340105,"sorteo sin información (contabilidad.senales_sin_informacion, semilla 20260906, desde 2023-09-05): prueba de maquinaria, no track record",conservador,500.0,0.2.0-PROPUESTA,señal -13.99 pp bajo el umbral +1.35 pp,2026-09-08,2026-09-08T20:00:00+00:00,89a5e296366cb56e4a24363effeb69ebe0cffae1b8dafe20d2a39e660e408fd3,ext_2026-09-08.csv,69ca7283ae18fd37736827e1b19a79d3557e2e8177dbfd05c9685be22502402b,125a8602a684939576278093b306add6a6fa7a0157389f71a5c0029455ab9ba0,93db9b70dc708b67cf3584775800e9450e91f71fdb2846155d92545fcdba7492,5.1.0,E0.2,pendiente,ok,sesion,1,1,2026-09-09T03:38:17.310102+00:00
10,2026-09-08,2026-09-08,2026-09-09T03:38:17.156824+00:00,2026-09-08T20:00:00+00:00,XNYS,2026-09-09,2026-09-09T13:30:00+00:00,GOOGL,nada,0,0,338.3599853515625,2.997793067692256,-6.993513241500376,12.989099376884887,"sorteo sin información (contabilidad.senales_sin_informacion, semilla 20260906, desde 2023-09-05): prueba de maquinaria, no track record",conservador,500.0,0.2.0-PROPUESTA,"su intervalo [-6.99, +12.99] contiene el cero",2026-09-08,2026-09-08T20:00:00+00:00,89a5e296366cb56e4a24363effeb69ebe0cffae1b8dafe20d2a39e660e408fd3,ext_2026-09-08.csv,69ca7283ae18fd37736827e1b19a79d3557e2e8177dbfd05c9685be22502402b,125a8602a684939576278093b306add6a6fa7a0157389f71a5c0029455ab9ba0,93db9b70dc708b67cf3584775800e9450e91f71fdb2846155d92545fcdba7492,5.1.0,E0.2,pendiente,ok,sesion,1,1,2026-09-09T03:38:17.310102+00:00
11,2026-09-08,2026-09-08,2026-09-09T03:38:17.156824+00:00,2026-09-08T20:00:00+00:00,XNYS,2026-09-09,2026-09-09T13:30:00+00:00,GSM,nada,0,0,4.519999980926514,5.95239317354892,-33.488948788072896,45.393735135170736,"sorteo sin información (contabilidad.senales_sin_informacion, semilla 20260906, desde 2023-09-05): prueba de maquinaria, no track record",conservador,500.0,0.2.0-PROPUESTA,"su intervalo [-33.49, +45.39] contiene el cero",2026-09-08,2026-09-08T20:00:00+00:00,89a5e296366cb56e4a24363effeb69ebe0cffae1b8dafe20d2a39e660e408fd3,ext_2026-09-08.csv,69ca7283ae18fd37736827e1b19a79d3557e2e8177dbfd05c9685be22502402b,125a8602a684939576278093b306add6a6fa7a0157389f71a5c0029455ab9ba0,93db9b70dc708b67cf3584775800e9450e91f71fdb2846155d92545fcdba7492,5.1.0,E0.2,pendiente,ok,sesion,1,1,2026-09-09T03:38:17.310102+00:00
12,2026-09-08,2026-09-08,2026-09-09T03:38:17.156824+00:00,2026-09-08T20:00:00+00:00,XNYS,2026-09-09,2026-09-09T13:30:00+00:00,INTC,nada,0,0,104.47000122070312,-9.718180301141189,-21.740026521753748,2.303665919471369,"sorteo sin información (contabilidad.senales_sin_informacion, semilla 20260906, desde 2023-09-05): prueba de maquinaria, no track record",conservador,500.0,0.2.0-PROPUESTA,señal -9.72 pp bajo el umbral +1.35 pp,2026-09-08,2026-09-08T20:00:00+00:00,89a5e296366cb56e4a24363effeb69ebe0cffae1b8dafe20d2a39e660e408fd3,ext_2026-09-08.csv,69ca7283ae18fd37736827e1b19a79d3557e2e8177dbfd05c9685be22502402b,125a8602a684939576278093b306add6a6fa7a0157389f71a5c0029455ab9ba0,93db9b70dc708b67cf3584775800e9450e91f71fdb2846155d92545fcdba7492,5.1.0,E0.2,pendiente,ok,sesion,1,1,2026-09-09T03:38:17.310102+00:00
13,2026-09-08,2026-09-08,2026-09-09T03:38:17.156824+00:00,2026-09-08T20:00:00+00:00,XNYS,2026-09-09,2026-09-09T13:30:00+00:00,KLAC,nada,0,0,188.97999572753903,22.827964443080017,9.062790692855565,36.59313819330447,"sorteo sin información (contabilidad.senales_sin_informacion, semilla 20260906, desde 2023-09-05): prueba de maquinaria, no track record",conservador,500.0,0.2.0-PROPUESTA,una acción cuesta 188.98 USD y el margen disponible es 125.00 USD; el riel no compra fracciones,2026-09-08,2026-09-08T20:00:00+00:00,89a5e296366cb56e4a24363effeb69ebe0cffae1b8dafe20d2a39e660e408fd3,ext_2026-09-08.csv,69ca7283ae18fd37736827e1b19a79d3557e2e8177dbfd05c9685be22502402b,125a8602a684939576278093b306add6a6fa7a0157389f71a5c0029455ab9ba0,93db9b70dc708b67cf3584775800e9450e91f71fdb2846155d92545fcdba7492,5.1.0,E0.2,pendiente,ok,sesion,1,1,2026-09-09T03:38:17.310102+00:00
14,2026-09-08,2026-09-08,2026-09-09T03:38:17.156824+00:00,2026-09-08T20:00:00+00:00,XNYS,2026-09-09,2026-09-09T13:30:00+00:00,LIN,nada,0,0,468.3800048828125,10.525477026579267,1.8700837316939545,19.18087032146458,"sorteo sin información (contabilidad.senales_sin_informacion, semilla 20260906, desde 2023-09-05): prueba de maquinaria, no track record",conservador,500.0,0.2.0-PROPUESTA,una acción cuesta 468.38 USD y el margen disponible es 125.00 USD; el riel no compra fracciones,2026-09-08,2026-09-08T20:00:00+00:00,89a5e296366cb56e4a24363effeb69ebe0cffae1b8dafe20d2a39e660e408fd3,ext_2026-09-08.csv,69ca7283ae18fd37736827e1b19a79d3557e2e8177dbfd05c9685be22502402b,125a8602a684939576278093b306add6a6fa7a0157389f71a5c0029455ab9ba0,93db9b70dc708b67cf3584775800e9450e91f71fdb2846155d92545fcdba7492,5.1.0,E0.2,pendiente,ok,sesion,1,1,2026-09-09T03:38:17.310102+00:00
15,2026-09-08,2026-09-08,2026-09-09T03:38:17.156824+00:00,2026-09-08T20:00:00+00:00,XNYS,2026-09-09,2026-09-09T13:30:00+00:00,LRCX,nada,0,0,320.4200134277344,8.720663273362405,-6.77633816146419,24.217664708188998,"sorteo sin información (contabilidad.senales_sin_informacion, semilla 20260906, desde 2023-09-05): prueba de maquinaria, no track record",conservador,500.0,0.2.0-PROPUESTA,"su intervalo [-6.78, +24.22] contiene el cero",2026-09-08,2026-09-08T20:00:00+00:00,89a5e296366cb56e4a24363effeb69ebe0cffae1b8dafe20d2a39e660e408fd3,ext_2026-09-08.csv,69ca7283ae18fd37736827e1b19a79d3557e2e8177dbfd05c9685be22502402b,125a8602a684939576278093b306add6a6fa7a0157389f71a5c0029455ab9ba0,93db9b70dc708b67cf3584775800e9450e91f71fdb2846155d92545fcdba7492,5.1.0,E0.2,pendiente,ok,sesion,1,1,2026-09-09T03:38:17.310102+00:00
16,2026-09-08,2026-09-08,2026-09-09T03:38:17.156824+00:00,2026-09-08T20:00:00+00:00,XNYS,2026-09-09,2026-09-09T13:30:00+00:00,META,nada,0,0,613.47998046875,-0.29156586639255133,-15.117694866122065,14.534563133336963,"sorteo sin información (contabilidad.senales_sin_informacion, semilla 20260906, desde 2023-09-05): prueba de maquinaria, no track record",conservador,500.0,0.2.0-PROPUESTA,señal -0.29 pp bajo el umbral +1.35 pp,2026-09-08,2026-09-08T20:00:00+00:00,89a5e296366cb56e4a24363effeb69ebe0cffae1b8dafe20d2a39e660e408fd3,ext_2026-09-08.csv,69ca7283ae18fd37736827e1b19a79d3557e2e8177dbfd05c9685be22502402b,125a8602a684939576278093b306add6a6fa7a0157389f71a5c0029455ab9ba0,93db9b70dc708b67cf3584775800e9450e91f71fdb2846155d92545fcdba7492,5.1.0,E0.2,pendiente,ok,sesion,1,1,2026-09-09T03:38:17.310102+00:00
17,2026-09-08,2026-09-08,2026-09-09T03:38:17.156824+00:00,2026-09-08T20:00:00+00:00,XNYS,2026-09-09,2026-09-09T13:30:00+00:00,MKSI,nada,0,0,265.5,-3.316755112849812,-19.041516461907083,12.40800623620746,"sorteo sin información (contabilidad.senales_sin_informacion, semilla 20260906, desde 2023-09-05): prueba de maquinaria, no track record",conservador,500.0,0.2.0-PROPUESTA,señal -3.32 pp bajo el umbral +1.35 pp,2026-09-08,2026-09-08T20:00:00+00:00,89a5e296366cb56e4a24363effeb69ebe0cffae1b8dafe20d2a39e660e408fd3,ext_2026-09-08.csv,69ca7283ae18fd37736827e1b19a79d3557e2e8177dbfd05c9685be22502402b,125a8602a684939576278093b306add6a6fa7a0157389f71a5c0029455ab9ba0,93db9b70dc708b67cf3584775800e9450e91f71fdb2846155d92545fcdba7492,5.1.0,E0.2,pendiente,ok,sesion,1,1,2026-09-09T03:38:17.310102+00:00
18,2026-09-08,2026-09-08,2026-09-09T03:38:17.156824+00:00,2026-09-08T20:00:00+00:00,XNYS,2026-09-09,2026-09-09T13:30:00+00:00,MSFT,nada,0,0,493.9500122070313,8.34585028117909,-0.41223931703106054,17.103939879389237,"sorteo sin información (contabilidad.senales_sin_informacion, semilla 20260906, desde 2023-09-05): prueba de maquinaria, no track record",conservador,500.0,0.2.0-PROPUESTA,"su intervalo [-0.41, +17.10] contiene el cero",2026-09-08,2026-09-08T20:00:00+00:00,89a5e296366cb56e4a24363effeb69ebe0cffae1b8dafe20d2a39e660e408fd3,ext_2026-09-08.csv,69ca7283ae18fd37736827e1b19a79d3557e2e8177dbfd05c9685be22502402b,125a8602a684939576278093b306add6a6fa7a0157389f71a5c0029455ab9ba0,93db9b70dc708b67cf3584775800e9450e91f71fdb2846155d92545fcdba7492,5.1.0,E0.2,pendiente,ok,sesion,1,1,2026-09-09T03:38:17.310102+00:00
19,2026-09-08,2026-09-08,2026-09-09T03:38:17.156824+00:00,2026-09-08T20:00:00+00:00,XNYS,2026-09-09,2026-09-09T13:30:00+00:00,MU,nada,0,0,1000.260009765625,8.909640553448895,-6.042438192134718,23.861719299032508,"sorteo sin información (contabilidad.senales_sin_informacion, semilla 20260906, desde 2023-09-05): prueba de maquinaria, no track record",conservador,500.0,0.2.0-PROPUESTA,"su intervalo [-6.04, +23.86] contiene el cero",2026-09-08,2026-09-08T20:00:00+00:00,89a5e296366cb56e4a24363effeb69ebe0cffae1b8dafe20d2a39e660e408fd3,ext_2026-09-08.csv,69ca7283ae18fd37736827e1b19a79d3557e2e8177dbfd05c9685be22502402b,125a8602a684939576278093b306add6a6fa7a0157389f71a5c0029455ab9ba0,93db9b70dc708b67cf3584775800e9450e91f71fdb2846155d92545fcdba7492,5.1.0,E0.2,pendiente,ok,sesion,1,1,2026-09-09T03:38:17.310102+00:00
20,2026-09-08,2026-09-08,2026-09-09T03:38:17.156824+00:00,2026-09-08T20:00:00+00:00,XNYS,2026-09-09,2026-09-09T13:30:00+00:00,NVDA,nada,0,0,225.72999572753903,-7.2410825129363365,-26.70649380586678,12.224328779994106,"sorteo sin información (contabilidad.senales_sin_informacion, semilla 20260906, desde 2023-09-05): prueba de maquinaria, no track record",conservador,500.0,0.2.0-PROPUESTA,señal -7.24 pp bajo el umbral +1.35 pp,2026-09-08,2026-09-08T20:00:00+00:00,89a5e296366cb56e4a24363effeb69ebe0cffae1b8dafe20d2a39e660e408fd3,ext_2026-09-08.csv,69ca7283ae18fd37736827e1b19a79d3557e2e8177dbfd05c9685be22502402b,125a8602a684939576278093b306add6a6fa7a0157389f71a5c0029455ab9ba0,93db9b70dc708b67cf3584775800e9450e91f71fdb2846155d92545fcdba7492,5.1.0,E0.2,pendiente,ok,sesion,1,1,2026-09-09T03:38:17.310102+00:00
21,2026-09-08,2026-09-08,2026-09-09T03:38:17.156824+00:00,2026-09-08T20:00:00+00:00,XNYS,2026-09-09,2026-09-09T13:30:00+00:00,QCOM,nada,0,0,174.08999633789062,10.254249863486198,-5.244708540458625,25.75320826743102,"sorteo sin información (contabilidad.senales_sin_informacion, semilla 20260906, desde 2023-09-05): prueba de maquinaria, no track record",conservador,500.0,0.2.0-PROPUESTA,"su intervalo [-5.24, +25.75] contiene el cero",2026-09-08,2026-09-08T20:00:00+00:00,89a5e296366cb56e4a24363effeb69ebe0cffae1b8dafe20d2a39e660e408fd3,ext_2026-09-08.csv,69ca7283ae18fd37736827e1b19a79d3557e2e8177dbfd05c9685be22502402b,125a8602a684939576278093b306add6a6fa7a0157389f71a5c0029455ab9ba0,93db9b70dc708b67cf3584775800e9450e91f71fdb2846155d92545fcdba7492,5.1.0,E0.2,pendiente,ok,sesion,1,1,2026-09-09T03:38:17.310102+00:00
22,2026-09-08,2026-09-08,2026-09-09T03:38:17.156824+00:00,2026-09-08T20:00:00+00:00,XNYS,2026-09-09,2026-09-09T13:30:00+00:00,SHECY,nada,0,0,18.450000762939453,-0.3164470185596513,-11.56067980134798,10.927785764228677,"sorteo sin información (contabilidad.senales_sin_informacion, semilla 20260906, desde 2023-09-05): prueba de maquinaria, no track record",conservador,500.0,0.2.0-PROPUESTA,señal -0.32 pp bajo el umbral +1.35 pp,2026-09-08,2026-09-08T20:00:00+00:00,89a5e296366cb56e4a24363effeb69ebe0cffae1b8dafe20d2a39e660e408fd3,ext_2026-09-08.csv,69ca7283ae18fd37736827e1b19a79d3557e2e8177dbfd05c9685be22502402b,125a8602a684939576278093b306add6a6fa7a0157389f71a5c0029455ab9ba0,93db9b70dc708b67cf3584775800e9450e91f71fdb2846155d92545fcdba7492,5.1.0,E0.2,pendiente,ok,sesion,1,1,2026-09-09T03:38:17.310102+00:00
23,2026-09-08,2026-09-08,2026-09-09T03:38:17.156824+00:00,2026-09-08T20:00:00+00:00,XNYS,2026-09-09,2026-09-09T13:30:00+00:00,SMH,nada,0,0,573.72998046875,-4.869957823695081,-16.171091232511102,6.431175585120942,"sorteo sin información (contabilidad.senales_sin_informacion, semilla 20260906, desde 2023-09-05): prueba de maquinaria, no track record",conservador,500.0,0.2.0-PROPUESTA,señal -4.87 pp bajo el umbral +1.35 pp,2026-09-08,2026-09-08T20:00:00+00:00,89a5e296366cb56e4a24363effeb69ebe0cffae1b8dafe20d2a39e660e408fd3,ext_2026-09-08.csv,69ca7283ae18fd37736827e1b19a79d3557e2e8177dbfd05c9685be22502402b,125a8602a684939576278093b306add6a6fa7a0157389f71a5c0029455ab9ba0,93db9b70dc708b67cf3584775800e9450e91f71fdb2846155d92545fcdba7492,5.1.0,E0.2,pendiente,ok,sesion,1,1,2026-09-09T03:38:17.310102+00:00
24,2026-09-08,2026-09-08,2026-09-09T03:38:17.156824+00:00,2026-09-08T20:00:00+00:00,XNYS,2026-09-09,2026-09-09T13:30:00+00:00,SNPS,nada,0,0,392.0299987792969,15.307212017997385,3.382415530077438,27.23200850591733,"sorteo sin información (contabilidad.senales_sin_informacion, semilla 20260906, desde 2023-09-05): prueba de maquinaria, no track record",conservador,500.0,0.2.0-PROPUESTA,una acción cuesta 392.03 USD y el margen disponible es 125.00 USD; el riel no compra fracciones,2026-09-08,2026-09-08T20:00:00+00:00,89a5e296366cb56e4a24363effeb69ebe0cffae1b8dafe20d2a39e660e408fd3,ext_2026-09-08.csv,69ca7283ae18fd37736827e1b19a79d3557e2e8177dbfd05c9685be22502402b,125a8602a684939576278093b306add6a6fa7a0157389f71a5c0029455ab9ba0,93db9b70dc708b67cf3584775800e9450e91f71fdb2846155d92545fcdba7492,5.1.0,E0.2,pendiente,ok,sesion,1,1,2026-09-09T03:38:17.310102+00:00
25,2026-09-08,2026-09-08,2026-09-09T03:38:17.156824+00:00,2026-09-08T20:00:00+00:00,XNYS,2026-09-09,2026-09-09T13:30:00+00:00,SOXX,nada,0,0,528.4000244140625,3.555755000655747,-7.692339785281586,14.80384978659308,"sorteo sin información (contabilidad.senales_sin_informacion, semilla 20260906, desde 2023-09-05): prueba de maquinaria, no track record",conservador,500.0,0.2.0-PROPUESTA,"su intervalo [-7.69, +14.80] contiene el cero",2026-09-08,2026-09-08T20:00:00+00:00,89a5e296366cb56e4a24363effeb69ebe0cffae1b8dafe20d2a39e660e408fd3,ext_2026-09-08.csv,69ca7283ae18fd37736827e1b19a79d3557e2e8177dbfd05c9685be22502402b,125a8602a684939576278093b306add6a6fa7a0157389f71a5c0029455ab9ba0,93db9b70dc708b67cf3584775800e9450e91f71fdb2846155d92545fcdba7492,5.1.0,E0.2,pendiente,ok,sesion,1,1,2026-09-09T03:38:17.310102+00:00
26,2026-09-08,2026-09-08,2026-09-09T03:38:17.156824+00:00,2026-09-08T20:00:00+00:00,XNYS,2026-09-09,2026-09-09T13:30:00+00:00,TER,nada,0,0,372.05999755859375,4.48548885389215,-10.952679235890548,19.92365694367485,"sorteo sin información (contabilidad.senales_sin_informacion, semilla 20260906, desde 2023-09-05): prueba de maquinaria, no track record",conservador,500.0,0.2.0-PROPUESTA,"su intervalo [-10.95, +19.92] contiene el cero",2026-09-08,2026-09-08T20:00:00+00:00,89a5e296366cb56e4a24363effeb69ebe0cffae1b8dafe20d2a39e660e408fd3,ext_2026-09-08.csv,69ca7283ae18fd37736827e1b19a79d3557e2e8177dbfd05c9685be22502402b,125a8602a684939576278093b306add6a6fa7a0157389f71a5c0029455ab9ba0,93db9b70dc708b67cf3584775800e9450e91f71fdb2846155d92545fcdba7492,5.1.0,E0.2,pendiente,ok,sesion,1,1,2026-09-09T03:38:17.310102+00:00
27,2026-09-08,2026-09-08,2026-09-09T03:38:17.156824+00:00,2026-09-08T20:00:00+00:00,XNYS,2026-09-09,2026-09-09T13:30:00+00:00,TOELY,nada,0,0,177.27000427246094,-31.147530462210938,-45.94503555835284,-16.35002536606903,"sorteo sin información (contabilidad.senales_sin_informacion, semilla 20260906, desde 2023-09-05): prueba de maquinaria, no track record",conservador,500.0,0.2.0-PROPUESTA,señal -31.15 pp bajo el umbral +1.35 pp,2026-09-08,2026-09-08T20:00:00+00:00,89a5e296366cb56e4a24363effeb69ebe0cffae1b8dafe20d2a39e660e408fd3,ext_2026-09-08.csv,69ca7283ae18fd37736827e1b19a79d3557e2e8177dbfd05c9685be22502402b,125a8602a684939576278093b306add6a6fa7a0157389f71a5c0029455ab9ba0,93db9b70dc708b67cf3584775800e9450e91f71fdb2846155d92545fcdba7492,5.1.0,E0.2,pendiente,ok,sesion,1,1,2026-09-09T03:38:17.310102+00:00
28,2026-09-08,2026-09-08,2026-09-09T03:38:17.156824+00:00,2026-09-08T20:00:00+00:00,XNYS,2026-09-09,2026-09-09T13:30:00+00:00,TSEM,nada,0,0,219.82000732421875,-1.7556597517713102,-16.30478931318779,12.793469809645169,"sorteo sin información (contabilidad.senales_sin_informacion, semilla 20260906, desde 2023-09-05): prueba de maquinaria, no track record",conservador,500.0,0.2.0-PROPUESTA,señal -1.76 pp bajo el umbral +1.35 pp,2026-09-08,2026-09-08T20:00:00+00:00,89a5e296366cb56e4a24363effeb69ebe0cffae1b8dafe20d2a39e660e408fd3,ext_2026-09-08.csv,69ca7283ae18fd37736827e1b19a79d3557e2e8177dbfd05c9685be22502402b,125a8602a684939576278093b306add6a6fa7a0157389f71a5c0029455ab9ba0,93db9b70dc708b67cf3584775800e9450e91f71fdb2846155d92545fcdba7492,5.1.0,E0.2,pendiente,ok,sesion,1,1,2026-09-09T03:38:17.310102+00:00
29,2026-09-08,2026-09-08,2026-09-09T03:38:17.156824+00:00,2026-09-08T20:00:00+00:00,XNYS,2026-09-09,2026-09-09T13:30:00+00:00,TSM,nada,0,0,439.0,-3.7144860094832977,-16.762782947548985,9.333810928582391,"sorteo sin información (contabilidad.senales_sin_informacion, semilla 20260906, desde 2023-09-05): prueba de maquinaria, no track record",conservador,500.0,0.2.0-PROPUESTA,señal -3.71 pp bajo el umbral +1.35 pp,2026-09-08,2026-09-08T20:00:00+00:00,89a5e296366cb56e4a24363effeb69ebe0cffae1b8dafe20d2a39e660e408fd3,ext_2026-09-08.csv,69ca7283ae18fd37736827e1b19a79d3557e2e8177dbfd05c9685be22502402b,125a8602a684939576278093b306add6a6fa7a0157389f71a5c0029455ab9ba0,93db9b70dc708b67cf3584775800e9450e91f71fdb2846155d92545fcdba7492,5.1.0,E0.2,pendiente,ok,sesion,1,1,2026-09-09T03:38:17.310102+00:00
30,2026-09-08,2026-09-08,2026-09-09T03:38:17.156824+00:00,2026-09-08T20:00:00+00:00,XNYS,2026-09-09,2026-09-09T13:30:00+00:00,UMC,nada,0,0,21.81999969482422,-14.512085907116267,-31.705778765304032,2.6816069510714993,"sorteo sin información (contabilidad.senales_sin_informacion, semilla 20260906, desde 2023-09-05): prueba de maquinaria, no track record",conservador,500.0,0.2.0-PROPUESTA,señal -14.51 pp bajo el umbral +1.35 pp,2026-09-08,2026-09-08T20:00:00+00:00,89a5e296366cb56e4a24363effeb69ebe0cffae1b8dafe20d2a39e660e408fd3,ext_2026-09-08.csv,69ca7283ae18fd37736827e1b19a79d3557e2e8177dbfd05c9685be22502402b,125a8602a684939576278093b306add6a6fa7a0157389f71a5c0029455ab9ba0,93db9b70dc708b67cf3584775800e9450e91f71fdb2846155d92545fcdba7492,5.1.0,E0.2,pendiente,ok,sesion,1,1,2026-09-09T03:38:17.310102+00:00
31,2026-09-08,2026-09-08,2026-09-09T03:38:17.156824+00:00,2026-09-08T20:00:00+00:00,XNYS,2026-09-09,2026-09-09T13:30:00+00:00,VRT,nada,0,0,290.8299865722656,-1.167716504178462,-20.855929268269158,18.520496259912235,"sorteo sin información (contabilidad.senales_sin_informacion, semilla 20260906, desde 2023-09-05): prueba de maquinaria, no track record",conservador,500.0,0.2.0-PROPUESTA,señal -1.17 pp bajo el umbral +1.35 pp,2026-09-08,2026-09-08T20:00:00+00:00,89a5e296366cb56e4a24363effeb69ebe0cffae1b8dafe20d2a39e660e408fd3,ext_2026-09-08.csv,69ca7283ae18fd37736827e1b19a79d3557e2e8177dbfd05c9685be22502402b,125a8602a684939576278093b306add6a6fa7a0157389f71a5c0029455ab9ba0,93db9b70dc708b67cf3584775800e9450e91f71fdb2846155d92545fcdba7492,5.1.0,E0.2,pendiente,ok,sesion,1,1,2026-09-09T03:38:17.310102+00:00
32,2026-09-08,2026-09-08,2026-09-09T03:38:17.156824+00:00,2026-09-08T20:00:00+00:00,XNYS,2026-09-09,2026-09-09T13:30:00+00:00,WDC,nada,0,0,477.2999877929688,-7.347590585322761,-26.230631254808983,11.535450084163463,"sorteo sin información (contabilidad.senales_sin_informacion, semilla 20260906, desde 2023-09-05): prueba de maquinaria, no track record",conservador,500.0,0.2.0-PROPUESTA,señal -7.35 pp bajo el umbral +1.35 pp,2026-09-08,2026-09-08T20:00:00+00:00,89a5e296366cb56e4a24363effeb69ebe0cffae1b8dafe20d2a39e660e408fd3,ext_2026-09-08.csv,69ca7283ae18fd37736827e1b19a79d3557e2e8177dbfd05c9685be22502402b,125a8602a684939576278093b306add6a6fa7a0157389f71a5c0029455ab9ba0,93db9b70dc708b67cf3584775800e9450e91f71fdb2846155d92545fcdba7492,5.1.0,E0.2,pendiente,ok,sesion,1,1,2026-09-09T03:38:17.310102+00:00
33,2026-09-08,2026-09-08,2026-09-09T03:38:17.156824+00:00,2026-09-08T20:00:00+00:00,XNYS,2026-09-09,2026-09-09T13:30:00+00:00,XSD,nada,0,0,495.9800109863281,3.3152328249727914,-8.901813453481733,15.532279103427314,"sorteo sin información (contabilidad.senales_sin_informacion, semilla 20260906, desde 2023-09-05): prueba de maquinaria, no track record",conservador,500.0,0.2.0-PROPUESTA,"su intervalo [-8.90, +15.53] contiene el cero",2026-09-08,2026-09-08T20:00:00+00:00,89a5e296366cb56e4a24363effeb69ebe0cffae1b8dafe20d2a39e660e408fd3,ext_2026-09-08.csv,69ca7283ae18fd37736827e1b19a79d3557e2e8177dbfd05c9685be22502402b,125a8602a684939576278093b306add6a6fa7a0157389f71a5c0029455ab9ba0,93db9b70dc708b67cf3584775800e9450e91f71fdb2846155d92545fcdba7492,5.1.0,E0.2,pendiente,ok,sesion,1,1,2026-09-09T03:38:17.310102+00:00
34,2026-09-09,2026-09-09,2026-09-10T00:00:04.881124+00:00,2026-09-09T20:00:00+00:00,XNYS,2026-09-10,2026-09-10T13:30:00+00:00,AMAT,nada,0,0,,-3.7044384011424625,-18.356053575377018,10.947176773092094,"sorteo sin información (contabilidad.senales_sin_informacion, semilla 20260906, desde 2023-09-05): prueba de maquinaria, no track record",conservador,500.0,0.2.0-PROPUESTA,sin dato en el insumo para la sesión 2026-09-09 (último cierre: 2026-09-08),2026-09-08,2026-09-08T20:00:00+00:00,126e4f2c769bae8c8a25a24b0afa55dd69196ccd45ceb50534de8920e45a57ca,ext_2026-09-09.csv,69ca7283ae18fd37736827e1b19a79d3557e2e8177dbfd05c9685be22502402b,125a8602a684939576278093b306add6a6fa7a0157389f71a5c0029455ab9ba0,93db9b70dc708b67cf3584775800e9450e91f71fdb2846155d92545fcdba7492,5.1.0,E0.2,insumo_incompleto,ok,sesion,0,0,2026-09-10T00:00:05.031071+00:00
35,2026-09-09,2026-09-09,2026-09-10T00:00:04.881124+00:00,2026-09-09T20:00:00+00:00,XNYS,2026-09-10,2026-09-10T13:30:00+00:00,AMD,nada,0,0,,19.148932046299393,-0.4710472019756189,38.76891129457441,"sorteo sin información (contabilidad.senales_sin_informacion, semilla 20260906, desde 2023-09-05): prueba de maquinaria, no track record",conservador,500.0,0.2.0-PROPUESTA,sin dato en el insumo para la sesión 2026-09-09 (último cierre: 2026-09-08),2026-09-08,2026-09-08T20:00:00+00:00,126e4f2c769bae8c8a25a24b0afa55dd69196ccd45ceb50534de8920e45a57ca,ext_2026-09-09.csv,69ca7283ae18fd37736827e1b19a79d3557e2e8177dbfd05c9685be22502402b,125a8602a684939576278093b306add6a6fa7a0157389f71a5c0029455ab9ba0,93db9b70dc708b67cf3584775800e9450e91f71fdb2846155d92545fcdba7492,5.1.0,E0.2,insumo_incompleto,ok,sesion,0,0,2026-09-10T00:00:05.031071+00:00
36,2026-09-09,2026-09-09,2026-09-10T00:00:04.881124+00:00,2026-09-09T20:00:00+00:00,XNYS,2026-09-10,2026-09-10T13:30:00+00:00,AMKR,nada,0,0,,-0.2757673921454873,-19.574840841122626,19.023306056831654,"sorteo sin información (contabilidad.senales_sin_informacion, semilla 20260906, desde 2023-09-05): prueba de maquinaria, no track record",conservador,500.0,0.2.0-PROPUESTA,sin dato en el insumo para la sesión 2026-09-09 (último cierre: 2026-09-08),2026-09-08,2026-09-08T20:00:00+00:00,126e4f2c769bae8c8a25a24b0afa55dd69196ccd45ceb50534de8920e45a57ca,ext_2026-09-09.csv,69ca7283ae18fd37736827e1b19a79d3557e2e8177dbfd05c9685be22502402b,125a8602a684939576278093b306add6a6fa7a0157389f71a5c0029455ab9ba0,93db9b70dc708b67cf3584775800e9450e91f71fdb2846155d92545fcdba7492,5.1.0,E0.2,insumo_incompleto,ok,sesion,0,0,2026-09-10T00:00:05.031071+00:00
37,2026-09-09,2026-09-09,2026-09-10T00:00:04.881124+00:00,2026-09-09T20:00:00+00:00,XNYS,2026-09-10,2026-09-10T13:30:00+00:00,AMZN,nada,0,0,,2.280827642181138,-10.071858520042106,14.633513804404384,"sorteo sin información (contabilidad.senales_sin_informacion, semilla 20260906, desde 2023-09-05): prueba de maquinaria, no track record",conservador,500.0,0.2.0-PROPUESTA,sin dato en el insumo para la sesión 2026-09-09 (último cierre: 2026-09-08),2026-09-08,2026-09-08T20:00:00+00:00,126e4f2c769bae8c8a25a24b0afa55dd69196ccd45ceb50534de8920e45a57ca,ext_2026-09-09.csv,69ca7283ae18fd37736827e1b19a79d3557e2e8177dbfd05c9685be22502402b,125a8602a684939576278093b306add6a6fa7a0157389f71a5c0029455ab9ba0,93db9b70dc708b67cf3584775800e9450e91f71fdb2846155d92545fcdba7492,5.1.0,E0.2,insumo_incompleto,ok,sesion,0,0,2026-09-10T00:00:05.031071+00:00
38,2026-09-09,2026-09-09,2026-09-10T00:00:04.881124+00:00,2026-09-09T20:00:00+00:00,XNYS,2026-09-10,2026-09-10T13:30:00+00:00,ASX,nada,0,0,,18.928573499706157,5.065711036820842,32.79143596259147,"sorteo sin información (contabilidad.senales_sin_informacion, semilla 20260906, desde 2023-09-05): prueba de maquinaria, no track record",conservador,500.0,0.2.0-PROPUESTA,sin dato en el insumo para la sesión 2026-09-09 (último cierre: 2026-09-08),2026-09-08,2026-09-08T20:00:00+00:00,126e4f2c769bae8c8a25a24b0afa55dd69196ccd45ceb50534de8920e45a57ca,ext_2026-09-09.csv,69ca7283ae18fd37736827e1b19a79d3557e2e8177dbfd05c9685be22502402b,125a8602a684939576278093b306add6a6fa7a0157389f71a5c0029455ab9ba0,93db9b70dc708b67cf3584775800e9450e91f71fdb2846155d92545fcdba7492,5.1.0,E0.2,insumo_incompleto,ok,sesion,0,0,2026-09-10T00:00:05.031071+00:00
39,2026-09-09,2026-09-09,2026-09-10T00:00:04.881124+00:00,2026-09-09T20:00:00+00:00,XNYS,2026-09-10,2026-09-10T13:30:00+00:00,AVGO,nada,0,0,,7.2644655613722575,-4.548438038733525,19.07736916147804,"sorteo sin información (contabilidad.senales_sin_informacion, semilla 20260906, desde 2023-09-05): prueba de maquinaria, no track record",conservador,500.0,0.2.0-PROPUESTA,sin dato en el insumo para la sesión 2026-09-09 (último cierre: 2026-09-08),2026-09-08,2026-09-08T20:00:00+00:00,126e4f2c769bae8c8a25a24b0afa55dd69196ccd45ceb50534de8920e45a57ca,ext_2026-09-09.csv,69ca7283ae18fd37736827e1b19a79d3557e2e8177dbfd05c9685be22502402b,125a8602a684939576278093b306add6a6fa7a0157389f71a5c0029455ab9ba0,93db9b70dc708b67cf3584775800e9450e91f71fdb2846155d92545fcdba7492,5.1.0,E0.2,insumo_incompleto,ok,sesion,0,0,2026-09-10T00:00:05.031071+00:00
40,2026-09-09,2026-09-09,2026-09-10T00:00:04.881124+00:00,2026-09-09T20:00:00+00:00,XNYS,2026-09-10,2026-09-10T13:30:00+00:00,CDNS,nada,0,0,,7.8732458748679734,-4.2480752089518115,19.99456695868776,"sorteo sin información (contabilidad.senales_sin_informacion, semilla 20260906, desde 2023-09-05): prueba de maquinaria, no track record",conservador,500.0,0.2.0-PROPUESTA,sin dato en el insumo para la sesión 2026-09-09 (último cierre: 2026-09-08),2026-09-08,2026-09-08T20:00:00+00:00,126e4f2c769bae8c8a25a24b0afa55dd69196ccd45ceb50534de8920e45a57ca,ext_2026-09-09.csv,69ca7283ae18fd37736827e1b19a79d3557e2e8177dbfd05c9685be22502402b,125a8602a684939576278093b306add6a6fa7a0157389f71a5c0029455ab9ba0,93db9b70dc708b67cf3584775800e9450e91f71fdb2846155d92545fcdba7492,5.1.0,E0.2,insumo_incompleto,ok,sesion,0,0,2026-09-10T00:00:05.031071+00:00
41,2026-09-09,2026-09-09,2026-09-10T00:00:04.881124+00:00,2026-09-09T20:00:00+00:00,XNYS,2026-09-10,2026-09-10T13:30:00+00:00,ENTG,nada,0,0,,-2.6040819193859477,-17.18853372255259,11.980369883780698,"sorteo sin información (contabilidad.senales_sin_informacion, semilla 20260906, desde 2023-09-05): prueba de maquinaria, no track record",conservador,500.0,0.2.0-PROPUESTA,sin dato en el insumo para la sesión 2026-09-09 (último cierre: 2026-09-08),2026-09-08,2026-09-08T20:00:00+00:00,126e4f2c769bae8c8a25a24b0afa55dd69196ccd45ceb50534de8920e45a57ca,ext_2026-09-09.csv,69ca7283ae18fd37736827e1b19a79d3557e2e8177dbfd05c9685be22502402b,125a8602a684939576278093b306add6a6fa7a0157389f71a5c0029455ab9ba0,93db9b70dc708b67cf3584775800e9450e91f71fdb2846155d92545fcdba7492,5.1.0,E0.2,insumo_incompleto,ok,sesion,0,0,2026-09-10T00:00:05.031071+00:00
42,2026-09-09,2026-09-09,2026-09-10T00:00:04.881124+00:00,2026-09-09T20:00:00+00:00,XNYS,2026-09-10,2026-09-10T13:30:00+00:00,GFS,nada,0,0,,31.833125797689377,11.321497267541272,52.34475432783748,"sorteo sin información (contabilidad.senales_sin_informacion, semilla 20260906, desde 2023-09-05): prueba de maquinaria, no track record",conservador,500.0,0.2.0-PROPUESTA,sin dato en el insumo para la sesión 2026-09-09 (último cierre: 2026-09-08),2026-09-08,2026-09-08T20:00:00+00:00,126e4f2c769bae8c8a25a24b0afa55dd69196ccd45ceb50534de8920e45a57ca,ext_2026-09-09.csv,69ca7283ae18fd37736827e1b19a79d3557e2e8177dbfd05c9685be22502402b,125a8602a684939576278093b306add6a6fa7a0157389f71a5c0029455ab9ba0,93db9b70dc708b67cf3584775800e9450e91f71fdb2846155d92545fcdba7492,5.1.0,E0.2,insumo_incompleto,ok,sesion,0,0,2026-09-10T00:00:05.031071+00:00
43,2026-09-09,2026-09-09,2026-09-10T00:00:04.881124+00:00,2026-09-09T20:00:00+00:00,XNYS,2026-09-10,2026-09-10T13:30:00+00:00,GOOGL,nada,0,0,,-2.0364911118022855,-12.027797420994919,7.954815197390347,"sorteo sin información (contabilidad.senales_sin_informacion, semilla 20260906, desde 2023-09-05): prueba de maquinaria, no track record",conservador,500.0,0.2.0-PROPUESTA,sin dato en el insumo para la sesión 2026-09-09 (último cierre: 2026-09-08),2026-09-08,2026-09-08T20:00:00+00:00,126e4f2c769bae8c8a25a24b0afa55dd69196ccd45ceb50534de8920e45a57ca,ext_2026-09-09.csv,69ca7283ae18fd37736827e1b19a79d3557e2e8177dbfd05c9685be22502402b,125a8602a684939576278093b306add6a6fa7a0157389f71a5c0029455ab9ba0,93db9b70dc708b67cf3584775800e9450e91f71fdb2846155d92545fcdba7492,5.1.0,E0.2,insumo_incompleto,ok,sesion,0,0,2026-09-10T00:00:05.031071+00:00
44,2026-09-09,2026-09-09,2026-09-10T00:00:04.881124+00:00,2026-09-09T20:00:00+00:00,XNYS,2026-09-10,2026-09-10T13:30:00+00:00,GSM,nada,0,0,,-23.99999178737514,-63.44133374899695,15.441350174246676,"sorteo sin información (contabilidad.senales_sin_informacion, semilla 20260906, desde 2023-09-05): prueba de maquinaria, no track record",conservador,500.0,0.2.0-PROPUESTA,sin dato en el insumo para la sesión 2026-09-09 (último cierre: 2026-09-08),2026-09-08,2026-09-08T20:00:00+00:00,126e4f2c769bae8c8a25a24b0afa55dd69196ccd45ceb50534de8920e45a57ca,ext_2026-09-09.csv,69ca7283ae18fd37736827e1b19a79d3557e2e8177dbfd05c9685be22502402b,125a8602a684939576278093b306add6a6fa7a0157389f71a5c0029455ab9ba0,93db9b70dc708b67cf3584775800e9450e91f71fdb2846155d92545fcdba7492,5.1.0,E0.2,insumo_incompleto,ok,sesion,0,0,2026-09-10T00:00:05.031071+00:00
45,2026-09-09,2026-09-09,2026-09-10T00:00:04.881124+00:00,2026-09-09T20:00:00+00:00,XNYS,2026-09-10,2026-09-10T13:30:00+00:00,INTC,nada,0,0,,-0.29690028478818187,-12.318746505400739,11.724945935824376,"sorteo sin información (contabilidad.senales_sin_informacion, semilla 20260906, desde 2023-09-05): prueba de maquinaria, no track record",conservador,500.0,0.2.0-PROPUESTA,sin dato en el insumo para la sesión 2026-09-09 (último cierre: 2026-09-08),2026-09-08,2026-09-08T20:00:00+00:00,126e4f2c769bae8c8a25a24b0afa55dd69196ccd45ceb50534de8920e45a57ca,ext_2026-09-09.csv,69ca7283ae18fd37736827e1b19a79d3557e2e8177dbfd05c9685be22502402b,125a8602a684939576278093b306add6a6fa7a0157389f71a5c0029455ab9ba0,93db9b70dc708b67cf3584775800e9450e91f71fdb2846155d92545fcdba7492,5.1.0,E0.2,insumo_incompleto,ok,sesion,0,0,2026-09-10T00:00:05.031071+00:00
46,2026-09-09,2026-09-09,2026-09-10T00:00:04.881124+00:00,2026-09-09T20:00:00+00:00,XNYS,2026-09-10,2026-09-10T13:30:00+00:00,KLAC,nada,0,0,,10.427840057454585,-3.3373336927698674,24.193013807679037,"sorteo sin información (contabilidad.senales_sin_informacion, semilla 20260906, desde 2023-09-05): prueba de maquinaria, no track record",conservador,500.0,0.2.0-PROPUESTA,sin dato en el insumo para la sesión 2026-09-09 (último cierre: 2026-09-08),2026-09-08,2026-09-08T20:00:00+00:00,126e4f2c769bae8c8a25a24b0afa55dd69196ccd45ceb50534de8920e45a57ca,ext_2026-09-09.csv,69ca7283ae18fd37736827e1b19a79d3557e2e8177dbfd05c9685be22502402b,125a8602a684939576278093b306add6a6fa7a0157389f71a5c0029455ab9ba0,93db9b70dc708b67cf3584775800e9450e91f71fdb2846155d92545fcdba7492,5.1.0,E0.2,insumo_incompleto,ok,sesion,0,0,2026-09-10T00:00:05.031071+00:00
47,2026-09-09,2026-09-09,2026-09-10T00:00:04.881124+00:00,2026-09-09T20:00:00+00:00,XNYS,2026-09-10,2026-09-10T13:30:00+00:00,LIN,nada,0,0,,-2.6799835210084777,-11.33537681589379,5.9754097738768355,"sorteo sin información (contabilidad.senales_sin_informacion, semilla 20260906, desde 2023-09-05): prueba de maquinaria, no track record",conservador,500.0,0.2.0-PROPUESTA,sin dato en el insumo para la sesión 2026-09-09 (último cierre: 2026-09-08),2026-09-08,2026-09-08T20:00:00+00:00,126e4f2c769bae8c8a25a24b0afa55dd69196ccd45ceb50534de8920e45a57ca,ext_2026-09-09.csv,69ca7283ae18fd37736827e1b19a79d3557e2e8177dbfd05c9685be22502402b,125a8602a684939576278093b306add6a6fa7a0157389f71a5c0029455ab9ba0,93db9b70dc708b67cf3584775800e9450e91f71fdb2846155d92545fcdba7492,5.1.0,E0.2,insumo_incompleto,ok,sesion,0,0,2026-09-10T00:00:05.031071+00:00
48,2026-09-09,2026-09-09,2026-09-10T00:00:04.881124+00:00,2026-09-09T20:00:00+00:00,XNYS,2026-09-10,2026-09-10T13:30:00+00:00,LRCX,nada,0,0,,-3.7399433542137595,-19.236944789040354,11.757058080612836,"sorteo sin información (contabilidad.senales_sin_informacion, semilla 20260906, desde 2023-09-05): prueba de maquinaria, no track record",conservador,500.0,0.2.0-PROPUESTA,sin dato en el insumo para la sesión 2026-09-09 (último cierre: 2026-09-08),2026-09-08,2026-09-08T20:00:00+00:00,126e4f2c769bae8c8a25a24b0afa55dd69196ccd45ceb50534de8920e45a57ca,ext_2026-09-09.csv,69ca7283ae18fd37736827e1b19a79d3557e2e8177dbfd05c9685be22502402b,125a8602a684939576278093b306add6a6fa7a0157389f71a5c0029455ab9ba0,93db9b70dc708b67cf3584775800e9450e91f71fdb2846155d92545fcdba7492,5.1.0,E0.2,insumo_incompleto,ok,sesion,0,0,2026-09-10T00:00:05.031071+00:00
49,2026-09-09,2026-09-09,2026-09-10T00:00:04.881124+00:00,2026-09-09T20:00:00+00:00,XNYS,2026-09-10,2026-09-10T13:30:00+00:00,META,nada,0,0,,19.040922617058854,4.21479361732934,33.867051616788366,"sorteo sin información (contabilidad.senales_sin_informacion, semilla 20260906, desde 2023-09-05): prueba de maquinaria, no track record",conservador,500.0,0.2.0-PROPUESTA,sin dato en el insumo para la sesión 2026-09-09 (último cierre: 2026-09-08),2026-09-08,2026-09-08T20:00:00+00:00,126e4f2c769bae8c8a25a24b0afa55dd69196ccd45ceb50534de8920e45a57ca,ext_2026-09-09.csv,69ca7283ae18fd37736827e1b19a79d3557e2e8177dbfd05c9685be22502402b,125a8602a684939576278093b306add6a6fa7a0157389f71a5c0029455ab9ba0,93db9b70dc708b67cf3584775800e9450e91f71fdb2846155d92545fcdba7492,5.1.0,E0.2,insumo_incompleto,ok,sesion,0,0,2026-09-10T00:00:05.031071+00:00
50,2026-09-09,2026-09-09,2026-09-10T00:00:04.881124+00:00,2026-09-09T20:00:00+00:00,XNYS,2026-09-10,2026-09-10T13:30:00+00:00,MKSI,nada,0,0,,2.8590165814361246,-12.865744767621146,18.583777930493397,"sorteo sin información (contabilidad.senales_sin_informacion, semilla 20260906, desde 2023-09-05): prueba de maquinaria, no track record",conservador,500.0,0.2.0-PROPUESTA,sin dato en el insumo para la sesión 2026-09-09 (último cierre: 2026-09-08),2026-09-08,2026-09-08T20:00:00+00:00,126e4f2c769bae8c8a25a24b0afa55dd69196ccd45ceb50534de8920e45a57ca,ext_2026-09-09.csv,69ca7283ae18fd37736827e1b19a79d3557e2e8177dbfd05c9685be22502402b,125a8602a684939576278093b306add6a6fa7a0157389f71a5c0029455ab9ba0,93db9b70dc708b67cf3584775800e9450e91f71fdb2846155d92545fcdba7492,5.1.0,E0.2,insumo_incompleto,ok,sesion,0,0,2026-09-10T00:00:05.031071+00:00
51,2026-09-09,2026-09-09,2026-09-10T00:00:04.881124+00:00,2026-09-09T20:00:00+00:00,XNYS,2026-09-10,2026-09-10T13:30:00+00:00,MSFT,nada,0,0,,-0.5102482932340391,-9.268337891444189,8.247841304976111,"sorteo sin información (contabilidad.senales_sin_informacion, semilla 20260906, desde 2023-09-05): prueba de maquinaria, no track record",conservador,500.0,0.2.0-PROPUESTA,sin dato en el insumo para la sesión 2026-09-09 (último cierre: 2026-09-08),2026-09-08,2026-09-08T20:00:00+00:00,126e4f2c769bae8c8a25a24b0afa55dd69196ccd45ceb50534de8920e45a57ca,ext_2026-09-09.csv,69ca7283ae18fd37736827e1b19a79d3557e2e8177dbfd05c9685be22502402b,125a8602a684939576278093b306add6a6fa7a0157389f71a5c0029455ab9ba0,93db9b70dc708b67cf3584775800e9450e91f71fdb2846155d92545fcdba7492,5.1.0,E0.2,insumo_incompleto,ok,sesion,0,0,2026-09-10T00:00:05.031071+00:00
52,2026-09-09,2026-09-09,2026-09-10T00:00:04.881124+00:00,2026-09-09T20:00:00+00:00,XNYS,2026-09-10,2026-09-10T13:30:00+00:00,MU,nada,0,0,,-19.239916553543512,-34.19199529912713,-4.2878378079598995,"sorteo sin información (contabilidad.senales_sin_informacion, semilla 20260906, desde 2023-09-05): prueba de maquinaria, no track record",conservador,500.0,0.2.0-PROPUESTA,sin dato en el insumo para la sesión 2026-09-09 (último cierre: 2026-09-08),2026-09-08,2026-09-08T20:00:00+00:00,126e4f2c769bae8c8a25a24b0afa55dd69196ccd45ceb50534de8920e45a57ca,ext_2026-09-09.csv,69ca7283ae18fd37736827e1b19a79d3557e2e8177dbfd05c9685be22502402b,125a8602a684939576278093b306add6a6fa7a0157389f71a5c0029455ab9ba0,93db9b70dc708b67cf3584775800e9450e91f71fdb2846155d92545fcdba7492,5.1.0,E0.2,insumo_incompleto,ok,sesion,0,0,2026-09-10T00:00:05.031071+00:00
53,2026-09-09,2026-09-09,2026-09-10T00:00:04.881124+00:00,2026-09-09T20:00:00+00:00,XNYS,2026-09-10,2026-09-10T13:30:00+00:00,NVDA,nada,0,0,,-6.601628071408627,-26.06703936433907,12.863783221521818,"sorteo sin información (contabilidad.senales_sin_informacion, semilla 20260906, desde 2023-09-05): prueba de maquinaria, no track record",conservador,500.0,0.2.0-PROPUESTA,sin dato en el insumo para la sesión 2026-09-09 (último cierre: 2026-09-08),2026-09-08,2026-09-08T20:00:00+00:00,126e4f2c769bae8c8a25a24b0afa55dd69196ccd45ceb50534de8920e45a57ca,ext_2026-09-09.csv,69ca7283ae18fd37736827e1b19a79d3557e2e8177dbfd05c9685be22502402b,125a8602a684939576278093b306add6a6fa7a0157389f71a5c0029455ab9ba0,93db9b70dc708b67cf3584775800e9450e91f71fdb2846155d92545fcdba7492,5.1.0,E0.2,insumo_incompleto,ok,sesion,0,0,2026-09-10T00:00:05.031071+00:00
54,2026-09-09,2026-09-09,2026-09-10T00:00:04.881124+00:00,2026-09-09T20:00:00+00:00,XNYS,2026-09-10,2026-09-10T13:30:00+00:00,QCOM,nada,0,0,,3.8662462143266962,-11.632712189618125,19.36520461827152,"sorteo sin información (contabilidad.senales_sin_informacion, semilla 20260906, desde 2023-09-05): prueba de maquinaria, no track record",conservador,500.0,0.2.0-PROPUESTA,sin dato en el insumo para la sesión 2026-09-09 (último cierre: 2026-09-08),2026-09-08,2026-09-08T20:00:00+00:00,126e4f2c769bae8c8a25a24b0afa55dd69196ccd45ceb50534de8920e45a57ca,ext_2026-09-09.csv,69ca7283ae18fd37736827e1b19a79d3557e2e8177dbfd05c9685be22502402b,125a8602a684939576278093b306add6a6fa7a0157389f71a5c0029455ab9ba0,93db9b70dc708b67cf3584775800e9450e91f71fdb2846155d92545fcdba7492,5.1.0,E0.2,insumo_incompleto,ok,sesion,0,0,2026-09-10T00:00:05.031071+00:00
55,2026-09-09,2026-09-09,2026-09-10T00:00:04.881124+00:00,2026-09-09T20:00:00+00:00,XNYS,2026-09-10,2026-09-10T13:30:00+00:00,SHECY,nada,0,0,18.600000381469727,-4.3673905741340775,-15.611623356922406,6.876842208654251,"sorteo sin información (contabilidad.senales_sin_informacion, semilla 20260906, desde 2023-09-05): prueba de maquinaria, no track record",conservador,500.0,0.2.0-PROPUESTA,señal -4.37 pp bajo el umbral +1.35 pp,2026-09-09,2026-09-09T20:00:00+00:00,126e4f2c769bae8c8a25a24b0afa55dd69196ccd45ceb50534de8920e45a57ca,ext_2026-09-09.csv,69ca7283ae18fd37736827e1b19a79d3557e2e8177dbfd05c9685be22502402b,125a8602a684939576278093b306add6a6fa7a0157389f71a5c0029455ab9ba0,93db9b70dc708b67cf3584775800e9450e91f71fdb2846155d92545fcdba7492,5.1.0,E0.2,insumo_incompleto,ok,sesion,0,0,2026-09-10T00:00:05.031071+00:00
56,2026-09-09,2026-09-09,2026-09-10T00:00:04.881124+00:00,2026-09-09T20:00:00+00:00,XNYS,2026-09-10,2026-09-10T13:30:00+00:00,SMH,nada,0,0,,8.074329960390525,-3.226803448425498,19.37546336920655,"sorteo sin información (contabilidad.senales_sin_informacion, semilla 20260906, desde 2023-09-05): prueba de maquinaria, no track record",conservador,500.0,0.2.0-PROPUESTA,sin dato en el insumo para la sesión 2026-09-09 (último cierre: 2026-09-08),2026-09-08,2026-09-08T20:00:00+00:00,126e4f2c769bae8c8a25a24b0afa55dd69196ccd45ceb50534de8920e45a57ca,ext_2026-09-09.csv,69ca7283ae18fd37736827e1b19a79d3557e2e8177dbfd05c9685be22502402b,125a8602a684939576278093b306add6a6fa7a0157389f71a5c0029455ab9ba0,93db9b70dc708b67cf3584775800e9450e91f71fdb2846155d92545fcdba7492,5.1.0,E0.2,insumo_incompleto,ok,sesion,0,0,2026-09-10T00:00:05.031071+00:00
57,2026-09-09,2026-09-09,2026-09-10T00:00:04.881124+00:00,2026-09-09T20:00:00+00:00,XNYS,2026-09-10,2026-09-10T13:30:00+00:00,SNPS,nada,0,0,,3.026931357860585,-8.897865130059362,14.951727845780532,"sorteo sin información (contabilidad.senales_sin_informacion, semilla 20260906, desde 2023-09-05): prueba de maquinaria, no track record",conservador,500.0,0.2.0-PROPUESTA,sin dato en el insumo para la sesión 2026-09-09 (último cierre: 2026-09-08),2026-09-08,2026-09-08T20:00:00+00:00,126e4f2c769bae8c8a25a24b0afa55dd69196ccd45ceb50534de8920e45a57ca,ext_2026-09-09.csv,69ca7283ae18fd37736827e1b19a79d3557e2e8177dbfd05c9685be22502402b,125a8602a684939576278093b306add6a6fa7a0157389f71a5c0029455ab9ba0,93db9b70dc708b67cf3584775800e9450e91f71fdb2846155d92545fcdba7492,5.1.0,E0.2,insumo_incompleto,ok,sesion,0,0,2026-09-10T00:00:05.031071+00:00
58,2026-09-09,2026-09-09,2026-09-10T00:00:04.881124+00:00,2026-09-09T20:00:00+00:00,XNYS,2026-09-10,2026-09-10T13:30:00+00:00,SOXX,nada,0,0,,5.977055568332301,-5.271039217605032,17.225150354269633,"sorteo sin información (contabilidad.senales_sin_informacion, semilla 20260906, desde 2023-09-05): prueba de maquinaria, no track record",conservador,500.0,0.2.0-PROPUESTA,sin dato en el insumo para la sesión 2026-09-09 (último cierre: 2026-09-08),2026-09-08,2026-09-08T20:00:00+00:00,126e4f2c769bae8c8a25a24b0afa55dd69196ccd45ceb50534de8920e45a57ca,ext_2026-09-09.csv,69ca7283ae18fd37736827e1b19a79d3557e2e8177dbfd05c9685be22502402b,125a8602a684939576278093b306add6a6fa7a0157389f71a5c0029455ab9ba0,93db9b70dc708b67cf3584775800e9450e91f71fdb2846155d92545fcdba7492,5.1.0,E0.2,insumo_incompleto,ok,sesion,0,0,2026-09-10T00:00:05.031071+00:00
59,2026-09-09,2026-09-09,2026-09-10T00:00:04.881124+00:00,2026-09-09T20:00:00+00:00,XNYS,2026-09-10,2026-09-10T13:30:00+00:00,TER,nada,0,0,,10.796455692506024,-4.641712397276674,26.234623782288722,"sorteo sin información (contabilidad.senales_sin_informacion, semilla 20260906, desde 2023-09-05): prueba de maquinaria, no track record",conservador,500.0,0.2.0-PROPUESTA,sin dato en el insumo para la sesión 2026-09-09 (último cierre: 2026-09-08),2026-09-08,2026-09-08T20:00:00+00:00,126e4f2c769bae8c8a25a24b0afa55dd69196ccd45ceb50534de8920e45a57ca,ext_2026-09-09.csv,69ca7283ae18fd37736827e1b19a79d3557e2e8177dbfd05c9685be22502402b,125a8602a684939576278093b306add6a6fa7a0157389f71a5c0029455ab9ba0,93db9b70dc708b67cf3584775800e9450e91f71fdb2846155d92545fcdba7492,5.1.0,E0.2,insumo_incompleto,ok,sesion,0,0,2026-09-10T00:00:05.031071+00:00
60,2026-09-09,2026-09-09,2026-09-10T00:00:04.881124+00:00,2026-09-09T20:00:00+00:00,XNYS,2026-09-10,2026-09-10T13:30:00+00:00,TOELY,nada,0,0,170.39999389648438,-15.349352172226737,-30.146857268368645,-0.5518470760848295,"sorteo sin información (contabilidad.senales_sin_informacion, semilla 20260906, desde 2023-09-05): prueba de maquinaria, no track record",conservador,500.0,0.2.0-PROPUESTA,señal -15.35 pp bajo el umbral +1.35 pp,2026-09-09,2026-09-09T20:00:00+00:00,126e4f2c769bae8c8a25a24b0afa55dd69196ccd45ceb50534de8920e45a57ca,ext_2026-09-09.csv,69ca7283ae18fd37736827e1b19a79d3557e2e8177dbfd05c9685be22502402b,125a8602a684939576278093b306add6a6fa7a0157389f71a5c0029455ab9ba0,93db9b70dc708b67cf3584775800e9450e91f71fdb2846155d92545fcdba7492,5.1.0,E0.2,insumo_incompleto,ok,sesion,0,0,2026-09-10T00:00:05.031071+00:00
61,2026-09-09,2026-09-09,2026-09-10T00:00:04.881124+00:00,2026-09-09T20:00:00+00:00,XNYS,2026-09-10,2026-09-10T13:30:00+00:00,TSEM,nada,0,0,,1.1929785299022333,-13.356151031514244,15.742108091318713,"sorteo sin información (contabilidad.senales_sin_informacion, semilla 20260906, desde 2023-09-05): prueba de maquinaria, no track record",conservador,500.0,0.2.0-PROPUESTA,sin dato en el insumo para la sesión 2026-09-09 (último cierre: 2026-09-08),2026-09-08,2026-09-08T20:00:00+00:00,126e4f2c769bae8c8a25a24b0afa55dd69196ccd45ceb50534de8920e45a57ca,ext_2026-09-09.csv,69ca7283ae18fd37736827e1b19a79d3557e2e8177dbfd05c9685be22502402b,125a8602a684939576278093b306add6a6fa7a0157389f71a5c0029455ab9ba0,93db9b70dc708b67cf3584775800e9450e91f71fdb2846155d92545fcdba7492,5.1.0,E0.2,insumo_incompleto,ok,sesion,0,0,2026-09-10T00:00:05.031071+00:00
62,2026-09-09,2026-09-09,2026-09-10T00:00:04.881124+00:00,2026-09-09T20:00:00+00:00,XNYS,2026-09-10,2026-09-10T13:30:00+00:00,TSM,nada,0,0,,8.924174961658359,-4.124121976407329,21.97247189972405,"sorteo sin información (contabilidad.senales_sin_informacion, semilla 20260906, desde 2023-09-05): prueba de maquinaria, no track record",conservador,500.0,0.2.0-PROPUESTA,sin dato en el insumo para la sesión 2026-09-09 (último cierre: 2026-09-08),2026-09-08,2026-09-08T20:00:00+00:00,126e4f2c769bae8c8a25a24b0afa55dd69196ccd45ceb50534de8920e45a57ca,ext_2026-09-09.csv,69ca7283ae18fd37736827e1b19a79d3557e2e8177dbfd05c9685be22502402b,125a8602a684939576278093b306add6a6fa7a0157389f71a5c0029455ab9ba0,93db9b70dc708b67cf3584775800e9450e91f71fdb2846155d92545fcdba7492,5.1.0,E0.2,insumo_incompleto,ok,sesion,0,0,2026-09-10T00:00:05.031071+00:00
63,2026-09-09,2026-09-09,2026-09-10T00:00:04.881124+00:00,2026-09-09T20:00:00+00:00,XNYS,2026-09-10,2026-09-10T13:30:00+00:00,UMC,nada,0,0,,5.378962330265558,-11.814730527922208,22.572655188453325,"sorteo sin información (contabilidad.senales_sin_informacion, semilla 20260906, desde 2023-09-05): prueba de maquinaria, no track record",conservador,500.0,0.2.0-PROPUESTA,sin dato en el insumo para la sesión 2026-09-09 (último cierre: 2026-09-08),2026-09-08,2026-09-08T20:00:00+00:00,126e4f2c769bae8c8a25a24b0afa55dd69196ccd45ceb50534de8920e45a57ca,ext_2026-09-09.csv,69ca7283ae18fd37736827e1b19a79d3557e2e8177dbfd05c9685be22502402b,125a8602a684939576278093b306add6a6fa7a0157389f71a5c0029455ab9ba0,93db9b70dc708b67cf3584775800e9450e91f71fdb2846155d92545fcdba7492,5.1.0,E0.2,insumo_incompleto,ok,sesion,0,0,2026-09-10T00:00:05.031071+00:00
64,2026-09-09,2026-09-09,2026-09-10T00:00:04.881124+00:00,2026-09-09T20:00:00+00:00,XNYS,2026-09-10,2026-09-10T13:30:00+00:00,VRT,nada,0,0,,0.2941095469237265,-19.394103217166972,19.98232231101442,"sorteo sin información (contabilidad.senales_sin_informacion, semilla 20260906, desde 2023-09-05): prueba de maquinaria, no track record",conservador,500.0,0.2.0-PROPUESTA,sin dato en el insumo para la sesión 2026-09-09 (último cierre: 2026-09-08),2026-09-08,2026-09-08T20:00:00+00:00,126e4f2c769bae8c8a25a24b0afa55dd69196ccd45ceb50534de8920e45a57ca,ext_2026-09-09.csv,69ca7283ae18fd37736827e1b19a79d3557e2e8177dbfd05c9685be22502402b,125a8602a684939576278093b306add6a6fa7a0157389f71a5c0029455ab9ba0,93db9b70dc708b67cf3584775800e9450e91f71fdb2846155d92545fcdba7492,5.1.0,E0.2,insumo_incompleto,ok,sesion,0,0,2026-09-10T00:00:05.031071+00:00
65,2026-09-09,2026-09-09,2026-09-10T00:00:04.881124+00:00,2026-09-09T20:00:00+00:00,XNYS,2026-09-10,2026-09-10T13:30:00+00:00,WDC,nada,0,0,,27.653236775635026,8.770196106148802,46.53627744512125,"sorteo sin información (contabilidad.senales_sin_informacion, semilla 20260906, desde 2023-09-05): prueba de maquinaria, no track record",conservador,500.0,0.2.0-PROPUESTA,sin dato en el insumo para la sesión 2026-09-09 (último cierre: 2026-09-08),2026-09-08,2026-09-08T20:00:00+00:00,126e4f2c769bae8c8a25a24b0afa55dd69196ccd45ceb50534de8920e45a57ca,ext_2026-09-09.csv,69ca7283ae18fd37736827e1b19a79d3557e2e8177dbfd05c9685be22502402b,125a8602a684939576278093b306add6a6fa7a0157389f71a5c0029455ab9ba0,93db9b70dc708b67cf3584775800e9450e91f71fdb2846155d92545fcdba7492,5.1.0,E0.2,insumo_incompleto,ok,sesion,0,0,2026-09-10T00:00:05.031071+00:00
66,2026-09-09,2026-09-09,2026-09-10T00:00:04.881124+00:00,2026-09-09T20:00:00+00:00,XNYS,2026-09-10,2026-09-10T13:30:00+00:00,XSD,nada,0,0,,-2.2479584645173634,-14.465004742971887,9.96908781393716,"sorteo sin información (contabilidad.senales_sin_informacion, semilla 20260906, desde 2023-09-05): prueba de maquinaria, no track record",conservador,500.0,0.2.0-PROPUESTA,sin dato en el insumo para la sesión 2026-09-09 (último cierre: 2026-09-08),2026-09-08,2026-09-08T20:00:00+00:00,126e4f2c769bae8c8a25a24b0afa55dd69196ccd45ceb50534de8920e45a57ca,ext_2026-09-09.csv,69ca7283ae18fd37736827e1b19a79d3557e2e8177dbfd05c9685be22502402b,125a8602a684939576278093b306add6a6fa7a0157389f71a5c0029455ab9ba0,93db9b70dc708b67cf3584775800e9450e91f71fdb2846155d92545fcdba7492,5.1.0,E0.2,insumo_incompleto,ok,sesion,0,0,2026-09-10T00:00:05.031071+00:00
67,2026-09-10,2026-09-10,2026-09-11T03:30:04.598884+00:00,2026-09-10T20:00:00+00:00,XNYS,2026-09-11,2026-09-11T13:30:00+00:00,AMAT,nada,0,0,454.010009765625,-10.38634794889407,-25.037963123128627,4.265267225340487,"sorteo sin información (contabilidad.senales_sin_informacion, semilla 20260906, desde 2023-09-05): prueba de maquinaria, no track record",conservador,500.0,0.2.0-PROPUESTA,señal -10.39 pp bajo el umbral +1.35 pp,2026-09-10,2026-09-10T20:00:00+00:00,3cc65546079c3a9dbcc3339a6d45e9637418ee51ae79458cc987dc47ee304d35,ext_2026-09-10.csv,69ca7283ae18fd37736827e1b19a79d3557e2e8177dbfd05c9685be22502402b,125a8602a684939576278093b306add6a6fa7a0157389f71a5c0029455ab9ba0,93db9b70dc708b67cf3584775800e9450e91f71fdb2846155d92545fcdba7492,5.1.0,E0.2,pendiente,ok,sesion,1,1,2026-09-11T03:30:04.775894+00:00
68,2026-09-10,2026-09-10,2026-09-11T03:30:04.598884+00:00,2026-09-10T20:00:00+00:00,XNYS,2026-09-11,2026-09-11T13:30:00+00:00,AMD,nada,0,0,503.6000061035156,18.974856088719072,-0.6451231595559399,38.59483533699408,"sorteo sin información (contabilidad.senales_sin_informacion, semilla 20260906, desde 2023-09-05): prueba de maquinaria, no track record",conservador,500.0,0.2.0-PROPUESTA,"su intervalo [-0.65, +38.59] contiene el cero",2026-09-10,2026-09-10T20:00:00+00:00,3cc65546079c3a9dbcc3339a6d45e9637418ee51ae79458cc987dc47ee304d35,ext_2026-09-10.csv,69ca7283ae18fd37736827e1b19a79d3557e2e8177dbfd05c9685be22502402b,125a8602a684939576278093b306add6a6fa7a0157389f71a5c0029455ab9ba0,93db9b70dc708b67cf3584775800e9450e91f71fdb2846155d92545fcdba7492,5.1.0,E0.2,pendiente,ok,sesion,1,1,2026-09-11T03:30:04.775894+00:00
69,2026-09-10,2026-09-10,2026-09-11T03:30:04.598884+00:00,2026-09-10T20:00:00+00:00,XNYS,2026-09-11,2026-09-11T13:30:00+00:00,AMKR,compra,2,0,49.52999877929688,47.53662794727174,28.2375544982946,66.83570139624888,"sorteo sin información (contabilidad.senales_sin_informacion, semilla 20260906, desde 2023-09-05): prueba de maquinaria, no track record",conservador,500.0,0.2.0-PROPUESTA,,2026-09-10,2026-09-10T20:00:00+00:00,3cc65546079c3a9dbcc3339a6d45e9637418ee51ae79458cc987dc47ee304d35,ext_2026-09-10.csv,69ca7283ae18fd37736827e1b19a79d3557e2e8177dbfd05c9685be22502402b,125a8602a684939576278093b306add6a6fa7a0157389f71a5c0029455ab9ba0,93db9b70dc708b67cf3584775800e9450e91f71fdb2846155d92545fcdba7492,5.1.0,E0.2,pendiente,ok,sesion,1,1,2026-09-11T03:30:04.775894+00:00
70,2026-09-10,2026-09-10,2026-09-11T03:30:04.598884+00:00,2026-09-10T20:00:00+00:00,XNYS,2026-09-11,2026-09-11T13:30:00+00:00,AMZN,nada,0,0,251.88999938964844,0.42848476873056374,-11.92420139349268,12.78117093095381,"sorteo sin información (contabilidad.senales_sin_informacion, semilla 20260906, desde 2023-09-05): prueba de maquinaria, no track record",conservador,500.0,0.2.0-PROPUESTA,señal +0.43 pp bajo el umbral +1.35 pp,2026-09-10,2026-09-10T20:00:00+00:00,3cc65546079c3a9dbcc3339a6d45e9637418ee51ae79458cc987dc47ee304d35,ext_2026-09-10.csv,69ca7283ae18fd37736827e1b19a79d3557e2e8177dbfd05c9685be22502402b,125a8602a684939576278093b306add6a6fa7a0157389f71a5c0029455ab9ba0,93db9b70dc708b67cf3584775800e9450e91f71fdb2846155d92545fcdba7492,5.1.0,E0.2,pendiente,ok,sesion,1,1,2026-09-11T03:30:04.775894+00:00
71,2026-09-10,2026-09-10,2026-09-11T03:30:04.598884+00:00,2026-09-10T20:00:00+00:00,XNYS,2026-09-11,2026-09-11T13:30:00+00:00,ASX,nada,0,0,39.86000061035156,2.7888397136780263,-11.07402274920729,16.65170217656334,"sorteo sin información (contabilidad.senales_sin_informacion, semilla 20260906, desde 2023-09-05): prueba de maquinaria, no track record",conservador,500.0,0.2.0-PROPUESTA,"su intervalo [-11.07, +16.65] contiene el cero",2026-09-10,2026-09-10T20:00:00+00:00,3cc65546079c3a9dbcc3339a6d45e9637418ee51ae79458cc987dc47ee304d35,ext_2026-09-10.csv,69ca7283ae18fd37736827e1b19a79d3557e2e8177dbfd05c9685be22502402b,125a8602a684939576278093b306add6a6fa7a0157389f71a5c0029455ab9ba0,93db9b70dc708b67cf3584775800e9450e91f71fdb2846155d92545fcdba7492,5.1.0,E0.2,pendiente,ok,sesion,1,1,2026-09-11T03:30:04.775894+00:00
72,2026-09-10,2026-09-10,2026-09-11T03:30:04.598884+00:00,2026-09-10T20:00:00+00:00,XNYS,2026-09-11,2026-09-11T13:30:00+00:00,AVGO,nada,0,0,360.8299865722656,2.4916000109918235,-9.32130358911396,14.304503611097605,"sorteo sin información (contabilidad.senales_sin_informacion, semilla 20260906, desde 2023-09-05): prueba de maquinaria, no track record",conservador,500.0,0.2.0-PROPUESTA,"su intervalo [-9.32, +14.30] contiene el cero",2026-09-10,2026-09-10T20:00:00+00:00,3cc65546079c3a9dbcc3339a6d45e9637418ee51ae79458cc987dc47ee304d35,ext_2026-09-10.csv,69ca7283ae18fd37736827e1b19a79d3557e2e8177dbfd05c9685be22502402b,125a8602a684939576278093b306add6a6fa7a0157389f71a5c0029455ab9ba0,93db9b70dc708b67cf3584775800e9450e91f71fdb2846155d92545fcdba7492,5.1.0,E0.2,pendiente,ok,sesion,1,1,2026-09-11T03:30:04.775894+00:00
73,2026-09-10,2026-09-10,2026-09-11T03:30:04.598884+00:00,2026-09-10T20:00:00+00:00,XNYS,2026-09-11,2026-09-11T13:30:00+00:00,CDNS,nada,0,0,284.95001220703125,-3.3397733524650364,-15.46109443628482,8.781547731354749,"sorteo sin información (contabilidad.senales_sin_informacion, semilla 20260906, desde 2023-09-05): prueba de maquinaria, no track record",conservador,500.0,0.2.0-PROPUESTA,señal -3.34 pp bajo el umbral +1.35 pp,2026-09-10,2026-09-10T20:00:00+00:00,3cc65546079c3a9dbcc3339a6d45e9637418ee51ae79458cc987dc47ee304d35,ext_2026-09-10.csv,69ca7283ae18fd37736827e1b19a79d3557e2e8177dbfd05c9685be22502402b,125a8602a684939576278093b306add6a6fa7a0157389f71a5c0029455ab9ba0,93db9b70dc708b67cf3584775800e9450e91f71fdb2846155d92545fcdba7492,5.1.0,E0.2,pendiente,ok,sesion,1,1,2026-09-11T03:30:04.775894+00:00
74,2026-09-10,2026-09-10,2026-09-11T03:30:04.598884+00:00,2026-09-10T20:00:00+00:00,XNYS,2026-09-11,2026-09-11T13:30:00+00:00,ENTG,nada,0,0,137.39999389648438,3.1226490075973556,-11.461802795569291,17.707100810764,"sorteo sin información (contabilidad.senales_sin_informacion, semilla 20260906, desde 2023-09-05): prueba de maquinaria, no track record",conservador,500.0,0.2.0-PROPUESTA,"su intervalo [-11.46, +17.71] contiene el cero",2026-09-10,2026-09-10T20:00:00+00:00,3cc65546079c3a9dbcc3339a6d45e9637418ee51ae79458cc987dc47ee304d35,ext_2026-09-10.csv,69ca7283ae18fd37736827e1b19a79d3557e2e8177dbfd05c9685be22502402b,125a8602a684939576278093b306add6a6fa7a0157389f71a5c0029455ab9ba0,93db9b70dc708b67cf3584775800e9450e91f71fdb2846155d92545fcdba7492,5.1.0,E0.2,pendiente,ok,sesion,1,1,2026-09-11T03:30:04.775894+00:00
75,2026-09-10,2026-09-10,2026-09-11T03:30:04.598884+00:00,2026-09-10T20:00:00+00:00,XNYS,2026-09-11,2026-09-11T13:30:00+00:00,GFS,nada,0,0,45.959999084472656,27.34556160726209,6.833933077113986,47.8571901374102,"sorteo sin información (contabilidad.senales_sin_informacion, semilla 20260906, desde 2023-09-05): prueba de maquinaria, no track record",conservador,500.0,0.2.0-PROPUESTA,una acción cuesta 45.96 USD y el margen disponible es 25.59 USD; el riel no compra fracciones,2026-09-10,2026-09-10T20:00:00+00:00,3cc65546079c3a9dbcc3339a6d45e9637418ee51ae79458cc987dc47ee304d35,ext_2026-09-10.csv,69ca7283ae18fd37736827e1b19a79d3557e2e8177dbfd05c9685be22502402b,125a8602a684939576278093b306add6a6fa7a0157389f71a5c0029455ab9ba0,93db9b70dc708b67cf3584775800e9450e91f71fdb2846155d92545fcdba7492,5.1.0,E0.2,pendiente,ok,sesion,1,1,2026-09-11T03:30:04.775894+00:00
76,2026-09-10,2026-09-10,2026-09-11T03:30:04.598884+00:00,2026-09-10T20:00:00+00:00,XNYS,2026-09-11,2026-09-11T13:30:00+00:00,GOOGL,nada,0,0,332.6000061035156,1.8258827078977635,-8.165423601294869,11.817189017090396,"sorteo sin información (contabilidad.senales_sin_informacion, semilla 20260906, desde 2023-09-05): prueba de maquinaria, no track record",conservador,500.0,0.2.0-PROPUESTA,"su intervalo [-8.17, +11.82] contiene el cero",2026-09-10,2026-09-10T20:00:00+00:00,3cc65546079c3a9dbcc3339a6d45e9637418ee51ae79458cc987dc47ee304d35,ext_2026-09-10.csv,69ca7283ae18fd37736827e1b19a79d3557e2e8177dbfd05c9685be22502402b,125a8602a684939576278093b306add6a6fa7a0157389f71a5c0029455ab9ba0,93db9b70dc708b67cf3584775800e9450e91f71fdb2846155d92545fcdba7492,5.1.0,E0.2,pendiente,ok,sesion,1,1,2026-09-11T03:30:04.775894+00:00
77,2026-09-10,2026-09-10,2026-09-11T03:30:04.598884+00:00,2026-09-10T20:00:00+00:00,XNYS,2026-09-11,2026-09-11T13:30:00+00:00,GSM,nada,0,0,4.460000038146973,6.60661240563527,-32.83472955598655,46.047954367257084,"sorteo sin información (contabilidad.senales_sin_informacion, semilla 20260906, desde 2023-09-05): prueba de maquinaria, no track record",conservador,500.0,0.2.0-PROPUESTA,"su intervalo [-32.83, +46.05] contiene el cero",2026-09-10,2026-09-10T20:00:00+00:00,3cc65546079c3a9dbcc3339a6d45e9637418ee51ae79458cc987dc47ee304d35,ext_2026-09-10.csv,69ca7283ae18fd37736827e1b19a79d3557e2e8177dbfd05c9685be22502402b,125a8602a684939576278093b306add6a6fa7a0157389f71a5c0029455ab9ba0,93db9b70dc708b67cf3584775800e9450e91f71fdb2846155d92545fcdba7492,5.1.0,E0.2,pendiente,ok,sesion,1,1,2026-09-11T03:30:04.775894+00:00
78,2026-09-10,2026-09-10,2026-09-11T03:30:04.598884+00:00,2026-09-10T20:00:00+00:00,XNYS,2026-09-11,2026-09-11T13:30:00+00:00,INTC,nada,0,0,100.31999969482422,2.051554086578289,-9.970292134034269,14.073400307190846,"sorteo sin información (contabilidad.senales_sin_informacion, semilla 20260906, desde 2023-09-05): prueba de maquinaria, no track record",conservador,500.0,0.2.0-PROPUESTA,"su intervalo [-9.97, +14.07] contiene el cero",2026-09-10,2026-09-10T20:00:00+00:00,3cc65546079c3a9dbcc3339a6d45e9637418ee51ae79458cc987dc47ee304d35,ext_2026-09-10.csv,69ca7283ae18fd37736827e1b19a79d3557e2e8177dbfd05c9685be22502402b,125a8602a684939576278093b306add6a6fa7a0157389f71a5c0029455ab9ba0,93db9b70dc708b67cf3584775800e9450e91f71fdb2846155d92545fcdba7492,5.1.0,E0.2,pendiente,ok,sesion,1,1,2026-09-11T03:30:04.775894+00:00
79,2026-09-10,2026-09-10,2026-09-11T03:30:04.598884+00:00,2026-09-10T20:00:00+00:00,XNYS,2026-09-11,2026-09-11T13:30:00+00:00,KLAC,nada,0,0,177.17999267578125,8.234747734948478,-5.5304260152759745,21.99992148517293,"sorteo sin información (contabilidad.senales_sin_informacion, semilla 20260906, desde 2023-09-05): prueba de maquinaria, no track record",conservador,500.0,0.2.0-PROPUESTA,"su intervalo [-5.53, +22.00] contiene el cero",2026-09-10,2026-09-10T20:00:00+00:00,3cc65546079c3a9dbcc3339a6d45e9637418ee51ae79458cc987dc47ee304d35,ext_2026-09-10.csv,69ca7283ae18fd37736827e1b19a79d3557e2e8177dbfd05c9685be22502402b,125a8602a684939576278093b306add6a6fa7a0157389f71a5c0029455ab9ba0,93db9b70dc708b67cf3584775800e9450e91f71fdb2846155d92545fcdba7492,5.1.0,E0.2,pendiente,ok,sesion,1,1,2026-09-11T03:30:04.775894+00:00
80,2026-09-10,2026-09-10,2026-09-11T03:30:04.598884+00:00,2026-09-10T20:00:00+00:00,XNYS,2026-09-11,2026-09-11T13:30:00+00:00,LIN,nada,0,0,461.6199951171875,12.662675901710486,4.007282606825173,21.3180691965958,"sorteo sin información (contabilidad.senales_sin_informacion, semilla 20260906, desde 2023-09-05): prueba de maquinaria, no track record",conservador,500.0,0.2.0-PROPUESTA,una acción cuesta 461.62 USD y el margen disponible es 25.59 USD; el riel no compra fracciones,2026-09-10,2026-09-10T20:00:00+00:00,3cc65546079c3a9dbcc3339a6d45e9637418ee51ae79458cc987dc47ee304d35,ext_2026-09-10.csv,69ca7283ae18fd37736827e1b19a79d3557e2e8177dbfd05c9685be22502402b,125a8602a684939576278093b306add6a6fa7a0157389f71a5c0029455ab9ba0,93db9b70dc708b67cf3584775800e9450e91f71fdb2846155d92545fcdba7492,5.1.0,E0.2,pendiente,ok,sesion,1,1,2026-09-11T03:30:04.775894+00:00
81,2026-09-10,2026-09-10,2026-09-11T03:30:04.598884+00:00,2026-09-10T20:00:00+00:00,XNYS,2026-09-11,2026-09-11T13:30:00+00:00,LRCX,nada,0,0,298.010009765625,4.8566429486906815,-10.640358486135913,20.353644383517278,"sorteo sin información (contabilidad.senales_sin_informacion, semilla 20260906, desde 2023-09-05): prueba de maquinaria, no track record",conservador,500.0,0.2.0-PROPUESTA,"su intervalo [-10.64, +20.35] contiene el cero",2026-09-10,2026-09-10T20:00:00+00:00,3cc65546079c3a9dbcc3339a6d45e9637418ee51ae79458cc987dc47ee304d35,ext_2026-09-10.csv,69ca7283ae18fd37736827e1b19a79d3557e2e8177dbfd05c9685be22502402b,125a8602a684939576278093b306add6a6fa7a0157389f71a5c0029455ab9ba0,93db9b70dc708b67cf3584775800e9450e91f71fdb2846155d92545fcdba7492,5.1.0,E0.2,pendiente,ok,sesion,1,1,2026-09-11T03:30:04.775894+00:00
82,2026-09-10,2026-09-10,2026-09-11T03:30:04.598884+00:00,2026-09-10T20:00:00+00:00,XNYS,2026-09-11,2026-09-11T13:30:00+00:00,META,nada,0,0,644.3800048828125,14.126549642510323,-0.6995793572191911,28.95267864223984,"sorteo sin información (contabilidad.senales_sin_informacion, semilla 20260906, desde 2023-09-05): prueba de maquinaria, no track record",conservador,500.0,0.2.0-PROPUESTA,"su intervalo [-0.70, +28.95] contiene el cero",2026-09-10,2026-09-10T20:00:00+00:00,3cc65546079c3a9dbcc3339a6d45e9637418ee51ae79458cc987dc47ee304d35,ext_2026-09-10.csv,69ca7283ae18fd37736827e1b19a79d3557e2e8177dbfd05c9685be22502402b,125a8602a684939576278093b306add6a6fa7a0157389f71a5c0029455ab9ba0,93db9b70dc708b67cf3584775800e9450e91f71fdb2846155d92545fcdba7492,5.1.0,E0.2,pendiente,ok,sesion,1,1,2026-09-11T03:30:04.775894+00:00
83,2026-09-10,2026-09-10,2026-09-11T03:30:04.598884+00:00,2026-09-10T20:00:00+00:00,XNYS,2026-09-11,2026-09-11T13:30:00+00:00,MKSI,nada,0,0,261.8399963378906,5.9125827192573865,-9.812178629799885,21.637344068314658,"sorteo sin información (contabilidad.senales_sin_informacion, semilla 20260906, desde 2023-09-05): prueba de maquinaria, no track record",conservador,500.0,0.2.0-PROPUESTA,"su intervalo [-9.81, +21.64] contiene el cero",2026-09-10,2026-09-10T20:00:00+00:00,3cc65546079c3a9dbcc3339a6d45e9637418ee51ae79458cc987dc47ee304d35,ext_2026-09-10.csv,69ca7283ae18fd37736827e1b19a79d3557e2e8177dbfd05c9685be22502402b,125a8602a684939576278093b306add6a6fa7a0157389f71a5c0029455ab9ba0,93db9b70dc708b67cf3584775800e9450e91f71fdb2846155d92545fcdba7492,5.1.0,E0.2,pendiente,ok,sesion,1,1,2026-09-11T03:30:04.775894+00:00
84,2026-09-10,2026-09-10,2026-09-11T03:30:04.598884+00:00,2026-09-10T20:00:00+00:00,XNYS,2026-09-11,2026-09-11T13:30:00+00:00,MSFT,nada,0,0,492.4400024414063,-14.02587130855254,-22.78396090676269,-5.2677817103423905,"sorteo sin información (contabilidad.senales_sin_informacion, semilla 20260906, desde 2023-09-05): prueba de maquinaria, no track record",conservador,500.0,0.2.0-PROPUESTA,señal -14.03 pp bajo el umbral +1.35 pp,2026-09-10,2026-09-10T20:00:00+00:00,3cc65546079c3a9dbcc3339a6d45e9637418ee51ae79458cc987dc47ee304d35,ext_2026-09-10.csv,69ca7283ae18fd37736827e1b19a79d3557e2e8177dbfd05c9685be22502402b,125a8602a684939576278093b306add6a6fa7a0157389f71a5c0029455ab9ba0,93db9b70dc708b67cf3584775800e9450e91f71fdb2846155d92545fcdba7492,5.1.0,E0.2,pendiente,ok,sesion,1,1,2026-09-11T03:30:04.775894+00:00
85,2026-09-10,2026-09-10,2026-09-11T03:30:04.598884+00:00,2026-09-10T20:00:00+00:00,XNYS,2026-09-11,2026-09-11T13:30:00+00:00,MU,nada,0,0,977.4099731445312,-1.6700449036118559,-16.62212364919547,13.282033841971757,"sorteo sin información (contabilidad.senales_sin_informacion, semilla 20260906, desde 2023-09-05): prueba de maquinaria, no track record",conservador,500.0,0.2.0-PROPUESTA,señal -1.67 pp bajo el umbral +1.35 pp,2026-09-10,2026-09-10T20:00:00+00:00,3cc65546079c3a9dbcc3339a6d45e9637418ee51ae79458cc987dc47ee304d35,ext_2026-09-10.csv,69ca7283ae18fd37736827e1b19a79d3557e2e8177dbfd05c9685be22502402b,125a8602a684939576278093b306add6a6fa7a0157389f71a5c0029455ab9ba0,93db9b70dc708b67cf3584775800e9450e91f71fdb2846155d92545fcdba7492,5.1.0,E0.2,pendiente,ok,sesion,1,1,2026-09-11T03:30:04.775894+00:00
86,2026-09-10,2026-09-10,2026-09-11T03:30:04.598884+00:00,2026-09-10T20:00:00+00:00,XNYS,2026-09-11,2026-09-11T13:30:00+00:00,NVDA,nada,0,0,218.3600006103516,-3.0868534306911055,-22.552264723621548,16.37855786223934,"sorteo sin información (contabilidad.senales_sin_informacion, semilla 20260906, desde 2023-09-05): prueba de maquinaria, no track record",conservador,500.0,0.2.0-PROPUESTA,señal -3.09 pp bajo el umbral +1.35 pp,2026-09-10,2026-09-10T20:00:00+00:00,3cc65546079c3a9dbcc3339a6d45e9637418ee51ae79458cc987dc47ee304d35,ext_2026-09-10.csv,69ca7283ae18fd37736827e1b19a79d3557e2e8177dbfd05c9685be22502402b,125a8602a684939576278093b306add6a6fa7a0157389f71a5c0029455ab9ba0,93db9b70dc708b67cf3584775800e9450e91f71fdb2846155d92545fcdba7492,5.1.0,E0.2,pendiente,ok,sesion,1,1,2026-09-11T03:30:04.775894+00:00
87,2026-09-10,2026-09-10,2026-09-11T03:30:04.598884+00:00,2026-09-10T20:00:00+00:00,XNYS,2026-09-11,2026-09-11T13:30:00+00:00,QCOM,nada,0,0,176.8800048828125,0.7063683793294695,-14.792590024615354,16.20532678327429,"sorteo sin información (contabilidad.senales_sin_informacion, semilla 20260906, desde 2023-09-05): prueba de maquinaria, no track record",conservador,500.0,0.2.0-PROPUESTA,señal +0.71 pp bajo el umbral +1.35 pp,2026-09-10,2026-09-10T20:00:00+00:00,3cc65546079c3a9dbcc3339a6d45e9637418ee51ae79458cc987dc47ee304d35,ext_2026-09-10.csv,69ca7283ae18fd37736827e1b19a79d3557e2e8177dbfd05c9685be22502402b,125a8602a684939576278093b306add6a6fa7a0157389f71a5c0029455ab9ba0,93db9b70dc708b67cf3584775800e9450e91f71fdb2846155d92545fcdba7492,5.1.0,E0.2,pendiente,ok,sesion,1,1,2026-09-11T03:30:04.775894+00:00
88,2026-09-10,2026-09-10,2026-09-11T03:30:04.598884+00:00,2026-09-10T20:00:00+00:00,XNYS,2026-09-11,2026-09-11T13:30:00+00:00,SHECY,nada,0,0,18.420000076293945,7.667513520861258,-3.576719261927071,18.911746303649586,"sorteo sin información (contabilidad.senales_sin_informacion, semilla 20260906, desde 2023-09-05): prueba de maquinaria, no track record",conservador,500.0,0.2.0-PROPUESTA,"su intervalo [-3.58, +18.91] contiene el cero",2026-09-10,2026-09-10T20:00:00+00:00,3cc65546079c3a9dbcc3339a6d45e9637418ee51ae79458cc987dc47ee304d35,ext_2026-09-10.csv,69ca7283ae18fd37736827e1b19a79d3557e2e8177dbfd05c9685be22502402b,125a8602a684939576278093b306add6a6fa7a0157389f71a5c0029455ab9ba0,93db9b70dc708b67cf3584775800e9450e91f71fdb2846155d92545fcdba7492,5.1.0,E0.2,pendiente,ok,sesion,1,1,2026-09-11T03:30:04.775894+00:00
89,2026-09-10,2026-09-10,2026-09-11T03:30:04.598884+00:00,2026-09-10T20:00:00+00:00,XNYS,2026-09-11,2026-09-11T13:30:00+00:00,SMH,nada,0,0,560.280029296875,6.718874166771127,-4.582259242044896,18.02000757558715,"sorteo sin información (contabilidad.senales_sin_informacion, semilla 20260906, desde 2023-09-05): prueba de maquinaria, no track record",conservador,500.0,0.2.0-PROPUESTA,"su intervalo [-4.58, +18.02] contiene el cero",2026-09-10,2026-09-10T20:00:00+00:00,3cc65546079c3a9dbcc3339a6d45e9637418ee51ae79458cc987dc47ee304d35,ext_2026-09-10.csv,69ca7283ae18fd37736827e1b19a79d3557e2e8177dbfd05c9685be22502402b,125a8602a684939576278093b306add6a6fa7a0157389f71a5c0029455ab9ba0,93db9b70dc708b67cf3584775800e9450e91f71fdb2846155d92545fcdba7492,5.1.0,E0.2,pendiente,ok,sesion,1,1,2026-09-11T03:30:04.775894+00:00
90,2026-09-10,2026-09-10,2026-09-11T03:30:04.598884+00:00,2026-09-10T20:00:00+00:00,XNYS,2026-09-11,2026-09-11T13:30:00+00:00,SNPS,nada,0,0,397.1700134277344,2.715752881047151,-9.209043606872797,14.640549368967097,"sorteo sin información (contabilidad.senales_sin_informacion, semilla 20260906, desde 2023-09-05): prueba de maquinaria, no track record",conservador,500.0,0.2.0-PROPUESTA,"su intervalo [-9.21, +14.64] contiene el cero",2026-09-10,2026-09-10T20:00:00+00:00,3cc65546079c3a9dbcc3339a6d45e9637418ee51ae79458cc987dc47ee304d35,ext_2026-09-10.csv,69ca7283ae18fd37736827e1b19a79d3557e2e8177dbfd05c9685be22502402b,125a8602a684939576278093b306add6a6fa7a0157389f71a5c0029455ab9ba0,93db9b70dc708b67cf3584775800e9450e91f71fdb2846155d92545fcdba7492,5.1.0,E0.2,pendiente,ok,sesion,1,1,2026-09-11T03:30:04.775894+00:00
91,2026-09-10,2026-09-10,2026-09-11T03:30:04.598884+00:00,2026-09-10T20:00:00+00:00,XNYS,2026-09-11,2026-09-11T13:30:00+00:00,SOXX,nada,0,0,517.4299926757812,-2.581359113797743,-13.829453899735077,8.66673567213959,"sorteo sin información (contabilidad.senales_sin_informacion, semilla 20260906, desde 2023-09-05): prueba de maquinaria, no track record",conservador,500.0,0.2.0-PROPUESTA,señal -2.58 pp bajo el umbral +1.35 pp,2026-09-10,2026-09-10T20:00:00+00:00,3cc65546079c3a9dbcc3339a6d45e9637418ee51ae79458cc987dc47ee304d35,ext_2026-09-10.csv,69ca7283ae18fd37736827e1b19a79d3557e2e8177dbfd05c9685be22502402b,125a8602a684939576278093b306add6a6fa7a0157389f71a5c0029455ab9ba0,93db9b70dc708b67cf3584775800e9450e91f71fdb2846155d92545fcdba7492,5.1.0,E0.2,pendiente,ok,sesion,1,1,2026-09-11T03:30:04.775894+00:00
92,2026-09-10,2026-09-10,2026-09-11T03:30:04.598884+00:00,2026-09-10T20:00:00+00:00,XNYS,2026-09-11,2026-09-11T13:30:00+00:00,TER,nada,0,0,370.1900024414063,10.03398998665892,-5.404178103123778,25.472158076441616,"sorteo sin información (contabilidad.senales_sin_informacion, semilla 20260906, desde 2023-09-05): prueba de maquinaria, no track record",conservador,500.0,0.2.0-PROPUESTA,"su intervalo [-5.40, +25.47] contiene el cero",2026-09-10,2026-09-10T20:00:00+00:00,3cc65546079c3a9dbcc3339a6d45e9637418ee51ae79458cc987dc47ee304d35,ext_2026-09-10.csv,69ca7283ae18fd37736827e1b19a79d3557e2e8177dbfd05c9685be22502402b,125a8602a684939576278093b306add6a6fa7a0157389f71a5c0029455ab9ba0,93db9b70dc708b67cf3584775800e9450e91f71fdb2846155d92545fcdba7492,5.1.0,E0.2,pendiente,ok,sesion,1,1,2026-09-11T03:30:04.775894+00:00
93,2026-09-10,2026-09-10,2026-09-11T03:30:04.598884+00:00,2026-09-10T20:00:00+00:00,XNYS,2026-09-11,2026-09-11T13:30:00+00:00,TOELY,nada,0,0,166.2100067138672,-1.9103930406391911,-16.7078981367811,12.887112055502717,"sorteo sin información (contabilidad.senales_sin_informacion, semilla 20260906, desde 2023-09-05): prueba de maquinaria, no track record",conservador,500.0,0.2.0-PROPUESTA,señal -1.91 pp bajo el umbral +1.35 pp,2026-09-10,2026-09-10T20:00:00+00:00,3cc65546079c3a9dbcc3339a6d45e9637418ee51ae79458cc987dc47ee304d35,ext_2026-09-10.csv,69ca7283ae18fd37736827e1b19a79d3557e2e8177dbfd05c9685be22502402b,125a8602a684939576278093b306add6a6fa7a0157389f71a5c0029455ab9ba0,93db9b70dc708b67cf3584775800e9450e91f71fdb2846155d92545fcdba7492,5.1.0,E0.2,pendiente,ok,sesion,1,1,2026-09-11T03:30:04.775894+00:00
94,2026-09-10,2026-09-10,2026-09-11T03:30:04.598884+00:00,2026-09-10T20:00:00+00:00,XNYS,2026-09-11,2026-09-11T13:30:00+00:00,TSEM,nada,0,0,208.07000732421875,-1.5972278454175148,-16.146357406833992,12.951901715998964,"sorteo sin información (contabilidad.senales_sin_informacion, semilla 20260906, desde 2023-09-05): prueba de maquinaria, no track record",conservador,500.0,0.2.0-PROPUESTA,señal -1.60 pp bajo el umbral +1.35 pp,2026-09-10,2026-09-10T20:00:00+00:00,3cc65546079c3a9dbcc3339a6d45e9637418ee51ae79458cc987dc47ee304d35,ext_2026-09-10.csv,69ca7283ae18fd37736827e1b19a79d3557e2e8177dbfd05c9685be22502402b,125a8602a684939576278093b306add6a6fa7a0157389f71a5c0029455ab9ba0,93db9b70dc708b67cf3584775800e9450e91f71fdb2846155d92545fcdba7492,5.1.0,E0.2,pendiente,ok,sesion,1,1,2026-09-11T03:30:04.775894+00:00
95,2026-09-10,2026-09-10,2026-09-11T03:30:04.598884+00:00,2026-09-10T20:00:00+00:00,XNYS,2026-09-11,2026-09-11T13:30:00+00:00,TSM,nada,0,0,428.0299987792969,-5.270086600717317,-18.318383538783003,7.778210337348371,"sorteo sin información (contabilidad.senales_sin_informacion, semilla 20260906, desde 2023-09-05): prueba de maquinaria, no track record",conservador,500.0,0.2.0-PROPUESTA,señal -5.27 pp bajo el umbral +1.35 pp,2026-09-10,2026-09-10T20:00:00+00:00,3cc65546079c3a9dbcc3339a6d45e9637418ee51ae79458cc987dc47ee304d35,ext_2026-09-10.csv,69ca7283ae18fd37736827e1b19a79d3557e2e8177dbfd05c9685be22502402b,125a8602a684939576278093b306add6a6fa7a0157389f71a5c0029455ab9ba0,93db9b70dc708b67cf3584775800e9450e91f71fdb2846155d92545fcdba7492,5.1.0,E0.2,pendiente,ok,sesion,1,1,2026-09-11T03:30:04.775894+00:00
96,2026-09-10,2026-09-10,2026-09-11T03:30:04.598884+00:00,2026-09-10T20:00:00+00:00,XNYS,2026-09-11,2026-09-11T13:30:00+00:00,UMC,nada,0,0,22.1200008392334,5.006262570642983,-12.187430287544784,22.199955428830748,"sorteo sin información (contabilidad.senales_sin_informacion, semilla 20260906, desde 2023-09-05): prueba de maquinaria, no track record",conservador,500.0,0.2.0-PROPUESTA,"su intervalo [-12.19, +22.20] contiene el cero",2026-09-10,2026-09-10T20:00:00+00:00,3cc65546079c3a9dbcc3339a6d45e9637418ee51ae79458cc987dc47ee304d35,ext_2026-09-10.csv,69ca7283ae18fd37736827e1b19a79d3557e2e8177dbfd05c9685be22502402b,125a8602a684939576278093b306add6a6fa7a0157389f71a5c0029455ab9ba0,93db9b70dc708b67cf3584775800e9450e91f71fdb2846155d92545fcdba7492,5.1.0,E0.2,pendiente,ok,sesion,1,1,2026-09-11T03:30:04.775894+00:00
97,2026-09-10,2026-09-10,2026-09-11T03:30:04.598884+00:00,2026-09-10T20:00:00+00:00,XNYS,2026-09-11,2026-09-11T13:30:00+00:00,VRT,nada,0,0,248.1300048828125,0.0007378860837015111,-19.687474878006995,19.688950650174398,"sorteo sin información (contabilidad.senales_sin_informacion, semilla 20260906, desde 2023-09-05): prueba de maquinaria, no track record",conservador,500.0,0.2.0-PROPUESTA,señal +0.00 pp bajo el umbral +1.35 pp,2026-09-10,2026-09-10T20:00:00+00:00,3cc65546079c3a9dbcc3339a6d45e9637418ee51ae79458cc987dc47ee304d35,ext_2026-09-10.csv,69ca7283ae18fd37736827e1b19a79d3557e2e8177dbfd05c9685be22502402b,125a8602a684939576278093b306add6a6fa7a0157389f71a5c0029455ab9ba0,93db9b70dc708b67cf3584775800e9450e91f71fdb2846155d92545fcdba7492,5.1.0,E0.2,pendiente,ok,sesion,1,1,2026-09-11T03:30:04.775894+00:00
98,2026-09-10,2026-09-10,2026-09-11T03:30:04.598884+00:00,2026-09-10T20:00:00+00:00,XNYS,2026-09-11,2026-09-11T13:30:00+00:00,WDC,nada,0,0,460.9299926757813,6.755274461390237,-12.127766208095988,25.63831513087646,"sorteo sin información (contabilidad.senales_sin_informacion, semilla 20260906, desde 2023-09-05): prueba de maquinaria, no track record",conservador,500.0,0.2.0-PROPUESTA,"su intervalo [-12.13, +25.64] contiene el cero",2026-09-10,2026-09-10T20:00:00+00:00,3cc65546079c3a9dbcc3339a6d45e9637418ee51ae79458cc987dc47ee304d35,ext_2026-09-10.csv,69ca7283ae18fd37736827e1b19a79d3557e2e8177dbfd05c9685be22502402b,125a8602a684939576278093b306add6a6fa7a0157389f71a5c0029455ab9ba0,93db9b70dc708b67cf3584775800e9450e91f71fdb2846155d92545fcdba7492,5.1.0,E0.2,pendiente,ok,sesion,1,1,2026-09-11T03:30:04.775894+00:00
99,2026-09-10,2026-09-10,2026-09-11T03:30:04.598884+00:00,2026-09-10T20:00:00+00:00,XNYS,2026-09-11,2026-09-11T13:30:00+00:00,XSD,nada,0,0,490.4700012207031,17.767991574174967,5.550945295720444,29.98503785262949,"sorteo sin información (contabilidad.senales_sin_informacion, semilla 20260906, desde 2023-09-05): prueba de maquinaria, no track record",conservador,500.0,0.2.0-PROPUESTA,una acción cuesta 490.47 USD y el margen disponible es 25.59 USD; el riel no compra fracciones,2026-09-10,2026-09-10T20:00:00+00:00,3cc65546079c3a9dbcc3339a6d45e9637418ee51ae79458cc987dc47ee304d35,ext_2026-09-10.csv,69ca7283ae18fd37736827e1b19a79d3557e2e8177dbfd05c9685be22502402b,125a8602a684939576278093b306add6a6fa7a0157389f71a5c0029455ab9ba0,93db9b70dc708b67cf3584775800e9450e91f71fdb2846155d92545fcdba7492,5.1.0,E0.2,pendiente,ok,sesion,1,1,2026-09-11T03:30:04.775894+00:00
100,2026-09-11,2026-09-11,2026-09-12T03:30:04.091372+00:00,2026-09-11T20:00:00+00:00,XNYS,2026-09-14,2026-09-14T13:30:00+00:00,AMAT,nada,0,0,456.489990234375,18.59453004371914,3.942914869484582,33.246145217953696,"sorteo sin información (contabilidad.senales_sin_informacion, semilla 20260906, desde 2023-09-05): prueba de maquinaria, no track record",conservador,500.0,0.2.0-PROPUESTA,una acción cuesta 456.49 USD y el margen disponible es 11.91 USD; el riel no compra fracciones,2026-09-11,2026-09-11T20:00:00+00:00,69126fa20f7a39137c6b10462a4252c9b09c4325f895f45a48db815a4c3d84a9,ext_2026-09-11.csv,69ca7283ae18fd37736827e1b19a79d3557e2e8177dbfd05c9685be22502402b,125a8602a684939576278093b306add6a6fa7a0157389f71a5c0029455ab9ba0,93db9b70dc708b67cf3584775800e9450e91f71fdb2846155d92545fcdba7492,5.1.0,E0.2,pendiente,ok,sesion,1,1,2026-09-12T03:30:04.240536+00:00
101,2026-09-11,2026-09-11,2026-09-12T03:30:04.091372+00:00,2026-09-11T20:00:00+00:00,XNYS,2026-09-14,2026-09-14T13:30:00+00:00,AMD,nada,0,0,516.1300048828125,8.024693207997768,-11.595286040277244,27.64467245627278,"sorteo sin información (contabilidad.senales_sin_informacion, semilla 20260906, desde 2023-09-05): prueba de maquinaria, no track record",conservador,500.0,0.2.0-PROPUESTA,"su intervalo [-11.60, +27.64] contiene el cero",2026-09-11,2026-09-11T20:00:00+00:00,69126fa20f7a39137c6b10462a4252c9b09c4325f895f45a48db815a4c3d84a9,ext_2026-09-11.csv,69ca7283ae18fd37736827e1b19a79d3557e2e8177dbfd05c9685be22502402b,125a8602a684939576278093b306add6a6fa7a0157389f71a5c0029455ab9ba0,93db9b70dc708b67cf3584775800e9450e91f71fdb2846155d92545fcdba7492,5.1.0,E0.2,pendiente,ok,sesion,1,1,2026-09-12T03:30:04.240536+00:00
102,2026-09-11,2026-09-11,2026-09-12T03:30:04.091372+00:00,2026-09-11T20:00:00+00:00,XNYS,2026-09-14,2026-09-14T13:30:00+00:00,AMKR,nada,0,0,51.72999954223633,19.69228585940894,0.39321241043180066,38.99135930838608,"sorteo sin información (contabilidad.senales_sin_informacion, semilla 20260906, desde 2023-09-05): prueba de maquinaria, no track record",conservador,500.0,0.2.0-PROPUESTA,una acción cuesta 51.73 USD y el margen disponible es 11.91 USD; el riel no compra fracciones,2026-09-11,2026-09-11T20:00:00+00:00,69126fa20f7a39137c6b10462a4252c9b09c4325f895f45a48db815a4c3d84a9,ext_2026-09-11.csv,69ca7283ae18fd37736827e1b19a79d3557e2e8177dbfd05c9685be22502402b,125a8602a684939576278093b306add6a6fa7a0157389f71a5c0029455ab9ba0,93db9b70dc708b67cf3584775800e9450e91f71fdb2846155d92545fcdba7492,5.1.0,E0.2,pendiente,ok,sesion,1,1,2026-09-12T03:30:04.240536+00:00
103,2026-09-11,2026-09-11,2026-09-12T03:30:04.091372+00:00,2026-09-11T20:00:00+00:00,XNYS,2026-09-14,2026-09-14T13:30:00+00:00,AMZN,nada,0,0,256.7799987792969,-8.916209875029757,-21.268896037253,3.4364762871934875,"sorteo sin información (contabilidad.senales_sin_informacion, semilla 20260906, desde 2023-09-05): prueba de maquinaria, no track record",conservador,500.0,0.2.0-PROPUESTA,señal -8.92 pp bajo el umbral +1.35 pp,2026-09-11,2026-09-11T20:00:00+00:00,69126fa20f7a39137c6b10462a4252c9b09c4325f895f45a48db815a4c3d84a9,ext_2026-09-11.csv,69ca7283ae18fd37736827e1b19a79d3557e2e8177dbfd05c9685be22502402b,125a8602a684939576278093b306add6a6fa7a0157389f71a5c0029455ab9ba0,93db9b70dc708b67cf3584775800e9450e91f71fdb2846155d92545fcdba7492,5.1.0,E0.2,pendiente,ok,sesion,1,1,2026-09-12T03:30:04.240536+00:00
104,2026-09-11,2026-09-11,2026-09-12T03:30:04.091372+00:00,2026-09-11T20:00:00+00:00,XNYS,2026-09-14,2026-09-14T13:30:00+00:00,ASX,nada,0,0,39.470001220703125,18.928573499706157,5.065711036820842,32.79143596259147,"sorteo sin información (contabilidad.senales_sin_informacion, semilla 20260906, desde 2023-09-05): prueba de maquinaria, no track record",conservador,500.0,0.2.0-PROPUESTA,una acción cuesta 39.47 USD y el margen disponible es 11.91 USD; el riel no compra fracciones,2026-09-11,2026-09-11T20:00:00+00:00,69126fa20f7a39137c6b10462a4252c9b09c4325f895f45a48db815a4c3d84a9,ext_2026-09-11.csv,69ca7283ae18fd37736827e1b19a79d3557e2e8177dbfd05c9685be22502402b,125a8602a684939576278093b306add6a6fa7a0157389f71a5c0029455ab9ba0,93db9b70dc708b67cf3584775800e9450e91f71fdb2846155d92545fcdba7492,5.1.0,E0.2,pendiente,ok,sesion,1,1,2026-09-12T03:30:04.240536+00:00
105,2026-09-11,2026-09-11,2026-09-12T03:30:04.091372+00:00,2026-09-11T20:00:00+00:00,XNYS,2026-09-14,2026-09-14T13:30:00+00:00,AVGO,nada,0,0,361.989990234375,-3.86203419984692,-15.674937799952701,7.9508694002588625,"sorteo sin información (contabilidad.senales_sin_informacion, semilla 20260906, desde 2023-09-05): prueba de maquinaria, no track record",conservador,500.0,0.2.0-PROPUESTA,señal -3.86 pp bajo el umbral +1.35 pp,2026-09-11,2026-09-11T20:00:00+00:00,69126fa20f7a39137c6b10462a4252c9b09c4325f895f45a48db815a4c3d84a9,ext_2026-09-11.csv,69ca7283ae18fd37736827e1b19a79d3557e2e8177dbfd05c9685be22502402b,125a8602a684939576278093b306add6a6fa7a0157389f71a5c0029455ab9ba0,93db9b70dc708b67cf3584775800e9450e91f71fdb2846155d92545fcdba7492,5.1.0,E0.2,pendiente,ok,sesion,1,1,2026-09-12T03:30:04.240536+00:00
106,2026-09-11,2026-09-11,2026-09-12T03:30:04.091372+00:00,2026-09-11T20:00:00+00:00,XNYS,2026-09-14,2026-09-14T13:30:00+00:00,CDNS,nada,0,0,289.3699951171875,7.0260291356402105,-5.095291948179574,19.147350219459994,"sorteo sin información (contabilidad.senales_sin_informacion, semilla 20260906, desde 2023-09-05): prueba de maquinaria, no track record",conservador,500.0,0.2.0-PROPUESTA,"su intervalo [-5.10, +19.15] contiene el cero",2026-09-11,2026-09-11T20:00:00+00:00,69126fa20f7a39137c6b10462a4252c9b09c4325f895f45a48db815a4c3d84a9,ext_2026-09-11.csv,69ca7283ae18fd37736827e1b19a79d3557e2e8177dbfd05c9685be22502402b,125a8602a684939576278093b306add6a6fa7a0157389f71a5c0029455ab9ba0,93db9b70dc708b67cf3584775800e9450e91f71fdb2846155d92545fcdba7492,5.1.0,E0.2,pendiente,ok,sesion,1,1,2026-09-12T03:30:04.240536+00:00
107,2026-09-11,2026-09-11,2026-09-12T03:30:04.091372+00:00,2026-09-11T20:00:00+00:00,XNYS,2026-09-14,2026-09-14T13:30:00+00:00,ENTG,nada,0,0,140.3699951171875,-0.11122471326142636,-14.695676516428072,14.473227089905219,"sorteo sin información (contabilidad.senales_sin_informacion, semilla 20260906, desde 2023-09-05): prueba de maquinaria, no track record",conservador,500.0,0.2.0-PROPUESTA,señal -0.11 pp bajo el umbral +1.35 pp,2026-09-11,2026-09-11T20:00:00+00:00,69126fa20f7a39137c6b10462a4252c9b09c4325f895f45a48db815a4c3d84a9,ext_2026-09-11.csv,69ca7283ae18fd37736827e1b19a79d3557e2e8177dbfd05c9685be22502402b,125a8602a684939576278093b306add6a6fa7a0157389f71a5c0029455ab9ba0,93db9b70dc708b67cf3584775800e9450e91f71fdb2846155d92545fcdba7492,5.1.0,E0.2,pendiente,ok,sesion,1,1,2026-09-12T03:30:04.240536+00:00
108,2026-09-11,2026-09-11,2026-09-12T03:30:04.091372+00:00,2026-09-11T20:00:00+00:00,XNYS,2026-09-14,2026-09-14T13:30:00+00:00,GFS,nada,0,0,46.95000076293945,-25.75259853911478,-46.26422706926289,-5.2409700089666735,"sorteo sin información (contabilidad.senales_sin_informacion, semilla 20260906, desde 2023-09-05): prueba de maquinaria, no track record",conservador,500.0,0.2.0-PROPUESTA,señal -25.75 pp bajo el umbral +1.35 pp,2026-09-11,2026-09-11T20:00:00+00:00,69126fa20f7a39137c6b10462a4252c9b09c4325f895f45a48db815a4c3d84a9,ext_2026-09-11.csv,69ca7283ae18fd37736827e1b19a79d3557e2e8177dbfd05c9685be22502402b,125a8602a684939576278093b306add6a6fa7a0157389f71a5c0029455ab9ba0,93db9b70dc708b67cf3584775800e9450e91f71fdb2846155d92545fcdba7492,5.1.0,E0.2,pendiente,ok,sesion,1,1,2026-09-12T03:30:04.240536+00:00
109,2026-09-11,2026-09-11,2026-09-12T03:30:04.091372+00:00,2026-09-11T20:00:00+00:00,XNYS,2026-09-14,2026-09-14T13:30:00+00:00,GOOGL,nada,0,0,338.5,5.445708970422292,-4.545597338770341,15.437015279614924,"sorteo sin información (contabilidad.senales_sin_informacion, semilla 20260906, desde 2023-09-05): prueba de maquinaria, no track record",conservador,500.0,0.2.0-PROPUESTA,"su intervalo [-4.55, +15.44] contiene el cero",2026-09-11,2026-09-11T20:00:00+00:00,69126fa20f7a39137c6b10462a4252c9b09c4325f895f45a48db815a4c3d84a9,ext_2026-09-11.csv,69ca7283ae18fd37736827e1b19a79d3557e2e8177dbfd05c9685be22502402b,125a8602a684939576278093b306add6a6fa7a0157389f71a5c0029455ab9ba0,93db9b70dc708b67cf3584775800e9450e91f71fdb2846155d92545fcdba7492,5.1.0,E0.2,pendiente,ok,sesion,1,1,2026-09-12T03:30:04.240536+00:00
110,2026-09-11,2026-09-11,2026-09-12T03:30:04.091372+00:00,2026-09-11T20:00:00+00:00,XNYS,2026-09-14,2026-09-14T13:30:00+00:00,GSM,nada,0,0,4.28000020980835,-40.476190476190474,-79.9175324378123,-1.0348485145686581,"sorteo sin información (contabilidad.senales_sin_informacion, semilla 20260906, desde 2023-09-05): prueba de maquinaria, no track record",conservador,500.0,0.2.0-PROPUESTA,señal -40.48 pp bajo el umbral +1.35 pp,2026-09-11,2026-09-11T20:00:00+00:00,69126fa20f7a39137c6b10462a4252c9b09c4325f895f45a48db815a4c3d84a9,ext_2026-09-11.csv,69ca7283ae18fd37736827e1b19a79d3557e2e8177dbfd05c9685be22502402b,125a8602a684939576278093b306add6a6fa7a0157389f71a5c0029455ab9ba0,93db9b70dc708b67cf3584775800e9450e91f71fdb2846155d92545fcdba7492,5.1.0,E0.2,pendiente,ok,sesion,1,1,2026-09-12T03:30:04.240536+00:00
111,2026-09-11,2026-09-11,2026-09-12T03:30:04.091372+00:00,2026-09-11T20:00:00+00:00,XNYS,2026-09-14,2026-09-14T13:30:00+00:00,INTC,nada,0,0,102.94000244140624,13.391715412012072,1.3698691913995145,25.413561632624628,"sorteo sin información (contabilidad.senales_sin_informacion, semilla 20260906, desde 2023-09-05): prueba de maquinaria, no track record",conservador,500.0,0.2.0-PROPUESTA,una acción cuesta 102.94 USD y el margen disponible es 11.91 USD; el riel no compra fracciones,2026-09-11,2026-09-11T20:00:00+00:00,69126fa20f7a39137c6b10462a4252c9b09c4325f895f45a48db815a4c3d84a9,ext_2026-09-11.csv,69ca7283ae18fd37736827e1b19a79d3557e2e8177dbfd05c9685be22502402b,125a8602a684939576278093b306add6a6fa7a0157389f71a5c0029455ab9ba0,93db9b70dc708b67cf3584775800e9450e91f71fdb2846155d92545fcdba7492,5.1.0,E0.2,pendiente,ok,sesion,1,1,2026-09-12T03:30:04.240536+00:00
112,2026-09-11,2026-09-11,2026-09-12T03:30:04.091372+00:00,2026-09-11T20:00:00+00:00,XNYS,2026-09-14,2026-09-14T13:30:00+00:00,KLAC,nada,0,0,180.63999938964844,-10.812957885851803,-24.578131636076257,2.952215864372649,"sorteo sin información (contabilidad.senales_sin_informacion, semilla 20260906, desde 2023-09-05): prueba de maquinaria, no track record",conservador,500.0,0.2.0-PROPUESTA,señal -10.81 pp bajo el umbral +1.35 pp,2026-09-11,2026-09-11T20:00:00+00:00,69126fa20f7a39137c6b10462a4252c9b09c4325f895f45a48db815a4c3d84a9,ext_2026-09-11.csv,69ca7283ae18fd37736827e1b19a79d3557e2e8177dbfd05c9685be22502402b,125a8602a684939576278093b306add6a6fa7a0157389f71a5c0029455ab9ba0,93db9b70dc708b67cf3584775800e9450e91f71fdb2846155d92545fcdba7492,5.1.0,E0.2,pendiente,ok,sesion,1,1,2026-09-12T03:30:04.240536+00:00
113,2026-09-11,2026-09-11,2026-09-12T03:30:04.091372+00:00,2026-09-11T20:00:00+00:00,XNYS,2026-09-14,2026-09-14T13:30:00+00:00,LIN,nada,0,0,466.2200012207031,14.432390049279341,5.776996754394029,23.087783344164656,"sorteo sin información (contabilidad.senales_sin_informacion, semilla 20260906, desde 2023-09-05): prueba de maquinaria, no track record",conservador,500.0,0.2.0-PROPUESTA,una acción cuesta 466.22 USD y el margen disponible es 11.91 USD; el riel no compra fracciones,2026-09-11,2026-09-11T20:00:00+00:00,69126fa20f7a39137c6b10462a4252c9b09c4325f895f45a48db815a4c3d84a9,ext_2026-09-11.csv,69ca7283ae18fd37736827e1b19a79d3557e2e8177dbfd05c9685be22502402b,125a8602a684939576278093b306add6a6fa7a0157389f71a5c0029455ab9ba0,93db9b70dc708b67cf3584775800e9450e91f71fdb2846155d92545fcdba7492,5.1.0,E0.2,pendiente,ok,sesion,1,1,2026-09-12T03:30:04.240536+00:00
114,2026-09-11,2026-09-11,2026-09-12T03:30:04.091372+00:00,2026-09-11T20:00:00+00:00,XNYS,2026-09-14,2026-09-14T13:30:00+00:00,LRCX,nada,0,0,298.2200012207031,1.5782679190823767,-13.918733515744218,17.075269353908972,"sorteo sin información (contabilidad.senales_sin_informacion, semilla 20260906, desde 2023-09-05): prueba de maquinaria, no track record",conservador,500.0,0.2.0-PROPUESTA,"su intervalo [-13.92, +17.08] contiene el cero",2026-09-11,2026-09-11T20:00:00+00:00,69126fa20f7a39137c6b10462a4252c9b09c4325f895f45a48db815a4c3d84a9,ext_2026-09-11.csv,69ca7283ae18fd37736827e1b19a79d3557e2e8177dbfd05c9685be22502402b,125a8602a684939576278093b306add6a6fa7a0157389f71a5c0029455ab9ba0,93db9b70dc708b67cf3584775800e9450e91f71fdb2846155d92545fcdba7492,5.1.0,E0.2,pendiente,ok,sesion,1,1,2026-09-12T03:30:04.240536+00:00
115,2026-09-11,2026-09-11,2026-09-12T03:30:04.091372+00:00,2026-09-11T20:00:00+00:00,XNYS,2026-09-14,2026-09-14T13:30:00+00:00,META,nada,0,0,648.030029296875,3.670373119323389,-11.155755880406126,18.496502119052902,"sorteo sin información (contabilidad.senales_sin_informacion, semilla 20260906, desde 2023-09-05): prueba de maquinaria, no track record",conservador,500.0,0.2.0-PROPUESTA,"su intervalo [-11.16, +18.50] contiene el cero",2026-09-11,2026-09-11T20:00:00+00:00,69126fa20f7a39137c6b10462a4252c9b09c4325f895f45a48db815a4c3d84a9,ext_2026-09-11.csv,69ca7283ae18fd37736827e1b19a79d3557e2e8177dbfd05c9685be22502402b,125a8602a684939576278093b306add6a6fa7a0157389f71a5c0029455ab9ba0,93db9b70dc708b67cf3584775800e9450e91f71fdb2846155d92545fcdba7492,5.1.0,E0.2,pendiente,ok,sesion,1,1,2026-09-12T03:30:04.240536+00:00
116,2026-09-11,2026-09-11,2026-09-12T03:30:04.091372+00:00,2026-09-11T20:00:00+00:00,XNYS,2026-09-14,2026-09-14T13:30:00+00:00,MKSI,nada,0,0,267.3099975585937,9.351583128121854,-6.373178220935417,25.076344477179127,"sorteo sin información (contabilidad.senales_sin_informacion, semilla 20260906, desde 2023-09-05): prueba de maquinaria, no track record",conservador,500.0,0.2.0-PROPUESTA,"su intervalo [-6.37, +25.08] contiene el cero",2026-09-11,2026-09-11T20:00:00+00:00,69126fa20f7a39137c6b10462a4252c9b09c4325f895f45a48db815a4c3d84a9,ext_2026-09-11.csv,69ca7283ae18fd37736827e1b19a79d3557e2e8177dbfd05c9685be22502402b,125a8602a684939576278093b306add6a6fa7a0157389f71a5c0029455ab9ba0,93db9b70dc708b67cf3584775800e9450e91f71fdb2846155d92545fcdba7492,5.1.0,E0.2,pendiente,ok,sesion,1,1,2026-09-12T03:30:04.240536+00:00
117,2026-09-11,2026-09-11,2026-09-12T03:30:04.091372+00:00,2026-09-11T20:00:00+00:00,XNYS,2026-09-14,2026-09-14T13:30:00+00:00,MSFT,nada,0,0,495.6300048828125,-5.402401017655767,-14.160490615865918,3.355688580554383,"sorteo sin información (contabilidad.senales_sin_informacion, semilla 20260906, desde 2023-09-05): prueba de maquinaria, no track record",conservador,500.0,0.2.0-PROPUESTA,señal -5.40 pp bajo el umbral +1.35 pp,2026-09-11,2026-09-11T20:00:00+00:00,69126fa20f7a39137c6b10462a4252c9b09c4325f895f45a48db815a4c3d84a9,ext_2026-09-11.csv,69ca7283ae18fd37736827e1b19a79d3557e2e8177dbfd05c9685be22502402b,125a8602a684939576278093b306add6a6fa7a0157389f71a5c0029455ab9ba0,93db9b70dc708b67cf3584775800e9450e91f71fdb2846155d92545fcdba7492,5.1.0,E0.2,pendiente,ok,sesion,1,1,2026-09-12T03:30:04.240536+00:00
118,2026-09-11,2026-09-11,2026-09-12T03:30:04.091372+00:00,2026-09-11T20:00:00+00:00,XNYS,2026-09-14,2026-09-14T13:30:00+00:00,MU,nada,0,0,975.260009765625,14.872155627546558,-0.07992311803705476,29.82423437313017,"sorteo sin información (contabilidad.senales_sin_informacion, semilla 20260906, desde 2023-09-05): prueba de maquinaria, no track record",conservador,500.0,0.2.0-PROPUESTA,"su intervalo [-0.08, +29.82] contiene el cero",2026-09-11,2026-09-11T20:00:00+00:00,69126fa20f7a39137c6b10462a4252c9b09c4325f895f45a48db815a4c3d84a9,ext_2026-09-11.csv,69ca7283ae18fd37736827e1b19a79d3557e2e8177dbfd05c9685be22502402b,125a8602a684939576278093b306add6a6fa7a0157389f71a5c0029455ab9ba0,93db9b70dc708b67cf3584775800e9450e91f71fdb2846155d92545fcdba7492,5.1.0,E0.2,pendiente,ok,sesion,1,1,2026-09-12T03:30:04.240536+00:00
119,2026-09-11,2026-09-11,2026-09-12T03:30:04.091372+00:00,2026-09-11T20:00:00+00:00,XNYS,2026-09-14,2026-09-14T13:30:00+00:00,NVDA,nada,0,0,218.2899932861328,21.037318901784086,1.5719076088536426,40.50273019471453,"sorteo sin información (contabilidad.senales_sin_informacion, semilla 20260906, desde 2023-09-05): prueba de maquinaria, no track record",conservador,500.0,0.2.0-PROPUESTA,una acción cuesta 218.29 USD y el margen disponible es 11.91 USD; el riel no compra fracciones,2026-09-11,2026-09-11T20:00:00+00:00,69126fa20f7a39137c6b10462a4252c9b09c4325f895f45a48db815a4c3d84a9,ext_2026-09-11.csv,69ca7283ae18fd37736827e1b19a79d3557e2e8177dbfd05c9685be22502402b,125a8602a684939576278093b306add6a6fa7a0157389f71a5c0029455ab9ba0,93db9b70dc708b67cf3584775800e9450e91f71fdb2846155d92545fcdba7492,5.1.0,E0.2,pendiente,ok,sesion,1,1,2026-09-12T03:30:04.240536+00:00
120,2026-09-11,2026-09-11,2026-09-12T03:30:04.091372+00:00,2026-09-11T20:00:00+00:00,XNYS,2026-09-14,2026-09-14T13:30:00+00:00,QCOM,nada,0,0,181.97000122070312,-4.129191301637258,-19.628149705582082,11.369767102307565,"sorteo sin información (contabilidad.senales_sin_informacion, semilla 20260906, desde 2023-09-05): prueba de maquinaria, no track record",conservador,500.0,0.2.0-PROPUESTA,señal -4.13 pp bajo el umbral +1.35 pp,2026-09-11,2026-09-11T20:00:00+00:00,69126fa20f7a39137c6b10462a4252c9b09c4325f895f45a48db815a4c3d84a9,ext_2026-09-11.csv,69ca7283ae18fd37736827e1b19a79d3557e2e8177dbfd05c9685be22502402b,125a8602a684939576278093b306add6a6fa7a0157389f71a5c0029455ab9ba0,93db9b70dc708b67cf3584775800e9450e91f71fdb2846155d92545fcdba7492,5.1.0,E0.2,pendiente,ok,sesion,1,1,2026-09-12T03:30:04.240536+00:00
121,2026-09-11,2026-09-11,2026-09-12T03:30:04.091372+00:00,2026-09-11T20:00:00+00:00,XNYS,2026-09-14,2026-09-14T13:30:00+00:00,SHECY,compra,6,0,18.790000915527344,24.72435200968084,13.48011922689251,35.968584792469166,"sorteo sin información (contabilidad.senales_sin_informacion, semilla 20260906, desde 2023-09-05): prueba de maquinaria, no track record",conservador,500.0,0.2.0-PROPUESTA,,2026-09-11,2026-09-11T20:00:00+00:00,69126fa20f7a39137c6b10462a4252c9b09c4325f895f45a48db815a4c3d84a9,ext_2026-09-11.csv,69ca7283ae18fd37736827e1b19a79d3557e2e8177dbfd05c9685be22502402b,125a8602a684939576278093b306add6a6fa7a0157389f71a5c0029455ab9ba0,93db9b70dc708b67cf3584775800e9450e91f71fdb2846155d92545fcdba7492,5.1.0,E0.2,pendiente,ok,sesion,1,1,2026-09-12T03:30:04.240536+00:00
122,2026-09-11,2026-09-11,2026-09-12T03:30:04.091372+00:00,2026-09-11T20:00:00+00:00,XNYS,2026-09-14,2026-09-14T13:30:00+00:00,SMH,nada,0,0,568.530029296875,5.667200374376624,-5.633933034439399,16.968333783192648,"sorteo sin información (contabilidad.senales_sin_informacion, semilla 20260906, desde 2023-09-05): prueba de maquinaria, no track record",conservador,500.0,0.2.0-PROPUESTA,"su intervalo [-5.63, +16.97] contiene el cero",2026-09-11,2026-09-11T20:00:00+00:00,69126fa20f7a39137c6b10462a4252c9b09c4325f895f45a48db815a4c3d84a9,ext_2026-09-11.csv,69ca7283ae18fd37736827e1b19a79d3557e2e8177dbfd05c9685be22502402b,125a8602a684939576278093b306add6a6fa7a0157389f71a5c0029455ab9ba0,93db9b70dc708b67cf3584775800e9450e91f71fdb2846155d92545fcdba7492,5.1.0,E0.2,pendiente,ok,sesion,1,1,2026-09-12T03:30:04.240536+00:00
123,2026-09-11,2026-09-11,2026-09-12T03:30:04.091372+00:00,2026-09-11T20:00:00+00:00,XNYS,2026-09-14,2026-09-14T13:30:00+00:00,SNPS,nada,0,0,397.3800048828125,6.050283372335485,-5.874513115584461,17.975079860255434,"sorteo sin información (contabilidad.senales_sin_informacion, semilla 20260906, desde 2023-09-05): prueba de maquinaria, no track record",conservador,500.0,0.2.0-PROPUESTA,"su intervalo [-5.87, +17.98] contiene el cero",2026-09-11,2026-09-11T20:00:00+00:00,69126fa20f7a39137c6b10462a4252c9b09c4325f895f45a48db815a4c3d84a9,ext_2026-09-11.csv,69ca7283ae18fd37736827e1b19a79d3557e2e8177dbfd05c9685be22502402b,125a8602a684939576278093b306add6a6fa7a0157389f71a5c0029455ab9ba0,93db9b70dc708b67cf3584775800e9450e91f71fdb2846155d92545fcdba7492,5.1.0,E0.2,pendiente,ok,sesion,1,1,2026-09-12T03:30:04.240536+00:00
124,2026-09-11,2026-09-11,2026-09-12T03:30:04.091372+00:00,2026-09-11T20:00:00+00:00,XNYS,2026-09-14,2026-09-14T13:30:00+00:00,SOXX,nada,0,0,527.0700073242188,6.955316630123098,-4.292778155814235,18.203411416060433,"sorteo sin información (contabilidad.senales_sin_informacion, semilla 20260906, desde 2023-09-05): prueba de maquinaria, no track record",conservador,500.0,0.2.0-PROPUESTA,"su intervalo [-4.29, +18.20] contiene el cero",2026-09-11,2026-09-11T20:00:00+00:00,69126fa20f7a39137c6b10462a4252c9b09c4325f895f45a48db815a4c3d84a9,ext_2026-09-11.csv,69ca7283ae18fd37736827e1b19a79d3557e2e8177dbfd05c9685be22502402b,125a8602a684939576278093b306add6a6fa7a0157389f71a5c0029455ab9ba0,93db9b70dc708b67cf3584775800e9450e91f71fdb2846155d92545fcdba7492,5.1.0,E0.2,pendiente,ok,sesion,1,1,2026-09-12T03:30:04.240536+00:00
125,2026-09-11,2026-09-11,2026-09-12T03:30:04.091372+00:00,2026-09-11T20:00:00+00:00,XNYS,2026-09-14,2026-09-14T13:30:00+00:00,TER,nada,0,0,379.7200012207031,-1.5117451169031626,-16.94991320668586,13.926422972879536,"sorteo sin información (contabilidad.senales_sin_informacion, semilla 20260906, desde 2023-09-05): prueba de maquinaria, no track record",conservador,500.0,0.2.0-PROPUESTA,señal -1.51 pp bajo el umbral +1.35 pp,2026-09-11,2026-09-11T20:00:00+00:00,69126fa20f7a39137c6b10462a4252c9b09c4325f895f45a48db815a4c3d84a9,ext_2026-09-11.csv,69ca7283ae18fd37736827e1b19a79d3557e2e8177dbfd05c9685be22502402b,125a8602a684939576278093b306add6a6fa7a0157389f71a5c0029455ab9ba0,93db9b70dc708b67cf3584775800e9450e91f71fdb2846155d92545fcdba7492,5.1.0,E0.2,pendiente,ok,sesion,1,1,2026-09-12T03:30:04.240536+00:00
126,2026-09-11,2026-09-11,2026-09-12T03:30:04.091372+00:00,2026-09-11T20:00:00+00:00,XNYS,2026-09-14,2026-09-14T13:30:00+00:00,TOELY,nada,0,0,169.7100067138672,-3.0027313345226236,-17.800236430664533,11.794773761619284,"sorteo sin información (contabilidad.senales_sin_informacion, semilla 20260906, desde 2023-09-05): prueba de maquinaria, no track record",conservador,500.0,0.2.0-PROPUESTA,señal -3.00 pp bajo el umbral +1.35 pp,2026-09-11,2026-09-11T20:00:00+00:00,69126fa20f7a39137c6b10462a4252c9b09c4325f895f45a48db815a4c3d84a9,ext_2026-09-11.csv,69ca7283ae18fd37736827e1b19a79d3557e2e8177dbfd05c9685be22502402b,125a8602a684939576278093b306add6a6fa7a0157389f71a5c0029455ab9ba0,93db9b70dc708b67cf3584775800e9450e91f71fdb2846155d92545fcdba7492,5.1.0,E0.2,pendiente,ok,sesion,1,1,2026-09-12T03:30:04.240536+00:00
127,2026-09-11,2026-09-11,2026-09-12T03:30:04.091372+00:00,2026-09-11T20:00:00+00:00,XNYS,2026-09-14,2026-09-14T13:30:00+00:00,TSEM,nada,0,0,211.5200042724609,-12.741065084489877,-27.290194645906354,1.8080644769266012,"sorteo sin información (contabilidad.senales_sin_informacion, semilla 20260906, desde 2023-09-05): prueba de maquinaria, no track record",conservador,500.0,0.2.0-PROPUESTA,señal -12.74 pp bajo el umbral +1.35 pp,2026-09-11,2026-09-11T20:00:00+00:00,69126fa20f7a39137c6b10462a4252c9b09c4325f895f45a48db815a4c3d84a9,ext_2026-09-11.csv,69ca7283ae18fd37736827e1b19a79d3557e2e8177dbfd05c9685be22502402b,125a8602a684939576278093b306add6a6fa7a0157389f71a5c0029455ab9ba0,93db9b70dc708b67cf3584775800e9450e91f71fdb2846155d92545fcdba7492,5.1.0,E0.2,pendiente,ok,sesion,1,1,2026-09-12T03:30:04.240536+00:00
128,2026-09-11,2026-09-11,2026-09-12T03:30:04.091372+00:00,2026-09-11T20:00:00+00:00,XNYS,2026-09-14,2026-09-14T13:30:00+00:00,TSM,nada,0,0,433.239990234375,12.784085708809002,-0.26421122925668605,25.83238264687469,"sorteo sin información (contabilidad.senales_sin_informacion, semilla 20260906, desde 2023-09-05): prueba de maquinaria, no track record",conservador,500.0,0.2.0-PROPUESTA,"su intervalo [-0.26, +25.83] contiene el cero",2026-09-11,2026-09-11T20:00:00+00:00,69126fa20f7a39137c6b10462a4252c9b09c4325f895f45a48db815a4c3d84a9,ext_2026-09-11.csv,69ca7283ae18fd37736827e1b19a79d3557e2e8177dbfd05c9685be22502402b,125a8602a684939576278093b306add6a6fa7a0157389f71a5c0029455ab9ba0,93db9b70dc708b67cf3584775800e9450e91f71fdb2846155d92545fcdba7492,5.1.0,E0.2,pendiente,ok,sesion,1,1,2026-09-12T03:30:04.240536+00:00
129,2026-09-11,2026-09-11,2026-09-12T03:30:04.091372+00:00,2026-09-11T20:00:00+00:00,XNYS,2026-09-14,2026-09-14T13:30:00+00:00,UMC,nada,0,0,22.63999938964844,-12.17063869274776,-29.364331550935525,5.023054165440007,"sorteo sin información (contabilidad.senales_sin_informacion, semilla 20260906, desde 2023-09-05): prueba de maquinaria, no track record",conservador,500.0,0.2.0-PROPUESTA,señal -12.17 pp bajo el umbral +1.35 pp,2026-09-11,2026-09-11T20:00:00+00:00,69126fa20f7a39137c6b10462a4252c9b09c4325f895f45a48db815a4c3d84a9,ext_2026-09-11.csv,69ca7283ae18fd37736827e1b19a79d3557e2e8177dbfd05c9685be22502402b,125a8602a684939576278093b306add6a6fa7a0157389f71a5c0029455ab9ba0,93db9b70dc708b67cf3584775800e9450e91f71fdb2846155d92545fcdba7492,5.1.0,E0.2,pendiente,ok,sesion,1,1,2026-09-12T03:30:04.240536+00:00
130,2026-09-11,2026-09-11,2026-09-12T03:30:04.091372+00:00,2026-09-11T20:00:00+00:00,XNYS,2026-09-14,2026-09-14T13:30:00+00:00,VRT,nada,0,0,257.0599975585937,-0.2051323502399116,-19.893345114330607,19.483080413850786,"sorteo sin información (contabilidad.senales_sin_informacion, semilla 20260906, desde 2023-09-05): prueba de maquinaria, no track record",conservador,500.0,0.2.0-PROPUESTA,señal -0.21 pp bajo el umbral +1.35 pp,2026-09-11,2026-09-11T20:00:00+00:00,69126fa20f7a39137c6b10462a4252c9b09c4325f895f45a48db815a4c3d84a9,ext_2026-09-11.csv,69ca7283ae18fd37736827e1b19a79d3557e2e8177dbfd05c9685be22502402b,125a8602a684939576278093b306add6a6fa7a0157389f71a5c0029455ab9ba0,93db9b70dc708b67cf3584775800e9450e91f71fdb2846155d92545fcdba7492,5.1.0,E0.2,pendiente,ok,sesion,1,1,2026-09-12T03:30:04.240536+00:00
131,2026-09-11,2026-09-11,2026-09-12T03:30:04.091372+00:00,2026-09-11T20:00:00+00:00,XNYS,2026-09-14,2026-09-14T13:30:00+00:00,WDC,nada,0,0,447.1799926757813,-11.74078502439948,-30.623825693885706,7.142255645086744,"sorteo sin información (contabilidad.senales_sin_informacion, semilla 20260906, desde 2023-09-05): prueba de maquinaria, no track record",conservador,500.0,0.2.0-PROPUESTA,señal -11.74 pp bajo el umbral +1.35 pp,2026-09-11,2026-09-11T20:00:00+00:00,69126fa20f7a39137c6b10462a4252c9b09c4325f895f45a48db815a4c3d84a9,ext_2026-09-11.csv,69ca7283ae18fd37736827e1b19a79d3557e2e8177dbfd05c9685be22502402b,125a8602a684939576278093b306add6a6fa7a0157389f71a5c0029455ab9ba0,93db9b70dc708b67cf3584775800e9450e91f71fdb2846155d92545fcdba7492,5.1.0,E0.2,pendiente,ok,sesion,1,1,2026-09-12T03:30:04.240536+00:00
132,2026-09-11,2026-09-11,2026-09-12T03:30:04.091372+00:00,2026-09-11T20:00:00+00:00,XNYS,2026-09-14,2026-09-14T13:30:00+00:00,XSD,nada,0,0,505.5700073242188,19.70109318769977,7.4840469092452455,31.918139466154294,"sorteo sin información (contabilidad.senales_sin_informacion, semilla 20260906, desde 2023-09-05): prueba de maquinaria, no track record",conservador,500.0,0.2.0-PROPUESTA,una acción cuesta 505.57 USD y el margen disponible es 11.91 USD; el riel no compra fracciones,2026-09-11,2026-09-11T20:00:00+00:00,69126fa20f7a39137c6b10462a4252c9b09c4325f895f45a48db815a4c3d84a9,ext_2026-09-11.csv,69ca7283ae18fd37736827e1b19a79d3557e2e8177dbfd05c9685be22502402b,125a8602a684939576278093b306add6a6fa7a0157389f71a5c0029455ab9ba0,93db9b70dc708b67cf3584775800e9450e91f71fdb2846155d92545fcdba7492,5.1.0,E0.2,pendiente,ok,sesion,1,1,2026-09-12T03:30:04.240536+00:00
133,2026-09-14,2026-09-14,2026-09-15T03:30:03.996876+00:00,2026-09-14T20:00:00+00:00,XNYS,2026-09-15,2026-09-15T13:30:00+00:00,AMAT,nada,0,0,424.2099914550781,-9.778643712012036,-24.43025888624659,4.872971462222521,"sorteo sin información (contabilidad.senales_sin_informacion, semilla 20260906, desde 2023-09-05): prueba de maquinaria, no track record",conservador,500.0,0.2.0-PROPUESTA,señal -9.78 pp bajo el umbral +1.35 pp,2026-09-14,2026-09-14T20:00:00+00:00,74ebdd00920ff05c5ad48e4d4802630ef615b755d113dbb0841631cb23f4d099,ext_2026-09-14.csv,69ca7283ae18fd37736827e1b19a79d3557e2e8177dbfd05c9685be22502402b,125a8602a684939576278093b306add6a6fa7a0157389f71a5c0029455ab9ba0,93db9b70dc708b67cf3584775800e9450e91f71fdb2846155d92545fcdba7492,5.1.0,E0.2,pendiente,ok,sesion,1,1,2026-09-15T03:30:04.153678+00:00
134,2026-09-14,2026-09-14,2026-09-15T03:30:03.996876+00:00,2026-09-14T20:00:00+00:00,XNYS,2026-09-15,2026-09-15T13:30:00+00:00,AMD,nada,0,0,493.4100036621094,24.834611515785056,5.214632267510044,44.45459076406007,"sorteo sin información (contabilidad.senales_sin_informacion, semilla 20260906, desde 2023-09-05): prueba de maquinaria, no track record",conservador,500.0,0.2.0-PROPUESTA,una acción cuesta 493.41 USD y el margen disponible es 15.15 USD; el riel no compra fracciones,2026-09-14,2026-09-14T20:00:00+00:00,74ebdd00920ff05c5ad48e4d4802630ef615b755d113dbb0841631cb23f4d099,ext_2026-09-14.csv,69ca7283ae18fd37736827e1b19a79d3557e2e8177dbfd05c9685be22502402b,125a8602a684939576278093b306add6a6fa7a0157389f71a5c0029455ab9ba0,93db9b70dc708b67cf3584775800e9450e91f71fdb2846155d92545fcdba7492,5.1.0,E0.2,pendiente,ok,sesion,1,1,2026-09-15T03:30:04.153678+00:00
135,2026-09-14,2026-09-14,2026-09-15T03:30:03.996876+00:00,2026-09-14T20:00:00+00:00,XNYS,2026-09-15,2026-09-15T13:30:00+00:00,AMKR,nada,0,0,47.119998931884766,22.652642456889517,3.3535690079123768,41.951715905866656,"sorteo sin información (contabilidad.senales_sin_informacion, semilla 20260906, desde 2023-09-05): prueba de maquinaria, no track record",conservador,500.0,0.2.0-PROPUESTA,una acción cuesta 47.12 USD y el margen disponible es 15.15 USD; el riel no compra fracciones,2026-09-14,2026-09-14T20:00:00+00:00,74ebdd00920ff05c5ad48e4d4802630ef615b755d113dbb0841631cb23f4d099,ext_2026-09-14.csv,69ca7283ae18fd37736827e1b19a79d3557e2e8177dbfd05c9685be22502402b,125a8602a684939576278093b306add6a6fa7a0157389f71a5c0029455ab9ba0,93db9b70dc708b67cf3584775800e9450e91f71fdb2846155d92545fcdba7492,5.1.0,E0.2,pendiente,ok,sesion,1,1,2026-09-15T03:30:04.153678+00:00
136,2026-09-14,2026-09-14,2026-09-15T03:30:03.996876+00:00,2026-09-14T20:00:00+00:00,XNYS,2026-09-15,2026-09-15T13:30:00+00:00,AMZN,nada,0,0,253.5399932861328,1.0878124324734673,-11.264873729749777,13.440498594696713,"sorteo sin información (contabilidad.senales_sin_informacion, semilla 20260906, desde 2023-09-05): prueba de maquinaria, no track record",conservador,500.0,0.2.0-PROPUESTA,señal +1.09 pp bajo el umbral +1.35 pp,2026-09-14,2026-09-14T20:00:00+00:00,74ebdd00920ff05c5ad48e4d4802630ef615b755d113dbb0841631cb23f4d099,ext_2026-09-14.csv,69ca7283ae18fd37736827e1b19a79d3557e2e8177dbfd05c9685be22502402b,125a8602a684939576278093b306add6a6fa7a0157389f71a5c0029455ab9ba0,93db9b70dc708b67cf3584775800e9450e91f71fdb2846155d92545fcdba7492,5.1.0,E0.2,pendiente,ok,sesion,1,1,2026-09-15T03:30:04.153678+00:00
137,2026-09-14,2026-09-14,2026-09-15T03:30:03.996876+00:00,2026-09-14T20:00:00+00:00,XNYS,2026-09-15,2026-09-15T13:30:00+00:00,ASX,nada,0,0,37.08000183105469,6.420762654352674,-7.4420998085326415,20.28362511723799,"sorteo sin información (contabilidad.senales_sin_informacion, semilla 20260906, desde 2023-09-05): prueba de maquinaria, no track record",conservador,500.0,0.2.0-PROPUESTA,"su intervalo [-7.44, +20.28] contiene el cero",2026-09-14,2026-09-14T20:00:00+00:00,74ebdd00920ff05c5ad48e4d4802630ef615b755d113dbb0841631cb23f4d099,ext_2026-09-14.csv,69ca7283ae18fd37736827e1b19a79d3557e2e8177dbfd05c9685be22502402b,125a8602a684939576278093b306add6a6fa7a0157389f71a5c0029455ab9ba0,93db9b70dc708b67cf3584775800e9450e91f71fdb2846155d92545fcdba7492,5.1.0,E0.2,pendiente,ok,sesion,1,1,2026-09-15T03:30:04.153678+00:00
138,2026-09-14,2026-09-14,2026-09-15T03:30:03.996876+00:00,2026-09-14T20:00:00+00:00,XNYS,2026-09-15,2026-09-15T13:30:00+00:00,AVGO,nada,0,0,344.7200012207031,-10.548627675863342,-22.361531275969124,1.2642759242424404,"sorteo sin información (contabilidad.senales_sin_informacion, semilla 20260906, desde 2023-09-05): prueba de maquinaria, no track record",conservador,500.0,0.2.0-PROPUESTA,señal -10.55 pp bajo el umbral +1.35 pp,2026-09-14,2026-09-14T20:00:00+00:00,74ebdd00920ff05c5ad48e4d4802630ef615b755d113dbb0841631cb23f4d099,ext_2026-09-14.csv,69ca7283ae18fd37736827e1b19a79d3557e2e8177dbfd05c9685be22502402b,125a8602a684939576278093b306add6a6fa7a0157389f71a5c0029455ab9ba0,93db9b70dc708b67cf3584775800e9450e91f71fdb2846155d92545fcdba7492,5.1.0,E0.2,pendiente,ok,sesion,1,1,2026-09-15T03:30:04.153678+00:00
139,2026-09-14,2026-09-14,2026-09-15T03:30:03.996876+00:00,2026-09-14T20:00:00+00:00,XNYS,2026-09-15,2026-09-15T13:30:00+00:00,CDNS,nada,0,0,279.0599975585937,-3.765666184456895,-15.88698726827668,8.35565489936289,"sorteo sin información (contabilidad.senales_sin_informacion, semilla 20260906, desde 2023-09-05): prueba de maquinaria, no track record",conservador,500.0,0.2.0-PROPUESTA,señal -3.77 pp bajo el umbral +1.35 pp,2026-09-14,2026-09-14T20:00:00+00:00,74ebdd00920ff05c5ad48e4d4802630ef615b755d113dbb0841631cb23f4d099,ext_2026-09-14.csv,69ca7283ae18fd37736827e1b19a79d3557e2e8177dbfd05c9685be22502402b,125a8602a684939576278093b306add6a6fa7a0157389f71a5c0029455ab9ba0,93db9b70dc708b67cf3584775800e9450e91f71fdb2846155d92545fcdba7492,5.1.0,E0.2,pendiente,ok,sesion,1,1,2026-09-15T03:30:04.153678+00:00
140,2026-09-14,2026-09-14,2026-09-15T03:30:03.996876+00:00,2026-09-14T20:00:00+00:00,XNYS,2026-09-15,2026-09-15T13:30:00+00:00,ENTG,nada,0,0,128.52000427246094,26.95177942046161,12.367327617294963,41.536231223628256,"sorteo sin información (contabilidad.senales_sin_informacion, semilla 20260906, desde 2023-09-05): prueba de maquinaria, no track record",conservador,500.0,0.2.0-PROPUESTA,una acción cuesta 128.52 USD y el margen disponible es 15.15 USD; el riel no compra fracciones,2026-09-14,2026-09-14T20:00:00+00:00,74ebdd00920ff05c5ad48e4d4802630ef615b755d113dbb0841631cb23f4d099,ext_2026-09-14.csv,69ca7283ae18fd37736827e1b19a79d3557e2e8177dbfd05c9685be22502402b,125a8602a684939576278093b306add6a6fa7a0157389f71a5c0029455ab9ba0,93db9b70dc708b67cf3584775800e9450e91f71fdb2846155d92545fcdba7492,5.1.0,E0.2,pendiente,ok,sesion,1,1,2026-09-15T03:30:04.153678+00:00
141,2026-09-14,2026-09-14,2026-09-15T03:30:03.996876+00:00,2026-09-14T20:00:00+00:00,XNYS,2026-09-15,2026-09-15T13:30:00+00:00,GFS,nada,0,0,43.540000915527344,-1.2763897330159257,-21.78801826316403,19.23523879713218,"sorteo sin información (contabilidad.senales_sin_informacion, semilla 20260906, desde 2023-09-05): prueba de maquinaria, no track record",conservador,500.0,0.2.0-PROPUESTA,señal -1.28 pp bajo el umbral +1.35 pp,2026-09-14,2026-09-14T20:00:00+00:00,74ebdd00920ff05c5ad48e4d4802630ef615b755d113dbb0841631cb23f4d099,ext_2026-09-14.csv,69ca7283ae18fd37736827e1b19a79d3557e2e8177dbfd05c9685be22502402b,125a8602a684939576278093b306add6a6fa7a0157389f71a5c0029455ab9ba0,93db9b70dc708b67cf3584775800e9450e91f71fdb2846155d92545fcdba7492,5.1.0,E0.2,pendiente,ok,sesion,1,1,2026-09-15T03:30:04.153678+00:00
142,2026-09-14,2026-09-14,2026-09-15T03:30:03.996876+00:00,2026-09-14T20:00:00+00:00,XNYS,2026-09-15,2026-09-15T13:30:00+00:00,GOOGL,nada,0,0,349.3900146484375,-8.290401787252776,-18.281708096445406,1.7009045219398562,"sorteo sin información (contabilidad.senales_sin_informacion, semilla 20260906, desde 2023-09-05): prueba de maquinaria, no track record",conservador,500.0,0.2.0-PROPUESTA,señal -8.29 pp bajo el umbral +1.35 pp,2026-09-14,2026-09-14T20:00:00+00:00,74ebdd00920ff05c5ad48e4d4802630ef615b755d113dbb0841631cb23f4d099,ext_2026-09-14.csv,69ca7283ae18fd37736827e1b19a79d3557e2e8177dbfd05c9685be22502402b,125a8602a684939576278093b306add6a6fa7a0157389f71a5c0029455ab9ba0,93db9b70dc708b67cf3584775800e9450e91f71fdb2846155d92545fcdba7492,5.1.0,E0.2,pendiente,ok,sesion,1,1,2026-09-15T03:30:04.153678+00:00
143,2026-09-14,2026-09-14,2026-09-15T03:30:03.996876+00:00,2026-09-14T20:00:00+00:00,XNYS,2026-09-15,2026-09-15T13:30:00+00:00,GSM,nada,0,0,4.21999979019165,-40.00000492757451,-79.44134688919632,-0.558662965952692,"sorteo sin información (contabilidad.senales_sin_informacion, semilla 20260906, desde 2023-09-05): prueba de maquinaria, no track record",conservador,500.0,0.2.0-PROPUESTA,señal -40.00 pp bajo el umbral +1.35 pp,2026-09-14,2026-09-14T20:00:00+00:00,74ebdd00920ff05c5ad48e4d4802630ef615b755d113dbb0841631cb23f4d099,ext_2026-09-14.csv,69ca7283ae18fd37736827e1b19a79d3557e2e8177dbfd05c9685be22502402b,125a8602a684939576278093b306add6a6fa7a0157389f71a5c0029455ab9ba0,93db9b70dc708b67cf3584775800e9450e91f71fdb2846155d92545fcdba7492,5.1.0,E0.2,pendiente,ok,sesion,1,1,2026-09-15T03:30:04.153678+00:00
144,2026-09-14,2026-09-14,2026-09-15T03:30:03.996876+00:00,2026-09-14T20:00:00+00:00,XNYS,2026-09-15,2026-09-15T13:30:00+00:00,INTC,nada,0,0,97.19000244140624,3.3168950861045987,-8.704951134507958,15.338741306717157,"sorteo sin información (contabilidad.senales_sin_informacion, semilla 20260906, desde 2023-09-05): prueba de maquinaria, no track record",conservador,500.0,0.2.0-PROPUESTA,"su intervalo [-8.70, +15.34] contiene el cero",2026-09-14,2026-09-14T20:00:00+00:00,74ebdd00920ff05c5ad48e4d4802630ef615b755d113dbb0841631cb23f4d099,ext_2026-09-14.csv,69ca7283ae18fd37736827e1b19a79d3557e2e8177dbfd05c9685be22502402b,125a8602a684939576278093b306add6a6fa7a0157389f71a5c0029455ab9ba0,93db9b70dc708b67cf3584775800e9450e91f71fdb2846155d92545fcdba7492,5.1.0,E0.2,pendiente,ok,sesion,1,1,2026-09-15T03:30:04.153678+00:00
145,2026-09-14,2026-09-14,2026-09-15T03:30:03.996876+00:00,2026-09-14T20:00:00+00:00,XNYS,2026-09-15,2026-09-15T13:30:00+00:00,KLAC,nada,0,0,169.08999633789062,9.633195150891094,-4.131978599333358,23.398368901115546,"sorteo sin información (contabilidad.senales_sin_informacion, semilla 20260906, desde 2023-09-05): prueba de maquinaria, no track record",conservador,500.0,0.2.0-PROPUESTA,"su intervalo [-4.13, +23.40] contiene el cero",2026-09-14,2026-09-14T20:00:00+00:00,74ebdd00920ff05c5ad48e4d4802630ef615b755d113dbb0841631cb23f4d099,ext_2026-09-14.csv,69ca7283ae18fd37736827e1b19a79d3557e2e8177dbfd05c9685be22502402b,125a8602a684939576278093b306add6a6fa7a0157389f71a5c0029455ab9ba0,93db9b70dc708b67cf3584775800e9450e91f71fdb2846155d92545fcdba7492,5.1.0,E0.2,pendiente,ok,sesion,1,1,2026-09-15T03:30:04.153678+00:00
146,2026-09-14,2026-09-14,2026-09-15T03:30:03.996876+00:00,2026-09-14T20:00:00+00:00,XNYS,2026-09-15,2026-09-15T13:30:00+00:00,LIN,nada,0,0,464.4100036621094,-1.4313869973211046,-10.086780292206416,7.224006297564208,"sorteo sin información (contabilidad.senales_sin_informacion, semilla 20260906, desde 2023-09-05): prueba de maquinaria, no track record",conservador,500.0,0.2.0-PROPUESTA,señal -1.43 pp bajo el umbral +1.35 pp,2026-09-14,2026-09-14T20:00:00+00:00,74ebdd00920ff05c5ad48e4d4802630ef615b755d113dbb0841631cb23f4d099,ext_2026-09-14.csv,69ca7283ae18fd37736827e1b19a79d3557e2e8177dbfd05c9685be22502402b,125a8602a684939576278093b306add6a6fa7a0157389f71a5c0029455ab9ba0,93db9b70dc708b67cf3584775800e9450e91f71fdb2846155d92545fcdba7492,5.1.0,E0.2,pendiente,ok,sesion,1,1,2026-09-15T03:30:04.153678+00:00
147,2026-09-14,2026-09-14,2026-09-15T03:30:03.996876+00:00,2026-09-14T20:00:00+00:00,XNYS,2026-09-15,2026-09-15T13:30:00+00:00,LRCX,nada,0,0,273.489990234375,1.0801911564098488,-14.416810278416747,16.577192591236443,"sorteo sin información (contabilidad.senales_sin_informacion, semilla 20260906, desde 2023-09-05): prueba de maquinaria, no track record",conservador,500.0,0.2.0-PROPUESTA,señal +1.08 pp bajo el umbral +1.35 pp,2026-09-14,2026-09-14T20:00:00+00:00,74ebdd00920ff05c5ad48e4d4802630ef615b755d113dbb0841631cb23f4d099,ext_2026-09-14.csv,69ca7283ae18fd37736827e1b19a79d3557e2e8177dbfd05c9685be22502402b,125a8602a684939576278093b306add6a6fa7a0157389f71a5c0029455ab9ba0,93db9b70dc708b67cf3584775800e9450e91f71fdb2846155d92545fcdba7492,5.1.0,E0.2,pendiente,ok,sesion,1,1,2026-09-15T03:30:04.153678+00:00
148,2026-09-14,2026-09-14,2026-09-15T03:30:03.996876+00:00,2026-09-14T20:00:00+00:00,XNYS,2026-09-15,2026-09-15T13:30:00+00:00,META,nada,0,0,665.5999755859375,-11.871871851689676,-26.698000851419188,2.9542571480398383,"sorteo sin información (contabilidad.senales_sin_informacion, semilla 20260906, desde 2023-09-05): prueba de maquinaria, no track record",conservador,500.0,0.2.0-PROPUESTA,señal -11.87 pp bajo el umbral +1.35 pp,2026-09-14,2026-09-14T20:00:00+00:00,74ebdd00920ff05c5ad48e4d4802630ef615b755d113dbb0841631cb23f4d099,ext_2026-09-14.csv,69ca7283ae18fd37736827e1b19a79d3557e2e8177dbfd05c9685be22502402b,125a8602a684939576278093b306add6a6fa7a0157389f71a5c0029455ab9ba0,93db9b70dc708b67cf3584775800e9450e91f71fdb2846155d92545fcdba7492,5.1.0,E0.2,pendiente,ok,sesion,1,1,2026-09-15T03:30:04.153678+00:00
149,2026-09-14,2026-09-14,2026-09-15T03:30:03.996876+00:00,2026-09-14T20:00:00+00:00,XNYS,2026-09-15,2026-09-15T13:30:00+00:00,MKSI,nada,0,0,239.2700042724609,7.453705290250023,-8.271056058807247,23.178466639307295,"sorteo sin información (contabilidad.senales_sin_informacion, semilla 20260906, desde 2023-09-05): prueba de maquinaria, no track record",conservador,500.0,0.2.0-PROPUESTA,"su intervalo [-8.27, +23.18] contiene el cero",2026-09-14,2026-09-14T20:00:00+00:00,74ebdd00920ff05c5ad48e4d4802630ef615b755d113dbb0841631cb23f4d099,ext_2026-09-14.csv,69ca7283ae18fd37736827e1b19a79d3557e2e8177dbfd05c9685be22502402b,125a8602a684939576278093b306add6a6fa7a0157389f71a5c0029455ab9ba0,93db9b70dc708b67cf3584775800e9450e91f71fdb2846155d92545fcdba7492,5.1.0,E0.2,pendiente,ok,sesion,1,1,2026-09-15T03:30:04.153678+00:00
150,2026-09-14,2026-09-14,2026-09-15T03:30:03.996876+00:00,2026-09-14T20:00:00+00:00,XNYS,2026-09-15,2026-09-15T13:30:00+00:00,MSFT,nada,0,0,505.4100036621094,4.027500229298409,-4.730589368911741,12.78558982750856,"sorteo sin información (contabilidad.senales_sin_informacion, semilla 20260906, desde 2023-09-05): prueba de maquinaria, no track record",conservador,500.0,0.2.0-PROPUESTA,"su intervalo [-4.73, +12.79] contiene el cero",2026-09-14,2026-09-14T20:00:00+00:00,74ebdd00920ff05c5ad48e4d4802630ef615b755d113dbb0841631cb23f4d099,ext_2026-09-14.csv,69ca7283ae18fd37736827e1b19a79d3557e2e8177dbfd05c9685be22502402b,125a8602a684939576278093b306add6a6fa7a0157389f71a5c0029455ab9ba0,93db9b70dc708b67cf3584775800e9450e91f71fdb2846155d92545fcdba7492,5.1.0,E0.2,pendiente,ok,sesion,1,1,2026-09-15T03:30:04.153678+00:00
151,2026-09-14,2026-09-14,2026-09-15T03:30:03.996876+00:00,2026-09-14T20:00:00+00:00,XNYS,2026-09-15,2026-09-15T13:30:00+00:00,MU,nada,0,0,924.030029296875,2.3337947893786737,-12.61828395620494,17.285873534962285,"sorteo sin información (contabilidad.senales_sin_informacion, semilla 20260906, desde 2023-09-05): prueba de maquinaria, no track record",conservador,500.0,0.2.0-PROPUESTA,"su intervalo [-12.62, +17.29] contiene el cero",2026-09-14,2026-09-14T20:00:00+00:00,74ebdd00920ff05c5ad48e4d4802630ef615b755d113dbb0841631cb23f4d099,ext_2026-09-14.csv,69ca7283ae18fd37736827e1b19a79d3557e2e8177dbfd05c9685be22502402b,125a8602a684939576278093b306add6a6fa7a0157389f71a5c0029455ab9ba0,93db9b70dc708b67cf3584775800e9450e91f71fdb2846155d92545fcdba7492,5.1.0,E0.2,pendiente,ok,sesion,1,1,2026-09-15T03:30:04.153678+00:00
152,2026-09-14,2026-09-14,2026-09-15T03:30:03.996876+00:00,2026-09-14T20:00:00+00:00,XNYS,2026-09-15,2026-09-15T13:30:00+00:00,NVDA,nada,0,0,210.9600067138672,-1.7022899989111218,-21.167701291841567,17.76312129401932,"sorteo sin información (contabilidad.senales_sin_informacion, semilla 20260906, desde 2023-09-05): prueba de maquinaria, no track record",conservador,500.0,0.2.0-PROPUESTA,señal -1.70 pp bajo el umbral +1.35 pp,2026-09-14,2026-09-14T20:00:00+00:00,74ebdd00920ff05c5ad48e4d4802630ef615b755d113dbb0841631cb23f4d099,ext_2026-09-14.csv,69ca7283ae18fd37736827e1b19a79d3557e2e8177dbfd05c9685be22502402b,125a8602a684939576278093b306add6a6fa7a0157389f71a5c0029455ab9ba0,93db9b70dc708b67cf3584775800e9450e91f71fdb2846155d92545fcdba7492,5.1.0,E0.2,pendiente,ok,sesion,1,1,2026-09-15T03:30:04.153678+00:00
153,2026-09-14,2026-09-14,2026-09-15T03:30:03.996876+00:00,2026-09-14T20:00:00+00:00,XNYS,2026-09-15,2026-09-15T13:30:00+00:00,QCOM,nada,0,0,180.1499938964844,-8.813790371914687,-24.31274877585951,6.685168032030136,"sorteo sin información (contabilidad.senales_sin_informacion, semilla 20260906, desde 2023-09-05): prueba de maquinaria, no track record",conservador,500.0,0.2.0-PROPUESTA,señal -8.81 pp bajo el umbral +1.35 pp,2026-09-14,2026-09-14T20:00:00+00:00,74ebdd00920ff05c5ad48e4d4802630ef615b755d113dbb0841631cb23f4d099,ext_2026-09-14.csv,69ca7283ae18fd37736827e1b19a79d3557e2e8177dbfd05c9685be22502402b,125a8602a684939576278093b306add6a6fa7a0157389f71a5c0029455ab9ba0,93db9b70dc708b67cf3584775800e9450e91f71fdb2846155d92545fcdba7492,5.1.0,E0.2,pendiente,ok,sesion,1,1,2026-09-15T03:30:04.153678+00:00
154,2026-09-14,2026-09-14,2026-09-15T03:30:03.996876+00:00,2026-09-14T20:00:00+00:00,XNYS,2026-09-15,2026-09-15T13:30:00+00:00,SHECY,nada,0,0,18.549999237060547,7.14886325776205,-4.095369525026278,18.39309604055038,"sorteo sin información (contabilidad.senales_sin_informacion, semilla 20260906, desde 2023-09-05): prueba de maquinaria, no track record",conservador,500.0,0.2.0-PROPUESTA,"su intervalo [-4.10, +18.39] contiene el cero",2026-09-14,2026-09-14T20:00:00+00:00,74ebdd00920ff05c5ad48e4d4802630ef615b755d113dbb0841631cb23f4d099,ext_2026-09-14.csv,69ca7283ae18fd37736827e1b19a79d3557e2e8177dbfd05c9685be22502402b,125a8602a684939576278093b306add6a6fa7a0157389f71a5c0029455ab9ba0,93db9b70dc708b67cf3584775800e9450e91f71fdb2846155d92545fcdba7492,5.1.0,E0.2,pendiente,ok,sesion,1,1,2026-09-15T03:30:04.153678+00:00
155,2026-09-14,2026-09-14,2026-09-15T03:30:03.996876+00:00,2026-09-14T20:00:00+00:00,XNYS,2026-09-15,2026-09-15T13:30:00+00:00,SMH,nada,0,0,541.5,-5.627139226939559,-16.928272635755583,5.673994181876464,"sorteo sin información (contabilidad.senales_sin_informacion, semilla 20260906, desde 2023-09-05): prueba de maquinaria, no track record",conservador,500.0,0.2.0-PROPUESTA,señal -5.63 pp bajo el umbral +1.35 pp,2026-09-14,2026-09-14T20:00:00+00:00,74ebdd00920ff05c5ad48e4d4802630ef615b755d113dbb0841631cb23f4d099,ext_2026-09-14.csv,69ca7283ae18fd37736827e1b19a79d3557e2e8177dbfd05c9685be22502402b,125a8602a684939576278093b306add6a6fa7a0157389f71a5c0029455ab9ba0,93db9b70dc708b67cf3584775800e9450e91f71fdb2846155d92545fcdba7492,5.1.0,E0.2,pendiente,ok,sesion,1,1,2026-09-15T03:30:04.153678+00:00
156,2026-09-14,2026-09-14,2026-09-15T03:30:03.996876+00:00,2026-09-14T20:00:00+00:00,XNYS,2026-09-15,2026-09-15T13:30:00+00:00,SNPS,nada,0,0,381.4299926757813,14.850591951453351,2.9257954635334045,26.775388439373298,"sorteo sin información (contabilidad.senales_sin_informacion, semilla 20260906, desde 2023-09-05): prueba de maquinaria, no track record",conservador,500.0,0.2.0-PROPUESTA,una acción cuesta 381.43 USD y el margen disponible es 15.15 USD; el riel no compra fracciones,2026-09-14,2026-09-14T20:00:00+00:00,74ebdd00920ff05c5ad48e4d4802630ef615b755d113dbb0841631cb23f4d099,ext_2026-09-14.csv,69ca7283ae18fd37736827e1b19a79d3557e2e8177dbfd05c9685be22502402b,125a8602a684939576278093b306add6a6fa7a0157389f71a5c0029455ab9ba0,93db9b70dc708b67cf3584775800e9450e91f71fdb2846155d92545fcdba7492,5.1.0,E0.2,pendiente,ok,sesion,1,1,2026-09-15T03:30:04.153678+00:00
157,2026-09-14,2026-09-14,2026-09-15T03:30:03.996876+00:00,2026-09-14T20:00:00+00:00,XNYS,2026-09-15,2026-09-15T13:30:00+00:00,SOXX,nada,0,0,497.3999938964844,18.091891022747355,6.843796236810022,29.339985808684688,"sorteo sin información (contabilidad.senales_sin_informacion, semilla 20260906, desde 2023-09-05): prueba de maquinaria, no track record",conservador,500.0,0.2.0-PROPUESTA,una acción cuesta 497.40 USD y el margen disponible es 15.15 USD; el riel no compra fracciones,2026-09-14,2026-09-14T20:00:00+00:00,74ebdd00920ff05c5ad48e4d4802630ef615b755d113dbb0841631cb23f4d099,ext_2026-09-14.csv,69ca7283ae18fd37736827e1b19a79d3557e2e8177dbfd05c9685be22502402b,125a8602a684939576278093b306add6a6fa7a0157389f71a5c0029455ab9ba0,93db9b70dc708b67cf3584775800e9450e91f71fdb2846155d92545fcdba7492,5.1.0,E0.2,pendiente,ok,sesion,1,1,2026-09-15T03:30:04.153678+00:00
158,2026-09-14,2026-09-14,2026-09-15T03:30:03.996876+00:00,2026-09-14T20:00:00+00:00,XNYS,2026-09-15,2026-09-15T13:30:00+00:00,TER,nada,0,0,329.20001220703125,12.47554934586561,-2.962618743917087,27.91371743564831,"sorteo sin información (contabilidad.senales_sin_informacion, semilla 20260906, desde 2023-09-05): prueba de maquinaria, no track record",conservador,500.0,0.2.0-PROPUESTA,"su intervalo [-2.96, +27.91] contiene el cero",2026-09-14,2026-09-14T20:00:00+00:00,74ebdd00920ff05c5ad48e4d4802630ef615b755d113dbb0841631cb23f4d099,ext_2026-09-14.csv,69ca7283ae18fd37736827e1b19a79d3557e2e8177dbfd05c9685be22502402b,125a8602a684939576278093b306add6a6fa7a0157389f71a5c0029455ab9ba0,93db9b70dc708b67cf3584775800e9450e91f71fdb2846155d92545fcdba7492,5.1.0,E0.2,pendiente,ok,sesion,1,1,2026-09-15T03:30:04.153678+00:00
159,2026-09-14,2026-09-14,2026-09-15T03:30:03.996876+00:00,2026-09-14T20:00:00+00:00,XNYS,2026-09-15,2026-09-15T13:30:00+00:00,TOELY,nada,0,0,160.97000122070312,8.536818862994156,-6.2606862331477515,23.334323959136064,"sorteo sin información (contabilidad.senales_sin_informacion, semilla 20260906, desde 2023-09-05): prueba de maquinaria, no track record",conservador,500.0,0.2.0-PROPUESTA,"su intervalo [-6.26, +23.33] contiene el cero",2026-09-14,2026-09-14T20:00:00+00:00,74ebdd00920ff05c5ad48e4d4802630ef615b755d113dbb0841631cb23f4d099,ext_2026-09-14.csv,69ca7283ae18fd37736827e1b19a79d3557e2e8177dbfd05c9685be22502402b,125a8602a684939576278093b306add6a6fa7a0157389f71a5c0029455ab9ba0,93db9b70dc708b67cf3584775800e9450e91f71fdb2846155d92545fcdba7492,5.1.0,E0.2,pendiente,ok,sesion,1,1,2026-09-15T03:30:04.153678+00:00
160,2026-09-14,2026-09-14,2026-09-15T03:30:03.996876+00:00,2026-09-14T20:00:00+00:00,XNYS,2026-09-15,2026-09-15T13:30:00+00:00,TSEM,nada,0,0,191.1199951171875,28.76712875064056,14.21799918922408,43.31625831205704,"sorteo sin información (contabilidad.senales_sin_informacion, semilla 20260906, desde 2023-09-05): prueba de maquinaria, no track record",conservador,500.0,0.2.0-PROPUESTA,una acción cuesta 191.12 USD y el margen disponible es 15.15 USD; el riel no compra fracciones,2026-09-14,2026-09-14T20:00:00+00:00,74ebdd00920ff05c5ad48e4d4802630ef615b755d113dbb0841631cb23f4d099,ext_2026-09-14.csv,69ca7283ae18fd37736827e1b19a79d3557e2e8177dbfd05c9685be22502402b,125a8602a684939576278093b306add6a6fa7a0157389f71a5c0029455ab9ba0,93db9b70dc708b67cf3584775800e9450e91f71fdb2846155d92545fcdba7492,5.1.0,E0.2,pendiente,ok,sesion,1,1,2026-09-15T03:30:04.153678+00:00
161,2026-09-14,2026-09-14,2026-09-15T03:30:03.996876+00:00,2026-09-14T20:00:00+00:00,XNYS,2026-09-15,2026-09-15T13:30:00+00:00,TSM,nada,0,0,418.010009765625,-18.92402899172606,-31.97232592979175,-5.875732053660373,"sorteo sin información (contabilidad.senales_sin_informacion, semilla 20260906, desde 2023-09-05): prueba de maquinaria, no track record",conservador,500.0,0.2.0-PROPUESTA,señal -18.92 pp bajo el umbral +1.35 pp,2026-09-14,2026-09-14T20:00:00+00:00,74ebdd00920ff05c5ad48e4d4802630ef615b755d113dbb0841631cb23f4d099,ext_2026-09-14.csv,69ca7283ae18fd37736827e1b19a79d3557e2e8177dbfd05c9685be22502402b,125a8602a684939576278093b306add6a6fa7a0157389f71a5c0029455ab9ba0,93db9b70dc708b67cf3584775800e9450e91f71fdb2846155d92545fcdba7492,5.1.0,E0.2,pendiente,ok,sesion,1,1,2026-09-15T03:30:04.153678+00:00
162,2026-09-14,2026-09-14,2026-09-15T03:30:03.996876+00:00,2026-09-14T20:00:00+00:00,XNYS,2026-09-15,2026-09-15T13:30:00+00:00,UMC,compra,5,0,21.899999618530277,41.57304175420302,24.37934889601525,58.766734612390785,"sorteo sin información (contabilidad.senales_sin_informacion, semilla 20260906, desde 2023-09-05): prueba de maquinaria, no track record",conservador,500.0,0.2.0-PROPUESTA,,2026-09-14,2026-09-14T20:00:00+00:00,74ebdd00920ff05c5ad48e4d4802630ef615b755d113dbb0841631cb23f4d099,ext_2026-09-14.csv,69ca7283ae18fd37736827e1b19a79d3557e2e8177dbfd05c9685be22502402b,125a8602a684939576278093b306add6a6fa7a0157389f71a5c0029455ab9ba0,93db9b70dc708b67cf3584775800e9450e91f71fdb2846155d92545fcdba7492,5.1.0,E0.2,pendiente,ok,sesion,1,1,2026-09-15T03:30:04.153678+00:00
163,2026-09-14,2026-09-14,2026-09-15T03:30:03.996876+00:00,2026-09-14T20:00:00+00:00,XNYS,2026-09-15,2026-09-15T13:30:00+00:00,VRT,nada,0,0,237.38999938964844,-14.828528337945556,-34.51674110203625,4.85968442614514,"sorteo sin información (contabilidad.senales_sin_informacion, semilla 20260906, desde 2023-09-05): prueba de maquinaria, no track record",conservador,500.0,0.2.0-PROPUESTA,señal -14.83 pp bajo el umbral +1.35 pp,2026-09-14,2026-09-14T20:00:00+00:00,74ebdd00920ff05c5ad48e4d4802630ef615b755d113dbb0841631cb23f4d099,ext_2026-09-14.csv,69ca7283ae18fd37736827e1b19a79d3557e2e8177dbfd05c9685be22502402b,125a8602a684939576278093b306add6a6fa7a0157389f71a5c0029455ab9ba0,93db9b70dc708b67cf3584775800e9450e91f71fdb2846155d92545fcdba7492,5.1.0,E0.2,pendiente,ok,sesion,1,1,2026-09-15T03:30:04.153678+00:00
164,2026-09-14,2026-09-14,2026-09-15T03:30:03.996876+00:00,2026-09-14T20:00:00+00:00,XNYS,2026-09-15,2026-09-15T13:30:00+00:00,WDC,nada,0,0,426.9400024414063,-20.85577250311259,-39.73881317259881,-1.9727318336263657,"sorteo sin información (contabilidad.senales_sin_informacion, semilla 20260906, desde 2023-09-05): prueba de maquinaria, no track record",conservador,500.0,0.2.0-PROPUESTA,señal -20.86 pp bajo el umbral +1.35 pp,2026-09-14,2026-09-14T20:00:00+00:00,74ebdd00920ff05c5ad48e4d4802630ef615b755d113dbb0841631cb23f4d099,ext_2026-09-14.csv,69ca7283ae18fd37736827e1b19a79d3557e2e8177dbfd05c9685be22502402b,125a8602a684939576278093b306add6a6fa7a0157389f71a5c0029455ab9ba0,93db9b70dc708b67cf3584775800e9450e91f71fdb2846155d92545fcdba7492,5.1.0,E0.2,pendiente,ok,sesion,1,1,2026-09-15T03:30:04.153678+00:00
165,2026-09-14,2026-09-14,2026-09-15T03:30:03.996876+00:00,2026-09-14T20:00:00+00:00,XNYS,2026-09-15,2026-09-15T13:30:00+00:00,XSD,nada,0,0,474.6199951171875,-1.3804848744227383,-13.597531152877261,10.836561404031785,"sorteo sin información (contabilidad.senales_sin_informacion, semilla 20260906, desde 2023-09-05): prueba de maquinaria, no track record",conservador,500.0,0.2.0-PROPUESTA,señal -1.38 pp bajo el umbral +1.35 pp,2026-09-14,2026-09-14T20:00:00+00:00,74ebdd00920ff05c5ad48e4d4802630ef615b755d113dbb0841631cb23f4d099,ext_2026-09-14.csv,69ca7283ae18fd37736827e1b19a79d3557e2e8177dbfd05c9685be22502402b,125a8602a684939576278093b306add6a6fa7a0157389f71a5c0029455ab9ba0,93db9b70dc708b67cf3584775800e9450e91f71fdb2846155d92545fcdba7492,5.1.0,E0.2,pendiente,ok,sesion,1,1,2026-09-15T03:30:04.153678+00:00
166,2026-09-15,2026-09-15,2026-09-16T03:30:04.961251+00:00,2026-09-15T20:00:00+00:00,XNYS,2026-09-16,2026-09-16T13:30:00+00:00,AMAT,nada,0,0,421.1700134277344,2.3675462255841273,-12.284068948650429,17.019161399818685,"sorteo sin información (contabilidad.senales_sin_informacion, semilla 20260906, desde 2023-09-05): prueba de maquinaria, no track record",conservador,500.0,0.2.0-PROPUESTA,"su intervalo [-12.28, +17.02] contiene el cero",2026-09-15,2026-09-15T20:00:00+00:00,edc60fad1da946f9196dd194f3c871a5ceda72d15f2b4d9264213465c69f5c7d,ext_2026-09-15.csv,69ca7283ae18fd37736827e1b19a79d3557e2e8177dbfd05c9685be22502402b,125a8602a684939576278093b306add6a6fa7a0157389f71a5c0029455ab9ba0,93db9b70dc708b67cf3584775800e9450e91f71fdb2846155d92545fcdba7492,5.1.0,E0.2,pendiente,ok,sesion,1,1,2026-09-16T03:30:05.125860+00:00
167,2026-09-15,2026-09-15,2026-09-16T03:30:04.961251+00:00,2026-09-15T20:00:00+00:00,XNYS,2026-09-16,2026-09-16T13:30:00+00:00,AMD,nada,0,0,504.2000122070313,13.814356332421717,-5.805622915853295,33.434335580696725,"sorteo sin información (contabilidad.senales_sin_informacion, semilla 20260906, desde 2023-09-05): prueba de maquinaria, no track record",conservador,500.0,0.2.0-PROPUESTA,"su intervalo [-5.81, +33.43] contiene el cero",2026-09-15,2026-09-15T20:00:00+00:00,edc60fad1da946f9196dd194f3c871a5ceda72d15f2b4d9264213465c69f5c7d,ext_2026-09-15.csv,69ca7283ae18fd37736827e1b19a79d3557e2e8177dbfd05c9685be22502402b,125a8602a684939576278093b306add6a6fa7a0157389f71a5c0029455ab9ba0,93db9b70dc708b67cf3584775800e9450e91f71fdb2846155d92545fcdba7492,5.1.0,E0.2,pendiente,ok,sesion,1,1,2026-09-16T03:30:05.125860+00:00
168,2026-09-15,2026-09-15,2026-09-16T03:30:04.961251+00:00,2026-09-15T20:00:00+00:00,XNYS,2026-09-16,2026-09-16T13:30:00+00:00,AMKR,nada,0,0,46.380001068115234,-7.892917736919358,-27.191991185896498,11.406155712057782,"sorteo sin información (contabilidad.senales_sin_informacion, semilla 20260906, desde 2023-09-05): prueba de maquinaria, no track record",conservador,500.0,0.2.0-PROPUESTA,señal -7.89 pp bajo el umbral +1.35 pp,2026-09-15,2026-09-15T20:00:00+00:00,edc60fad1da946f9196dd194f3c871a5ceda72d15f2b4d9264213465c69f5c7d,ext_2026-09-15.csv,69ca7283ae18fd37736827e1b19a79d3557e2e8177dbfd05c9685be22502402b,125a8602a684939576278093b306add6a6fa7a0157389f71a5c0029455ab9ba0,93db9b70dc708b67cf3584775800e9450e91f71fdb2846155d92545fcdba7492,5.1.0,E0.2,pendiente,ok,sesion,1,1,2026-09-16T03:30:05.125860+00:00
169,2026-09-15,2026-09-15,2026-09-16T03:30:04.961251+00:00,2026-09-15T20:00:00+00:00,XNYS,2026-09-16,2026-09-16T13:30:00+00:00,AMZN,nada,0,0,248.4199981689453,1.012163519821896,-11.34052264240135,13.36484968204514,"sorteo sin información (contabilidad.senales_sin_informacion, semilla 20260906, desde 2023-09-05): prueba de maquinaria, no track record",conservador,500.0,0.2.0-PROPUESTA,señal +1.01 pp bajo el umbral +1.35 pp,2026-09-15,2026-09-15T20:00:00+00:00,edc60fad1da946f9196dd194f3c871a5ceda72d15f2b4d9264213465c69f5c7d,ext_2026-09-15.csv,69ca7283ae18fd37736827e1b19a79d3557e2e8177dbfd05c9685be22502402b,125a8602a684939576278093b306add6a6fa7a0157389f71a5c0029455ab9ba0,93db9b70dc708b67cf3584775800e9450e91f71fdb2846155d92545fcdba7492,5.1.0,E0.2,pendiente,ok,sesion,1,1,2026-09-16T03:30:05.125860+00:00
170,2026-09-15,2026-09-15,2026-09-16T03:30:04.961251+00:00,2026-09-15T20:00:00+00:00,XNYS,2026-09-16,2026-09-16T13:30:00+00:00,ASX,nada,0,0,37.119998931884766,-2.1192151956688776,-15.982077658554193,11.743647267216438,"sorteo sin información (contabilidad.senales_sin_informacion, semilla 20260906, desde 2023-09-05): prueba de maquinaria, no track record",conservador,500.0,0.2.0-PROPUESTA,señal -2.12 pp bajo el umbral +1.35 pp,2026-09-15,2026-09-15T20:00:00+00:00,edc60fad1da946f9196dd194f3c871a5ceda72d15f2b4d9264213465c69f5c7d,ext_2026-09-15.csv,69ca7283ae18fd37736827e1b19a79d3557e2e8177dbfd05c9685be22502402b,125a8602a684939576278093b306add6a6fa7a0157389f71a5c0029455ab9ba0,93db9b70dc708b67cf3584775800e9450e91f71fdb2846155d92545fcdba7492,5.1.0,E0.2,pendiente,ok,sesion,1,1,2026-09-16T03:30:05.125860+00:00
171,2026-09-15,2026-09-15,2026-09-16T03:30:04.961251+00:00,2026-09-15T20:00:00+00:00,XNYS,2026-09-16,2026-09-16T13:30:00+00:00,AVGO,nada,0,0,339.2699890136719,12.896895653849505,1.0839920537437226,24.70979925395529,"sorteo sin información (contabilidad.senales_sin_informacion, semilla 20260906, desde 2023-09-05): prueba de maquinaria, no track record",conservador,500.0,0.2.0-PROPUESTA,una acción cuesta 339.27 USD y el margen disponible es 125.00 USD; el riel no compra fracciones,2026-09-15,2026-09-15T20:00:00+00:00,edc60fad1da946f9196dd194f3c871a5ceda72d15f2b4d9264213465c69f5c7d,ext_2026-09-15.csv,69ca7283ae18fd37736827e1b19a79d3557e2e8177dbfd05c9685be22502402b,125a8602a684939576278093b306add6a6fa7a0157389f71a5c0029455ab9ba0,93db9b70dc708b67cf3584775800e9450e91f71fdb2846155d92545fcdba7492,5.1.0,E0.2,pendiente,ok,sesion,1,1,2026-09-16T03:30:05.125860+00:00
172,2026-09-15,2026-09-15,2026-09-16T03:30:04.961251+00:00,2026-09-15T20:00:00+00:00,XNYS,2026-09-16,2026-09-16T13:30:00+00:00,CDNS,nada,0,0,273.9599914550781,-5.534627471193843,-17.655948555013627,6.586693612625942,"sorteo sin información (contabilidad.senales_sin_informacion, semilla 20260906, desde 2023-09-05): prueba de maquinaria, no track record",conservador,500.0,0.2.0-PROPUESTA,señal -5.53 pp bajo el umbral +1.35 pp,2026-09-15,2026-09-15T20:00:00+00:00,edc60fad1da946f9196dd194f3c871a5ceda72d15f2b4d9264213465c69f5c7d,ext_2026-09-15.csv,69ca7283ae18fd37736827e1b19a79d3557e2e8177dbfd05c9685be22502402b,125a8602a684939576278093b306add6a6fa7a0157389f71a5c0029455ab9ba0,93db9b70dc708b67cf3584775800e9450e91f71fdb2846155d92545fcdba7492,5.1.0,E0.2,pendiente,ok,sesion,1,1,2026-09-16T03:30:05.125860+00:00
173,2026-09-15,2026-09-15,2026-09-16T03:30:04.961251+00:00,2026-09-15T20:00:00+00:00,XNYS,2026-09-16,2026-09-16T13:30:00+00:00,ENTG,nada,0,0,129.63999938964844,-7.4093561211358905,-21.993807924302537,7.175095682030755,"sorteo sin información (contabilidad.senales_sin_informacion, semilla 20260906, desde 2023-09-05): prueba de maquinaria, no track record",conservador,500.0,0.2.0-PROPUESTA,señal -7.41 pp bajo el umbral +1.35 pp,2026-09-15,2026-09-15T20:00:00+00:00,edc60fad1da946f9196dd194f3c871a5ceda72d15f2b4d9264213465c69f5c7d,ext_2026-09-15.csv,69ca7283ae18fd37736827e1b19a79d3557e2e8177dbfd05c9685be22502402b,125a8602a684939576278093b306add6a6fa7a0157389f71a5c0029455ab9ba0,93db9b70dc708b67cf3584775800e9450e91f71fdb2846155d92545fcdba7492,5.1.0,E0.2,pendiente,ok,sesion,1,1,2026-09-16T03:30:05.125860+00:00
174,2026-09-15,2026-09-15,2026-09-16T03:30:04.961251+00:00,2026-09-15T20:00:00+00:00,XNYS,2026-09-16,2026-09-16T13:30:00+00:00,GFS,nada,0,0,42.75,-15.034200602274606,-35.54582913242271,5.477427927873499,"sorteo sin información (contabilidad.senales_sin_informacion, semilla 20260906, desde 2023-09-05): prueba de maquinaria, no track record",conservador,500.0,0.2.0-PROPUESTA,señal -15.03 pp bajo el umbral +1.35 pp,2026-09-15,2026-09-15T20:00:00+00:00,edc60fad1da946f9196dd194f3c871a5ceda72d15f2b4d9264213465c69f5c7d,ext_2026-09-15.csv,69ca7283ae18fd37736827e1b19a79d3557e2e8177dbfd05c9685be22502402b,125a8602a684939576278093b306add6a6fa7a0157389f71a5c0029455ab9ba0,93db9b70dc708b67cf3584775800e9450e91f71fdb2846155d92545fcdba7492,5.1.0,E0.2,pendiente,ok,sesion,1,1,2026-09-16T03:30:05.125860+00:00
175,2026-09-15,2026-09-15,2026-09-16T03:30:04.961251+00:00,2026-09-15T20:00:00+00:00,XNYS,2026-09-16,2026-09-16T13:30:00+00:00,GOOGL,nada,0,0,344.9800109863281,-4.5614014930063895,-14.552707802199022,5.429904816186243,"sorteo sin información (contabilidad.senales_sin_informacion, semilla 20260906, desde 2023-09-05): prueba de maquinaria, no track record",conservador,500.0,0.2.0-PROPUESTA,señal -4.56 pp bajo el umbral +1.35 pp,2026-09-15,2026-09-15T20:00:00+00:00,edc60fad1da946f9196dd194f3c871a5ceda72d15f2b4d9264213465c69f5c7d,ext_2026-09-15.csv,69ca7283ae18fd37736827e1b19a79d3557e2e8177dbfd05c9685be22502402b,125a8602a684939576278093b306add6a6fa7a0157389f71a5c0029455ab9ba0,93db9b70dc708b67cf3584775800e9450e91f71fdb2846155d92545fcdba7492,5.1.0,E0.2,pendiente,ok,sesion,1,1,2026-09-16T03:30:05.125860+00:00
176,2026-09-15,2026-09-15,2026-09-16T03:30:04.961251+00:00,2026-09-15T20:00:00+00:00,XNYS,2026-09-16,2026-09-16T13:30:00+00:00,GSM,nada,0,0,4.329999923706055,0.0,-39.441341961621816,39.441341961621816,"sorteo sin información (contabilidad.senales_sin_informacion, semilla 20260906, desde 2023-09-05): prueba de maquinaria, no track record",conservador,500.0,0.2.0-PROPUESTA,señal +0.00 pp bajo el umbral +1.35 pp,2026-09-15,2026-09-15T20:00:00+00:00,edc60fad1da946f9196dd194f3c871a5ceda72d15f2b4d9264213465c69f5c7d,ext_2026-09-15.csv,69ca7283ae18fd37736827e1b19a79d3557e2e8177dbfd05c9685be22502402b,125a8602a684939576278093b306add6a6fa7a0157389f71a5c0029455ab9ba0,93db9b70dc708b67cf3584775800e9450e91f71fdb2846155d92545fcdba7492,5.1.0,E0.2,pendiente,ok,sesion,1,1,2026-09-16T03:30:05.125860+00:00
177,2026-09-15,2026-09-15,2026-09-16T03:30:04.961251+00:00,2026-09-15T20:00:00+00:00,XNYS,2026-09-16,2026-09-16T13:30:00+00:00,INTC,nada,0,0,97.13999938964844,-19.062996276655685,-31.08484249726824,-7.0411500560431275,"sorteo sin información (contabilidad.senales_sin_informacion, semilla 20260906, desde 2023-09-05): prueba de maquinaria, no track record",conservador,500.0,0.2.0-PROPUESTA,señal -19.06 pp bajo el umbral +1.35 pp,2026-09-15,2026-09-15T20:00:00+00:00,edc60fad1da946f9196dd194f3c871a5ceda72d15f2b4d9264213465c69f5c7d,ext_2026-09-15.csv,69ca7283ae18fd37736827e1b19a79d3557e2e8177dbfd05c9685be22502402b,125a8602a684939576278093b306add6a6fa7a0157389f71a5c0029455ab9ba0,93db9b70dc708b67cf3584775800e9450e91f71fdb2846155d92545fcdba7492,5.1.0,E0.2,pendiente,ok,sesion,1,1,2026-09-16T03:30:05.125860+00:00
178,2026-09-15,2026-09-15,2026-09-16T03:30:04.961251+00:00,2026-09-15T20:00:00+00:00,XNYS,2026-09-16,2026-09-16T13:30:00+00:00,KLAC,nada,0,0,168.02000427246094,0.520724253846927,-13.244449496377525,14.28589800407138,"sorteo sin información (contabilidad.senales_sin_informacion, semilla 20260906, desde 2023-09-05): prueba de maquinaria, no track record",conservador,500.0,0.2.0-PROPUESTA,señal +0.52 pp bajo el umbral +1.35 pp,2026-09-15,2026-09-15T20:00:00+00:00,edc60fad1da946f9196dd194f3c871a5ceda72d15f2b4d9264213465c69f5c7d,ext_2026-09-15.csv,69ca7283ae18fd37736827e1b19a79d3557e2e8177dbfd05c9685be22502402b,125a8602a684939576278093b306add6a6fa7a0157389f71a5c0029455ab9ba0,93db9b70dc708b67cf3584775800e9450e91f71fdb2846155d92545fcdba7492,5.1.0,E0.2,pendiente,ok,sesion,1,1,2026-09-16T03:30:05.125860+00:00
179,2026-09-15,2026-09-15,2026-09-16T03:30:04.961251+00:00,2026-09-15T20:00:00+00:00,XNYS,2026-09-16,2026-09-16T13:30:00+00:00,LIN,nada,0,0,462.9599914550781,-2.640960485764554,-11.296353780649866,6.014432809120759,"sorteo sin información (contabilidad.senales_sin_informacion, semilla 20260906, desde 2023-09-05): prueba de maquinaria, no track record",conservador,500.0,0.2.0-PROPUESTA,señal -2.64 pp bajo el umbral +1.35 pp,2026-09-15,2026-09-15T20:00:00+00:00,edc60fad1da946f9196dd194f3c871a5ceda72d15f2b4d9264213465c69f5c7d,ext_2026-09-15.csv,69ca7283ae18fd37736827e1b19a79d3557e2e8177dbfd05c9685be22502402b,125a8602a684939576278093b306add6a6fa7a0157389f71a5c0029455ab9ba0,93db9b70dc708b67cf3584775800e9450e91f71fdb2846155d92545fcdba7492,5.1.0,E0.2,pendiente,ok,sesion,1,1,2026-09-16T03:30:05.125860+00:00
180,2026-09-15,2026-09-15,2026-09-16T03:30:04.961251+00:00,2026-09-15T20:00:00+00:00,XNYS,2026-09-16,2026-09-16T13:30:00+00:00,LRCX,nada,0,0,270.8699951171875,-2.002045823648413,-17.49904725847501,13.494955611178183,"sorteo sin información (contabilidad.senales_sin_informacion, semilla 20260906, desde 2023-09-05): prueba de maquinaria, no track record",conservador,500.0,0.2.0-PROPUESTA,señal -2.00 pp bajo el umbral +1.35 pp,2026-09-15,2026-09-15T20:00:00+00:00,edc60fad1da946f9196dd194f3c871a5ceda72d15f2b4d9264213465c69f5c7d,ext_2026-09-15.csv,69ca7283ae18fd37736827e1b19a79d3557e2e8177dbfd05c9685be22502402b,125a8602a684939576278093b306add6a6fa7a0157389f71a5c0029455ab9ba0,93db9b70dc708b67cf3584775800e9450e91f71fdb2846155d92545fcdba7492,5.1.0,E0.2,pendiente,ok,sesion,1,1,2026-09-16T03:30:05.125860+00:00
181,2026-09-15,2026-09-15,2026-09-16T03:30:04.961251+00:00,2026-09-15T20:00:00+00:00,XNYS,2026-09-16,2026-09-16T13:30:00+00:00,META,nada,0,0,670.239990234375,-13.350178170799431,-28.176307170528943,1.475950828930083,"sorteo sin información (contabilidad.senales_sin_informacion, semilla 20260906, desde 2023-09-05): prueba de maquinaria, no track record",conservador,500.0,0.2.0-PROPUESTA,señal -13.35 pp bajo el umbral +1.35 pp,2026-09-15,2026-09-15T20:00:00+00:00,edc60fad1da946f9196dd194f3c871a5ceda72d15f2b4d9264213465c69f5c7d,ext_2026-09-15.csv,69ca7283ae18fd37736827e1b19a79d3557e2e8177dbfd05c9685be22502402b,125a8602a684939576278093b306add6a6fa7a0157389f71a5c0029455ab9ba0,93db9b70dc708b67cf3584775800e9450e91f71fdb2846155d92545fcdba7492,5.1.0,E0.2,pendiente,ok,sesion,1,1,2026-09-16T03:30:05.125860+00:00
182,2026-09-15,2026-09-15,2026-09-16T03:30:04.961251+00:00,2026-09-15T20:00:00+00:00,XNYS,2026-09-16,2026-09-16T13:30:00+00:00,MKSI,nada,0,0,231.5,-11.676355208638057,-27.401116557695328,4.048406140419214,"sorteo sin información (contabilidad.senales_sin_informacion, semilla 20260906, desde 2023-09-05): prueba de maquinaria, no track record",conservador,500.0,0.2.0-PROPUESTA,señal -11.68 pp bajo el umbral +1.35 pp,2026-09-15,2026-09-15T20:00:00+00:00,edc60fad1da946f9196dd194f3c871a5ceda72d15f2b4d9264213465c69f5c7d,ext_2026-09-15.csv,69ca7283ae18fd37736827e1b19a79d3557e2e8177dbfd05c9685be22502402b,125a8602a684939576278093b306add6a6fa7a0157389f71a5c0029455ab9ba0,93db9b70dc708b67cf3584775800e9450e91f71fdb2846155d92545fcdba7492,5.1.0,E0.2,pendiente,ok,sesion,1,1,2026-09-16T03:30:05.125860+00:00
183,2026-09-15,2026-09-15,2026-09-16T03:30:04.961251+00:00,2026-09-15T20:00:00+00:00,XNYS,2026-09-16,2026-09-16T13:30:00+00:00,MSFT,nada,0,0,497.1199951171875,6.6968679946082466,-2.0612216036019033,15.454957592818396,"sorteo sin información (contabilidad.senales_sin_informacion, semilla 20260906, desde 2023-09-05): prueba de maquinaria, no track record",conservador,500.0,0.2.0-PROPUESTA,"su intervalo [-2.06, +15.45] contiene el cero",2026-09-15,2026-09-15T20:00:00+00:00,edc60fad1da946f9196dd194f3c871a5ceda72d15f2b4d9264213465c69f5c7d,ext_2026-09-15.csv,69ca7283ae18fd37736827e1b19a79d3557e2e8177dbfd05c9685be22502402b,125a8602a684939576278093b306add6a6fa7a0157389f71a5c0029455ab9ba0,93db9b70dc708b67cf3584775800e9450e91f71fdb2846155d92545fcdba7492,5.1.0,E0.2,pendiente,ok,sesion,1,1,2026-09-16T03:30:05.125860+00:00
184,2026-09-15,2026-09-15,2026-09-16T03:30:04.961251+00:00,2026-09-15T20:00:00+00:00,XNYS,2026-09-16,2026-09-16T13:30:00+00:00,MU,nada,0,0,927.5999755859376,10.038455352312447,-4.913623393271166,24.99053409789606,"sorteo sin información (contabilidad.senales_sin_informacion, semilla 20260906, desde 2023-09-05): prueba de maquinaria, no track record",conservador,500.0,0.2.0-PROPUESTA,"su intervalo [-4.91, +24.99] contiene el cero",2026-09-15,2026-09-15T20:00:00+00:00,edc60fad1da946f9196dd194f3c871a5ceda72d15f2b4d9264213465c69f5c7d,ext_2026-09-15.csv,69ca7283ae18fd37736827e1b19a79d3557e2e8177dbfd05c9685be22502402b,125a8602a684939576278093b306add6a6fa7a0157389f71a5c0029455ab9ba0,93db9b70dc708b67cf3584775800e9450e91f71fdb2846155d92545fcdba7492,5.1.0,E0.2,pendiente,ok,sesion,1,1,2026-09-16T03:30:05.125860+00:00
185,2026-09-15,2026-09-15,2026-09-16T03:30:04.961251+00:00,2026-09-15T20:00:00+00:00,XNYS,2026-09-16,2026-09-16T13:30:00+00:00,NVDA,nada,0,0,212.1699981689453,40.35099198763192,20.885580694701478,59.81640328056237,"sorteo sin información (contabilidad.senales_sin_informacion, semilla 20260906, desde 2023-09-05): prueba de maquinaria, no track record",conservador,500.0,0.2.0-PROPUESTA,una acción cuesta 212.17 USD y el margen disponible es 125.00 USD; el riel no compra fracciones,2026-09-15,2026-09-15T20:00:00+00:00,edc60fad1da946f9196dd194f3c871a5ceda72d15f2b4d9264213465c69f5c7d,ext_2026-09-15.csv,69ca7283ae18fd37736827e1b19a79d3557e2e8177dbfd05c9685be22502402b,125a8602a684939576278093b306add6a6fa7a0157389f71a5c0029455ab9ba0,93db9b70dc708b67cf3584775800e9450e91f71fdb2846155d92545fcdba7492,5.1.0,E0.2,pendiente,ok,sesion,1,1,2026-09-16T03:30:05.125860+00:00
186,2026-09-15,2026-09-15,2026-09-16T03:30:04.961251+00:00,2026-09-15T20:00:00+00:00,XNYS,2026-09-16,2026-09-16T13:30:00+00:00,QCOM,nada,0,0,187.8000030517578,8.633871168310492,-6.865087235634331,24.132829572255314,"sorteo sin información (contabilidad.senales_sin_informacion, semilla 20260906, desde 2023-09-05): prueba de maquinaria, no track record",conservador,500.0,0.2.0-PROPUESTA,"su intervalo [-6.87, +24.13] contiene el cero",2026-09-15,2026-09-15T20:00:00+00:00,edc60fad1da946f9196dd194f3c871a5ceda72d15f2b4d9264213465c69f5c7d,ext_2026-09-15.csv,69ca7283ae18fd37736827e1b19a79d3557e2e8177dbfd05c9685be22502402b,125a8602a684939576278093b306add6a6fa7a0157389f71a5c0029455ab9ba0,93db9b70dc708b67cf3584775800e9450e91f71fdb2846155d92545fcdba7492,5.1.0,E0.2,pendiente,ok,sesion,1,1,2026-09-16T03:30:05.125860+00:00
187,2026-09-15,2026-09-15,2026-09-16T03:30:04.961251+00:00,2026-09-15T20:00:00+00:00,XNYS,2026-09-16,2026-09-16T13:30:00+00:00,SHECY,nada,0,0,18.56999969482422,-4.035358163861713,-15.279590946650043,7.2088746189266155,"sorteo sin información (contabilidad.senales_sin_informacion, semilla 20260906, desde 2023-09-05): prueba de maquinaria, no track record",conservador,500.0,0.2.0-PROPUESTA,señal -4.04 pp bajo el umbral +1.35 pp,2026-09-15,2026-09-15T20:00:00+00:00,edc60fad1da946f9196dd194f3c871a5ceda72d15f2b4d9264213465c69f5c7d,ext_2026-09-15.csv,69ca7283ae18fd37736827e1b19a79d3557e2e8177dbfd05c9685be22502402b,125a8602a684939576278093b306add6a6fa7a0157389f71a5c0029455ab9ba0,93db9b70dc708b67cf3584775800e9450e91f71fdb2846155d92545fcdba7492,5.1.0,E0.2,pendiente,ok,sesion,1,1,2026-09-16T03:30:05.125860+00:00
188,2026-09-15,2026-09-15,2026-09-16T03:30:04.961251+00:00,2026-09-15T20:00:00+00:00,XNYS,2026-09-16,2026-09-16T13:30:00+00:00,SMH,nada,0,0,542.1099853515625,7.591817180185356,-3.7093162286306667,18.89295058900138,"sorteo sin información (contabilidad.senales_sin_informacion, semilla 20260906, desde 2023-09-05): prueba de maquinaria, no track record",conservador,500.0,0.2.0-PROPUESTA,"su intervalo [-3.71, +18.89] contiene el cero",2026-09-15,2026-09-15T20:00:00+00:00,edc60fad1da946f9196dd194f3c871a5ceda72d15f2b4d9264213465c69f5c7d,ext_2026-09-15.csv,69ca7283ae18fd37736827e1b19a79d3557e2e8177dbfd05c9685be22502402b,125a8602a684939576278093b306add6a6fa7a0157389f71a5c0029455ab9ba0,93db9b70dc708b67cf3584775800e9450e91f71fdb2846155d92545fcdba7492,5.1.0,E0.2,pendiente,ok,sesion,1,1,2026-09-16T03:30:05.125860+00:00
189,2026-09-15,2026-09-15,2026-09-16T03:30:04.961251+00:00,2026-09-15T20:00:00+00:00,XNYS,2026-09-16,2026-09-16T13:30:00+00:00,SNPS,nada,0,0,367.7000122070313,8.509106378176368,-3.4156901097435792,20.433902866096314,"sorteo sin información (contabilidad.senales_sin_informacion, semilla 20260906, desde 2023-09-05): prueba de maquinaria, no track record",conservador,500.0,0.2.0-PROPUESTA,"su intervalo [-3.42, +20.43] contiene el cero",2026-09-15,2026-09-15T20:00:00+00:00,edc60fad1da946f9196dd194f3c871a5ceda72d15f2b4d9264213465c69f5c7d,ext_2026-09-15.csv,69ca7283ae18fd37736827e1b19a79d3557e2e8177dbfd05c9685be22502402b,125a8602a684939576278093b306add6a6fa7a0157389f71a5c0029455ab9ba0,93db9b70dc708b67cf3584775800e9450e91f71fdb2846155d92545fcdba7492,5.1.0,E0.2,pendiente,ok,sesion,1,1,2026-09-16T03:30:05.125860+00:00
190,2026-09-15,2026-09-15,2026-09-16T03:30:04.961251+00:00,2026-09-15T20:00:00+00:00,XNYS,2026-09-16,2026-09-16T13:30:00+00:00,SOXX,nada,0,0,498.8500061035156,-7.297293740988886,-18.545388526926217,3.950801044948447,"sorteo sin información (contabilidad.senales_sin_informacion, semilla 20260906, desde 2023-09-05): prueba de maquinaria, no track record",conservador,500.0,0.2.0-PROPUESTA,señal -7.30 pp bajo el umbral +1.35 pp,2026-09-15,2026-09-15T20:00:00+00:00,edc60fad1da946f9196dd194f3c871a5ceda72d15f2b4d9264213465c69f5c7d,ext_2026-09-15.csv,69ca7283ae18fd37736827e1b19a79d3557e2e8177dbfd05c9685be22502402b,125a8602a684939576278093b306add6a6fa7a0157389f71a5c0029455ab9ba0,93db9b70dc708b67cf3584775800e9450e91f71fdb2846155d92545fcdba7492,5.1.0,E0.2,pendiente,ok,sesion,1,1,2026-09-16T03:30:05.125860+00:00
191,2026-09-15,2026-09-15,2026-09-16T03:30:04.961251+00:00,2026-09-15T20:00:00+00:00,XNYS,2026-09-16,2026-09-16T13:30:00+00:00,TER,nada,0,0,332.8500061035156,8.68421016009493,-6.753957929687768,24.122378249877627,"sorteo sin información (contabilidad.senales_sin_informacion, semilla 20260906, desde 2023-09-05): prueba de maquinaria, no track record",conservador,500.0,0.2.0-PROPUESTA,"su intervalo [-6.75, +24.12] contiene el cero",2026-09-15,2026-09-15T20:00:00+00:00,edc60fad1da946f9196dd194f3c871a5ceda72d15f2b4d9264213465c69f5c7d,ext_2026-09-15.csv,69ca7283ae18fd37736827e1b19a79d3557e2e8177dbfd05c9685be22502402b,125a8602a684939576278093b306add6a6fa7a0157389f71a5c0029455ab9ba0,93db9b70dc708b67cf3584775800e9450e91f71fdb2846155d92545fcdba7492,5.1.0,E0.2,pendiente,ok,sesion,1,1,2026-09-16T03:30:05.125860+00:00
192,2026-09-15,2026-09-15,2026-09-16T03:30:04.961251+00:00,2026-09-15T20:00:00+00:00,XNYS,2026-09-16,2026-09-16T13:30:00+00:00,TOELY,nada,0,0,163.25,-20.377136886164582,-35.17464198230649,-5.579631790022674,"sorteo sin información (contabilidad.senales_sin_informacion, semilla 20260906, desde 2023-09-05): prueba de maquinaria, no track record",conservador,500.0,0.2.0-PROPUESTA,señal -20.38 pp bajo el umbral +1.35 pp,2026-09-15,2026-09-15T20:00:00+00:00,edc60fad1da946f9196dd194f3c871a5ceda72d15f2b4d9264213465c69f5c7d,ext_2026-09-15.csv,69ca7283ae18fd37736827e1b19a79d3557e2e8177dbfd05c9685be22502402b,125a8602a684939576278093b306add6a6fa7a0157389f71a5c0029455ab9ba0,93db9b70dc708b67cf3584775800e9450e91f71fdb2846155d92545fcdba7492,5.1.0,E0.2,pendiente,ok,sesion,1,1,2026-09-16T03:30:05.125860+00:00
193,2026-09-15,2026-09-15,2026-09-16T03:30:04.961251+00:00,2026-09-15T20:00:00+00:00,XNYS,2026-09-16,2026-09-16T13:30:00+00:00,TSEM,nada,0,0,195.1199951171875,-3.173531032471888,-17.722660593888367,11.37559852894459,"sorteo sin información (contabilidad.senales_sin_informacion, semilla 20260906, desde 2023-09-05): prueba de maquinaria, no track record",conservador,500.0,0.2.0-PROPUESTA,señal -3.17 pp bajo el umbral +1.35 pp,2026-09-15,2026-09-15T20:00:00+00:00,edc60fad1da946f9196dd194f3c871a5ceda72d15f2b4d9264213465c69f5c7d,ext_2026-09-15.csv,69ca7283ae18fd37736827e1b19a79d3557e2e8177dbfd05c9685be22502402b,125a8602a684939576278093b306add6a6fa7a0157389f71a5c0029455ab9ba0,93db9b70dc708b67cf3584775800e9450e91f71fdb2846155d92545fcdba7492,5.1.0,E0.2,pendiente,ok,sesion,1,1,2026-09-16T03:30:05.125860+00:00
194,2026-09-15,2026-09-15,2026-09-16T03:30:04.961251+00:00,2026-09-15T20:00:00+00:00,XNYS,2026-09-16,2026-09-16T13:30:00+00:00,TSM,nada,0,0,413.75,13.64798015323625,0.5996832151705629,26.696277091301937,"sorteo sin información (contabilidad.senales_sin_informacion, semilla 20260906, desde 2023-09-05): prueba de maquinaria, no track record",conservador,500.0,0.2.0-PROPUESTA,una acción cuesta 413.75 USD y el margen disponible es 125.00 USD; el riel no compra fracciones,2026-09-15,2026-09-15T20:00:00+00:00,edc60fad1da946f9196dd194f3c871a5ceda72d15f2b4d9264213465c69f5c7d,ext_2026-09-15.csv,69ca7283ae18fd37736827e1b19a79d3557e2e8177dbfd05c9685be22502402b,125a8602a684939576278093b306add6a6fa7a0157389f71a5c0029455ab9ba0,93db9b70dc708b67cf3584775800e9450e91f71fdb2846155d92545fcdba7492,5.1.0,E0.2,pendiente,ok,sesion,1,1,2026-09-16T03:30:05.125860+00:00
195,2026-09-15,2026-09-15,2026-09-16T03:30:04.961251+00:00,2026-09-15T20:00:00+00:00,XNYS,2026-09-16,2026-09-16T13:30:00+00:00,UMC,nada,0,0,21.61000061035156,0.8574445661569285,-16.336248292030838,18.051137424344695,"sorteo sin información (contabilidad.senales_sin_informacion, semilla 20260906, desde 2023-09-05): prueba de maquinaria, no track record",conservador,500.0,0.2.0-PROPUESTA,señal +0.86 pp bajo el umbral +1.35 pp,2026-09-15,2026-09-15T20:00:00+00:00,edc60fad1da946f9196dd194f3c871a5ceda72d15f2b4d9264213465c69f5c7d,ext_2026-09-15.csv,69ca7283ae18fd37736827e1b19a79d3557e2e8177dbfd05c9685be22502402b,125a8602a684939576278093b306add6a6fa7a0157389f71a5c0029455ab9ba0,93db9b70dc708b67cf3584775800e9450e91f71fdb2846155d92545fcdba7492,5.1.0,E0.2,pendiente,ok,sesion,1,1,2026-09-16T03:30:05.125860+00:00
196,2026-09-15,2026-09-15,2026-09-16T03:30:04.961251+00:00,2026-09-15T20:00:00+00:00,XNYS,2026-09-16,2026-09-16T13:30:00+00:00,VRT,nada,0,0,234.6100006103516,-1.908406803229623,-21.59661956732032,17.779805960861072,"sorteo sin información (contabilidad.senales_sin_informacion, semilla 20260906, desde 2023-09-05): prueba de maquinaria, no track record",conservador,500.0,0.2.0-PROPUESTA,señal -1.91 pp bajo el umbral +1.35 pp,2026-09-15,2026-09-15T20:00:00+00:00,edc60fad1da946f9196dd194f3c871a5ceda72d15f2b4d9264213465c69f5c7d,ext_2026-09-15.csv,69ca7283ae18fd37736827e1b19a79d3557e2e8177dbfd05c9685be22502402b,125a8602a684939576278093b306add6a6fa7a0157389f71a5c0029455ab9ba0,93db9b70dc708b67cf3584775800e9450e91f71fdb2846155d92545fcdba7492,5.1.0,E0.2,pendiente,ok,sesion,1,1,2026-09-16T03:30:05.125860+00:00
197,2026-09-15,2026-09-15,2026-09-16T03:30:04.961251+00:00,2026-09-15T20:00:00+00:00,XNYS,2026-09-16,2026-09-16T13:30:00+00:00,WDC,nada,0,0,411.9599914550781,-7.813661582384867,-26.69670225187109,11.069379087101357,"sorteo sin información (contabilidad.senales_sin_informacion, semilla 20260906, desde 2023-09-05): prueba de maquinaria, no track record",conservador,500.0,0.2.0-PROPUESTA,señal -7.81 pp bajo el umbral +1.35 pp,2026-09-15,2026-09-15T20:00:00+00:00,edc60fad1da946f9196dd194f3c871a5ceda72d15f2b4d9264213465c69f5c7d,ext_2026-09-15.csv,69ca7283ae18fd37736827e1b19a79d3557e2e8177dbfd05c9685be22502402b,125a8602a684939576278093b306add6a6fa7a0157389f71a5c0029455ab9ba0,93db9b70dc708b67cf3584775800e9450e91f71fdb2846155d92545fcdba7492,5.1.0,E0.2,pendiente,ok,sesion,1,1,2026-09-16T03:30:05.125860+00:00
198,2026-09-15,2026-09-15,2026-09-16T03:30:04.961251+00:00,2026-09-15T20:00:00+00:00,XNYS,2026-09-16,2026-09-16T13:30:00+00:00,XSD,nada,0,0,480.489990234375,-6.4387079813865045,-18.65575425984103,5.778338297068019,"sorteo sin información (contabilidad.senales_sin_informacion, semilla 20260906, desde 2023-09-05): prueba de maquinaria, no track record",conservador,500.0,0.2.0-PROPUESTA,señal -6.44 pp bajo el umbral +1.35 pp,2026-09-15,2026-09-15T20:00:00+00:00,edc60fad1da946f9196dd194f3c871a5ceda72d15f2b4d9264213465c69f5c7d,ext_2026-09-15.csv,69ca7283ae18fd37736827e1b19a79d3557e2e8177dbfd05c9685be22502402b,125a8602a684939576278093b306add6a6fa7a0157389f71a5c0029455ab9ba0,93db9b70dc708b67cf3584775800e9450e91f71fdb2846155d92545fcdba7492,5.1.0,E0.2,pendiente,ok,sesion,1,1,2026-09-16T03:30:05.125860+00:00
199,2026-09-16,2026-09-16,2026-09-17T03:30:04.877326+00:00,2026-09-16T20:00:00+00:00,XNYS,2026-09-17,2026-09-17T13:30:00+00:00,AMAT,nada,0,0,415.3800048828125,5.280443248079414,-9.371171926155142,19.932058422313972,"sorteo sin información (contabilidad.senales_sin_informacion, semilla 20260906, desde 2023-09-05): prueba de maquinaria, no track record",conservador,500.0,0.2.0-PROPUESTA,"su intervalo [-9.37, +19.93] contiene el cero",2026-09-16,2026-09-16T20:00:00+00:00,664e4f49bf5f0df9090300622a9b40930fe19d8602acdfacadcb7e5ac115186f,ext_2026-09-16.csv,69ca7283ae18fd37736827e1b19a79d3557e2e8177dbfd05c9685be22502402b,125a8602a684939576278093b306add6a6fa7a0157389f71a5c0029455ab9ba0,93db9b70dc708b67cf3584775800e9450e91f71fdb2846155d92545fcdba7492,5.1.0,E0.2,pendiente,ok,sesion,1,1,2026-09-17T03:30:05.047917+00:00
200,2026-09-16,2026-09-16,2026-09-17T03:30:04.877326+00:00,2026-09-16T20:00:00+00:00,XNYS,2026-09-17,2026-09-17T13:30:00+00:00,AMD,nada,0,0,512.5,13.814356332421717,-5.805622915853295,33.434335580696725,"sorteo sin información (contabilidad.senales_sin_informacion, semilla 20260906, desde 2023-09-05): prueba de maquinaria, no track record",conservador,500.0,0.2.0-PROPUESTA,"su intervalo [-5.81, +33.43] contiene el cero",2026-09-16,2026-09-16T20:00:00+00:00,664e4f49bf5f0df9090300622a9b40930fe19d8602acdfacadcb7e5ac115186f,ext_2026-09-16.csv,69ca7283ae18fd37736827e1b19a79d3557e2e8177dbfd05c9685be22502402b,125a8602a684939576278093b306add6a6fa7a0157389f71a5c0029455ab9ba0,93db9b70dc708b67cf3584775800e9450e91f71fdb2846155d92545fcdba7492,5.1.0,E0.2,pendiente,ok,sesion,1,1,2026-09-17T03:30:05.047917+00:00
201,2026-09-16,2026-09-16,2026-09-17T03:30:04.877326+00:00,2026-09-16T20:00:00+00:00,XNYS,2026-09-17,2026-09-17T13:30:00+00:00,AMKR,nada,0,0,46.27999877929688,6.307666835977099,-12.991406613000041,25.60674028495424,"sorteo sin información (contabilidad.senales_sin_informacion, semilla 20260906, desde 2023-09-05): prueba de maquinaria, no track record",conservador,500.0,0.2.0-PROPUESTA,"su intervalo [-12.99, +25.61] contiene el cero",2026-09-16,2026-09-16T20:00:00+00:00,664e4f49bf5f0df9090300622a9b40930fe19d8602acdfacadcb7e5ac115186f,ext_2026-09-16.csv,69ca7283ae18fd37736827e1b19a79d3557e2e8177dbfd05c9685be22502402b,125a8602a684939576278093b306add6a6fa7a0157389f71a5c0029455ab9ba0,93db9b70dc708b67cf3584775800e9450e91f71fdb2846155d92545fcdba7492,5.1.0,E0.2,pendiente,ok,sesion,1,1,2026-09-17T03:30:05.047917+00:00
202,2026-09-16,2026-09-16,2026-09-17T03:30:04.877326+00:00,2026-09-16T20:00:00+00:00,XNYS,2026-09-17,2026-09-17T13:30:00+00:00,AMZN,nada,0,0,245.9600067138672,-16.971723683101068,-29.32440984532431,-4.619037520877823,"sorteo sin información (contabilidad.senales_sin_informacion, semilla 20260906, desde 2023-09-05): prueba de maquinaria, no track record",conservador,500.0,0.2.0-PROPUESTA,señal -16.97 pp bajo el umbral +1.35 pp,2026-09-16,2026-09-16T20:00:00+00:00,664e4f49bf5f0df9090300622a9b40930fe19d8602acdfacadcb7e5ac115186f,ext_2026-09-16.csv,69ca7283ae18fd37736827e1b19a79d3557e2e8177dbfd05c9685be22502402b,125a8602a684939576278093b306add6a6fa7a0157389f71a5c0029455ab9ba0,93db9b70dc708b67cf3584775800e9450e91f71fdb2846155d92545fcdba7492,5.1.0,E0.2,pendiente,ok,sesion,1,1,2026-09-17T03:30:05.047917+00:00
203,2026-09-16,2026-09-16,2026-09-17T03:30:04.877326+00:00,2026-09-16T20:00:00+00:00,XNYS,2026-09-17,2026-09-17T13:30:00+00:00,ASX,nada,0,0,37.95000076293945,9.863017668026908,-3.999844794858408,23.725880130912223,"sorteo sin información (contabilidad.senales_sin_informacion, semilla 20260906, desde 2023-09-05): prueba de maquinaria, no track record",conservador,500.0,0.2.0-PROPUESTA,"su intervalo [-4.00, +23.73] contiene el cero",2026-09-16,2026-09-16T20:00:00+00:00,664e4f49bf5f0df9090300622a9b40930fe19d8602acdfacadcb7e5ac115186f,ext_2026-09-16.csv,69ca7283ae18fd37736827e1b19a79d3557e2e8177dbfd05c9685be22502402b,125a8602a684939576278093b306add6a6fa7a0157389f71a5c0029455ab9ba0,93db9b70dc708b67cf3584775800e9450e91f71fdb2846155d92545fcdba7492,5.1.0,E0.2,pendiente,ok,sesion,1,1,2026-09-17T03:30:05.047917+00:00
204,2026-09-16,2026-09-16,2026-09-17T03:30:04.877326+00:00,2026-09-16T20:00:00+00:00,XNYS,2026-09-17,2026-09-17T13:30:00+00:00,AVGO,nada,0,0,339.510009765625,9.365613956396523,-2.4472896437092597,21.178517556502307,"sorteo sin información (contabilidad.senales_sin_informacion, semilla 20260906, desde 2023-09-05): prueba de maquinaria, no track record",conservador,500.0,0.2.0-PROPUESTA,"su intervalo [-2.45, +21.18] contiene el cero",2026-09-16,2026-09-16T20:00:00+00:00,664e4f49bf5f0df9090300622a9b40930fe19d8602acdfacadcb7e5ac115186f,ext_2026-09-16.csv,69ca7283ae18fd37736827e1b19a79d3557e2e8177dbfd05c9685be22502402b,125a8602a684939576278093b306add6a6fa7a0157389f71a5c0029455ab9ba0,93db9b70dc708b67cf3584775800e9450e91f71fdb2846155d92545fcdba7492,5.1.0,E0.2,pendiente,ok,sesion,1,1,2026-09-17T03:30:05.047917+00:00
205,2026-09-16,2026-09-16,2026-09-17T03:30:04.877326+00:00,2026-09-16T20:00:00+00:00,XNYS,2026-09-17,2026-09-17T13:30:00+00:00,CDNS,nada,0,0,279.8999938964844,13.265599797455717,1.1442787136359325,25.3869208812755,"sorteo sin información (contabilidad.senales_sin_informacion, semilla 20260906, desde 2023-09-05): prueba de maquinaria, no track record",conservador,500.0,0.2.0-PROPUESTA,una acción cuesta 279.90 USD y el margen disponible es 38.59 USD; el riel no compra fracciones,2026-09-16,2026-09-16T20:00:00+00:00,664e4f49bf5f0df9090300622a9b40930fe19d8602acdfacadcb7e5ac115186f,ext_2026-09-16.csv,69ca7283ae18fd37736827e1b19a79d3557e2e8177dbfd05c9685be22502402b,125a8602a684939576278093b306add6a6fa7a0157389f71a5c0029455ab9ba0,93db9b70dc708b67cf3584775800e9450e91f71fdb2846155d92545fcdba7492,5.1.0,E0.2,pendiente,ok,sesion,1,1,2026-09-17T03:30:05.047917+00:00
206,2026-09-16,2026-09-16,2026-09-17T03:30:04.877326+00:00,2026-09-16T20:00:00+00:00,XNYS,2026-09-17,2026-09-17T13:30:00+00:00,ENTG,nada,0,0,130.1999969482422,12.305917416861845,-2.2785343863048,26.89036922002849,"sorteo sin información (contabilidad.senales_sin_informacion, semilla 20260906, desde 2023-09-05): prueba de maquinaria, no track record",conservador,500.0,0.2.0-PROPUESTA,"su intervalo [-2.28, +26.89] contiene el cero",2026-09-16,2026-09-16T20:00:00+00:00,664e4f49bf5f0df9090300622a9b40930fe19d8602acdfacadcb7e5ac115186f,ext_2026-09-16.csv,69ca7283ae18fd37736827e1b19a79d3557e2e8177dbfd05c9685be22502402b,125a8602a684939576278093b306add6a6fa7a0157389f71a5c0029455ab9ba0,93db9b70dc708b67cf3584775800e9450e91f71fdb2846155d92545fcdba7492,5.1.0,E0.2,pendiente,ok,sesion,1,1,2026-09-17T03:30:05.047917+00:00
207,2026-09-16,2026-09-16,2026-09-17T03:30:04.877326+00:00,2026-09-16T20:00:00+00:00,XNYS,2026-09-17,2026-09-17T13:30:00+00:00,GFS,compra,2,0,43.02999877929688,39.08759671348938,18.575968183341278,59.59922524363749,"sorteo sin información (contabilidad.senales_sin_informacion, semilla 20260906, desde 2023-09-05): prueba de maquinaria, no track record",conservador,500.0,0.2.0-PROPUESTA,,2026-09-16,2026-09-16T20:00:00+00:00,664e4f49bf5f0df9090300622a9b40930fe19d8602acdfacadcb7e5ac115186f,ext_2026-09-16.csv,69ca7283ae18fd37736827e1b19a79d3557e2e8177dbfd05c9685be22502402b,125a8602a684939576278093b306add6a6fa7a0157389f71a5c0029455ab9ba0,93db9b70dc708b67cf3584775800e9450e91f71fdb2846155d92545fcdba7492,5.1.0,E0.2,pendiente,ok,sesion,1,1,2026-09-17T03:30:05.047917+00:00
208,2026-09-16,2026-09-16,2026-09-17T03:30:04.877326+00:00,2026-09-16T20:00:00+00:00,XNYS,2026-09-17,2026-09-17T13:30:00+00:00,GOOGL,nada,0,0,342.8699951171875,9.43925069652991,-0.5520556126627216,19.43055700572254,"sorteo sin información (contabilidad.senales_sin_informacion, semilla 20260906, desde 2023-09-05): prueba de maquinaria, no track record",conservador,500.0,0.2.0-PROPUESTA,"su intervalo [-0.55, +19.43] contiene el cero",2026-09-16,2026-09-16T20:00:00+00:00,664e4f49bf5f0df9090300622a9b40930fe19d8602acdfacadcb7e5ac115186f,ext_2026-09-16.csv,69ca7283ae18fd37736827e1b19a79d3557e2e8177dbfd05c9685be22502402b,125a8602a684939576278093b306add6a6fa7a0157389f71a5c0029455ab9ba0,93db9b70dc708b67cf3584775800e9450e91f71fdb2846155d92545fcdba7492,5.1.0,E0.2,pendiente,ok,sesion,1,1,2026-09-17T03:30:05.047917+00:00
209,2026-09-16,2026-09-16,2026-09-17T03:30:04.877326+00:00,2026-09-16T20:00:00+00:00,XNYS,2026-09-17,2026-09-17T13:30:00+00:00,GSM,nada,0,0,4.320000171661377,-8.910895738447277,-48.3522377000691,30.53044622317454,"sorteo sin información (contabilidad.senales_sin_informacion, semilla 20260906, desde 2023-09-05): prueba de maquinaria, no track record",conservador,500.0,0.2.0-PROPUESTA,señal -8.91 pp bajo el umbral +1.35 pp,2026-09-16,2026-09-16T20:00:00+00:00,664e4f49bf5f0df9090300622a9b40930fe19d8602acdfacadcb7e5ac115186f,ext_2026-09-16.csv,69ca7283ae18fd37736827e1b19a79d3557e2e8177dbfd05c9685be22502402b,125a8602a684939576278093b306add6a6fa7a0157389f71a5c0029455ab9ba0,93db9b70dc708b67cf3584775800e9450e91f71fdb2846155d92545fcdba7492,5.1.0,E0.2,pendiente,ok,sesion,1,1,2026-09-17T03:30:05.047917+00:00
210,2026-09-16,2026-09-16,2026-09-17T03:30:04.877326+00:00,2026-09-16T20:00:00+00:00,XNYS,2026-09-17,2026-09-17T13:30:00+00:00,INTC,nada,0,0,101.0500030517578,2.5014873989119835,-9.520358821700574,14.523333619524541,"sorteo sin información (contabilidad.senales_sin_informacion, semilla 20260906, desde 2023-09-05): prueba de maquinaria, no track record",conservador,500.0,0.2.0-PROPUESTA,"su intervalo [-9.52, +14.52] contiene el cero",2026-09-16,2026-09-16T20:00:00+00:00,664e4f49bf5f0df9090300622a9b40930fe19d8602acdfacadcb7e5ac115186f,ext_2026-09-16.csv,69ca7283ae18fd37736827e1b19a79d3557e2e8177dbfd05c9685be22502402b,125a8602a684939576278093b306add6a6fa7a0157389f71a5c0029455ab9ba0,93db9b70dc708b67cf3584775800e9450e91f71fdb2846155d92545fcdba7492,5.1.0,E0.2,pendiente,ok,sesion,1,1,2026-09-17T03:30:05.047917+00:00
211,2026-09-16,2026-09-16,2026-09-17T03:30:04.877326+00:00,2026-09-16T20:00:00+00:00,XNYS,2026-09-17,2026-09-17T13:30:00+00:00,KLAC,nada,0,0,167.36000061035156,6.469072051629388,-7.296101698595065,20.234245801853838,"sorteo sin información (contabilidad.senales_sin_informacion, semilla 20260906, desde 2023-09-05): prueba de maquinaria, no track record",conservador,500.0,0.2.0-PROPUESTA,"su intervalo [-7.30, +20.23] contiene el cero",2026-09-16,2026-09-16T20:00:00+00:00,664e4f49bf5f0df9090300622a9b40930fe19d8602acdfacadcb7e5ac115186f,ext_2026-09-16.csv,69ca7283ae18fd37736827e1b19a79d3557e2e8177dbfd05c9685be22502402b,125a8602a684939576278093b306add6a6fa7a0157389f71a5c0029455ab9ba0,93db9b70dc708b67cf3584775800e9450e91f71fdb2846155d92545fcdba7492,5.1.0,E0.2,pendiente,ok,sesion,1,1,2026-09-17T03:30:05.047917+00:00
212,2026-09-16,2026-09-16,2026-09-17T03:30:04.877326+00:00,2026-09-16T20:00:00+00:00,XNYS,2026-09-17,2026-09-17T13:30:00+00:00,LIN,nada,0,0,462.0899963378906,-2.150259345681327,-10.80565264056664,6.5051339492039855,"sorteo sin información (contabilidad.senales_sin_informacion, semilla 20260906, desde 2023-09-05): prueba de maquinaria, no track record",conservador,500.0,0.2.0-PROPUESTA,señal -2.15 pp bajo el umbral +1.35 pp,2026-09-16,2026-09-16T20:00:00+00:00,664e4f49bf5f0df9090300622a9b40930fe19d8602acdfacadcb7e5ac115186f,ext_2026-09-16.csv,69ca7283ae18fd37736827e1b19a79d3557e2e8177dbfd05c9685be22502402b,125a8602a684939576278093b306add6a6fa7a0157389f71a5c0029455ab9ba0,93db9b70dc708b67cf3584775800e9450e91f71fdb2846155d92545fcdba7492,5.1.0,E0.2,pendiente,ok,sesion,1,1,2026-09-17T03:30:05.047917+00:00
213,2026-09-16,2026-09-16,2026-09-17T03:30:04.877326+00:00,2026-09-16T20:00:00+00:00,XNYS,2026-09-17,2026-09-17T13:30:00+00:00,LRCX,nada,0,0,269.2300109863281,9.813093025579466,-5.683908409247129,25.310094460406063,"sorteo sin información (contabilidad.senales_sin_informacion, semilla 20260906, desde 2023-09-05): prueba de maquinaria, no track record",conservador,500.0,0.2.0-PROPUESTA,"su intervalo [-5.68, +25.31] contiene el cero",2026-09-16,2026-09-16T20:00:00+00:00,664e4f49bf5f0df9090300622a9b40930fe19d8602acdfacadcb7e5ac115186f,ext_2026-09-16.csv,69ca7283ae18fd37736827e1b19a79d3557e2e8177dbfd05c9685be22502402b,125a8602a684939576278093b306add6a6fa7a0157389f71a5c0029455ab9ba0,93db9b70dc708b67cf3584775800e9450e91f71fdb2846155d92545fcdba7492,5.1.0,E0.2,pendiente,ok,sesion,1,1,2026-09-17T03:30:05.047917+00:00
214,2026-09-16,2026-09-16,2026-09-17T03:30:04.877326+00:00,2026-09-16T20:00:00+00:00,XNYS,2026-09-17,2026-09-17T13:30:00+00:00,META,nada,0,0,673.3099975585938,-4.017713861762184,-18.843842861491698,10.80841513796733,"sorteo sin información (contabilidad.senales_sin_informacion, semilla 20260906, desde 2023-09-05): prueba de maquinaria, no track record",conservador,500.0,0.2.0-PROPUESTA,señal -4.02 pp bajo el umbral +1.35 pp,2026-09-16,2026-09-16T20:00:00+00:00,664e4f49bf5f0df9090300622a9b40930fe19d8602acdfacadcb7e5ac115186f,ext_2026-09-16.csv,69ca7283ae18fd37736827e1b19a79d3557e2e8177dbfd05c9685be22502402b,125a8602a684939576278093b306add6a6fa7a0157389f71a5c0029455ab9ba0,93db9b70dc708b67cf3584775800e9450e91f71fdb2846155d92545fcdba7492,5.1.0,E0.2,pendiente,ok,sesion,1,1,2026-09-17T03:30:05.047917+00:00
215,2026-09-16,2026-09-16,2026-09-17T03:30:04.877326+00:00,2026-09-16T20:00:00+00:00,XNYS,2026-09-17,2026-09-17T13:30:00+00:00,MKSI,nada,0,0,235.27999877929688,-2.774568263274435,-18.499329612331707,12.950193085782836,"sorteo sin información (contabilidad.senales_sin_informacion, semilla 20260906, desde 2023-09-05): prueba de maquinaria, no track record",conservador,500.0,0.2.0-PROPUESTA,señal -2.77 pp bajo el umbral +1.35 pp,2026-09-16,2026-09-16T20:00:00+00:00,664e4f49bf5f0df9090300622a9b40930fe19d8602acdfacadcb7e5ac115186f,ext_2026-09-16.csv,69ca7283ae18fd37736827e1b19a79d3557e2e8177dbfd05c9685be22502402b,125a8602a684939576278093b306add6a6fa7a0157389f71a5c0029455ab9ba0,93db9b70dc708b67cf3584775800e9450e91f71fdb2846155d92545fcdba7492,5.1.0,E0.2,pendiente,ok,sesion,1,1,2026-09-17T03:30:05.047917+00:00
216,2026-09-16,2026-09-16,2026-09-17T03:30:04.877326+00:00,2026-09-16T20:00:00+00:00,XNYS,2026-09-17,2026-09-17T13:30:00+00:00,MSFT,nada,0,0,490.2999877929688,7.978608593943126,-0.7794810042670237,16.736698192153277,"sorteo sin información (contabilidad.senales_sin_informacion, semilla 20260906, desde 2023-09-05): prueba de maquinaria, no track record",conservador,500.0,0.2.0-PROPUESTA,"su intervalo [-0.78, +16.74] contiene el cero",2026-09-16,2026-09-16T20:00:00+00:00,664e4f49bf5f0df9090300622a9b40930fe19d8602acdfacadcb7e5ac115186f,ext_2026-09-16.csv,69ca7283ae18fd37736827e1b19a79d3557e2e8177dbfd05c9685be22502402b,125a8602a684939576278093b306add6a6fa7a0157389f71a5c0029455ab9ba0,93db9b70dc708b67cf3584775800e9450e91f71fdb2846155d92545fcdba7492,5.1.0,E0.2,pendiente,ok,sesion,1,1,2026-09-17T03:30:05.047917+00:00
217,2026-09-16,2026-09-16,2026-09-17T03:30:04.877326+00:00,2026-09-16T20:00:00+00:00,XNYS,2026-09-17,2026-09-17T13:30:00+00:00,MU,nada,0,0,926.5499877929688,9.94144515927493,-5.010633586308682,24.893523904858544,"sorteo sin información (contabilidad.senales_sin_informacion, semilla 20260906, desde 2023-09-05): prueba de maquinaria, no track record",conservador,500.0,0.2.0-PROPUESTA,"su intervalo [-5.01, +24.89] contiene el cero",2026-09-16,2026-09-16T20:00:00+00:00,664e4f49bf5f0df9090300622a9b40930fe19d8602acdfacadcb7e5ac115186f,ext_2026-09-16.csv,69ca7283ae18fd37736827e1b19a79d3557e2e8177dbfd05c9685be22502402b,125a8602a684939576278093b306add6a6fa7a0157389f71a5c0029455ab9ba0,93db9b70dc708b67cf3584775800e9450e91f71fdb2846155d92545fcdba7492,5.1.0,E0.2,pendiente,ok,sesion,1,1,2026-09-17T03:30:05.047917+00:00
218,2026-09-16,2026-09-16,2026-09-17T03:30:04.877326+00:00,2026-09-16T20:00:00+00:00,XNYS,2026-09-17,2026-09-17T13:30:00+00:00,NVDA,nada,0,0,213.8999938964844,5.332581066404396,-14.132830226526048,24.79799235933484,"sorteo sin información (contabilidad.senales_sin_informacion, semilla 20260906, desde 2023-09-05): prueba de maquinaria, no track record",conservador,500.0,0.2.0-PROPUESTA,"su intervalo [-14.13, +24.80] contiene el cero",2026-09-16,2026-09-16T20:00:00+00:00,664e4f49bf5f0df9090300622a9b40930fe19d8602acdfacadcb7e5ac115186f,ext_2026-09-16.csv,69ca7283ae18fd37736827e1b19a79d3557e2e8177dbfd05c9685be22502402b,125a8602a684939576278093b306add6a6fa7a0157389f71a5c0029455ab9ba0,93db9b70dc708b67cf3584775800e9450e91f71fdb2846155d92545fcdba7492,5.1.0,E0.2,pendiente,ok,sesion,1,1,2026-09-17T03:30:05.047917+00:00
219,2026-09-16,2026-09-16,2026-09-17T03:30:04.877326+00:00,2026-09-16T20:00:00+00:00,XNYS,2026-09-17,2026-09-17T13:30:00+00:00,QCOM,nada,0,0,184.83999633789065,2.1062282867315485,-13.392730117213274,17.60518669067637,"sorteo sin información (contabilidad.senales_sin_informacion, semilla 20260906, desde 2023-09-05): prueba de maquinaria, no track record",conservador,500.0,0.2.0-PROPUESTA,"su intervalo [-13.39, +17.61] contiene el cero",2026-09-16,2026-09-16T20:00:00+00:00,664e4f49bf5f0df9090300622a9b40930fe19d8602acdfacadcb7e5ac115186f,ext_2026-09-16.csv,69ca7283ae18fd37736827e1b19a79d3557e2e8177dbfd05c9685be22502402b,125a8602a684939576278093b306add6a6fa7a0157389f71a5c0029455ab9ba0,93db9b70dc708b67cf3584775800e9450e91f71fdb2846155d92545fcdba7492,5.1.0,E0.2,pendiente,ok,sesion,1,1,2026-09-17T03:30:05.047917+00:00
220,2026-09-16,2026-09-16,2026-09-17T03:30:04.877326+00:00,2026-09-16T20:00:00+00:00,XNYS,2026-09-17,2026-09-17T13:30:00+00:00,SHECY,compra,2,0,18.6299991607666,12.95824477028149,1.714011987493162,24.20247755306982,"sorteo sin información (contabilidad.senales_sin_informacion, semilla 20260906, desde 2023-09-05): prueba de maquinaria, no track record",conservador,500.0,0.2.0-PROPUESTA,,2026-09-16,2026-09-16T20:00:00+00:00,664e4f49bf5f0df9090300622a9b40930fe19d8602acdfacadcb7e5ac115186f,ext_2026-09-16.csv,69ca7283ae18fd37736827e1b19a79d3557e2e8177dbfd05c9685be22502402b,125a8602a684939576278093b306add6a6fa7a0157389f71a5c0029455ab9ba0,93db9b70dc708b67cf3584775800e9450e91f71fdb2846155d92545fcdba7492,5.1.0,E0.2,pendiente,ok,sesion,1,1,2026-09-17T03:30:05.047917+00:00
221,2026-09-16,2026-09-16,2026-09-17T03:30:04.877326+00:00,2026-09-16T20:00:00+00:00,XNYS,2026-09-17,2026-09-17T13:30:00+00:00,SMH,nada,0,0,545.5599975585938,3.128154036534969,-8.172979372281054,14.429287445350992,"sorteo sin información (contabilidad.senales_sin_informacion, semilla 20260906, desde 2023-09-05): prueba de maquinaria, no track record",conservador,500.0,0.2.0-PROPUESTA,"su intervalo [-8.17, +14.43] contiene el cero",2026-09-16,2026-09-16T20:00:00+00:00,664e4f49bf5f0df9090300622a9b40930fe19d8602acdfacadcb7e5ac115186f,ext_2026-09-16.csv,69ca7283ae18fd37736827e1b19a79d3557e2e8177dbfd05c9685be22502402b,125a8602a684939576278093b306add6a6fa7a0157389f71a5c0029455ab9ba0,93db9b70dc708b67cf3584775800e9450e91f71fdb2846155d92545fcdba7492,5.1.0,E0.2,pendiente,ok,sesion,1,1,2026-09-17T03:30:05.047917+00:00
222,2026-09-16,2026-09-16,2026-09-17T03:30:04.877326+00:00,2026-09-16T20:00:00+00:00,XNYS,2026-09-17,2026-09-17T13:30:00+00:00,SNPS,nada,0,0,378.4700012207031,-1.7569835628373331,-13.681780050757279,10.167812925082615,"sorteo sin información (contabilidad.senales_sin_informacion, semilla 20260906, desde 2023-09-05): prueba de maquinaria, no track record",conservador,500.0,0.2.0-PROPUESTA,señal -1.76 pp bajo el umbral +1.35 pp,2026-09-16,2026-09-16T20:00:00+00:00,664e4f49bf5f0df9090300622a9b40930fe19d8602acdfacadcb7e5ac115186f,ext_2026-09-16.csv,69ca7283ae18fd37736827e1b19a79d3557e2e8177dbfd05c9685be22502402b,125a8602a684939576278093b306add6a6fa7a0157389f71a5c0029455ab9ba0,93db9b70dc708b67cf3584775800e9450e91f71fdb2846155d92545fcdba7492,5.1.0,E0.2,pendiente,ok,sesion,1,1,2026-09-17T03:30:05.047917+00:00
223,2026-09-16,2026-09-16,2026-09-17T03:30:04.877326+00:00,2026-09-16T20:00:00+00:00,XNYS,2026-09-17,2026-09-17T13:30:00+00:00,SOXX,nada,0,0,502.05999755859375,-1.5631783276061295,-12.811273113543463,9.684916458331204,"sorteo sin información (contabilidad.senales_sin_informacion, semilla 20260906, desde 2023-09-05): prueba de maquinaria, no track record",conservador,500.0,0.2.0-PROPUESTA,señal -1.56 pp bajo el umbral +1.35 pp,2026-09-16,2026-09-16T20:00:00+00:00,664e4f49bf5f0df9090300622a9b40930fe19d8602acdfacadcb7e5ac115186f,ext_2026-09-16.csv,69ca7283ae18fd37736827e1b19a79d3557e2e8177dbfd05c9685be22502402b,125a8602a684939576278093b306add6a6fa7a0157389f71a5c0029455ab9ba0,93db9b70dc708b67cf3584775800e9450e91f71fdb2846155d92545fcdba7492,5.1.0,E0.2,pendiente,ok,sesion,1,1,2026-09-17T03:30:05.047917+00:00
224,2026-09-16,2026-09-16,2026-09-17T03:30:04.877326+00:00,2026-09-16T20:00:00+00:00,XNYS,2026-09-17,2026-09-17T13:30:00+00:00,TER,nada,0,0,341.1499938964844,2.699178155493942,-12.738989934288757,18.13734624527664,"sorteo sin información (contabilidad.senales_sin_informacion, semilla 20260906, desde 2023-09-05): prueba de maquinaria, no track record",conservador,500.0,0.2.0-PROPUESTA,"su intervalo [-12.74, +18.14] contiene el cero",2026-09-16,2026-09-16T20:00:00+00:00,664e4f49bf5f0df9090300622a9b40930fe19d8602acdfacadcb7e5ac115186f,ext_2026-09-16.csv,69ca7283ae18fd37736827e1b19a79d3557e2e8177dbfd05c9685be22502402b,125a8602a684939576278093b306add6a6fa7a0157389f71a5c0029455ab9ba0,93db9b70dc708b67cf3584775800e9450e91f71fdb2846155d92545fcdba7492,5.1.0,E0.2,pendiente,ok,sesion,1,1,2026-09-17T03:30:05.047917+00:00
225,2026-09-16,2026-09-16,2026-09-17T03:30:04.877326+00:00,2026-09-16T20:00:00+00:00,XNYS,2026-09-17,2026-09-17T13:30:00+00:00,TOELY,nada,0,0,164.5500030517578,-4.761905683452483,-19.55941077959439,10.035599412689425,"sorteo sin información (contabilidad.senales_sin_informacion, semilla 20260906, desde 2023-09-05): prueba de maquinaria, no track record",conservador,500.0,0.2.0-PROPUESTA,señal -4.76 pp bajo el umbral +1.35 pp,2026-09-16,2026-09-16T20:00:00+00:00,664e4f49bf5f0df9090300622a9b40930fe19d8602acdfacadcb7e5ac115186f,ext_2026-09-16.csv,69ca7283ae18fd37736827e1b19a79d3557e2e8177dbfd05c9685be22502402b,125a8602a684939576278093b306add6a6fa7a0157389f71a5c0029455ab9ba0,93db9b70dc708b67cf3584775800e9450e91f71fdb2846155d92545fcdba7492,5.1.0,E0.2,pendiente,ok,sesion,1,1,2026-09-17T03:30:05.047917+00:00
226,2026-09-16,2026-09-16,2026-09-17T03:30:04.877326+00:00,2026-09-16T20:00:00+00:00,XNYS,2026-09-17,2026-09-17T13:30:00+00:00,TSEM,nada,0,0,202.1999969482422,11.959804591649558,-2.5893249697669205,26.508934153066036,"sorteo sin información (contabilidad.senales_sin_informacion, semilla 20260906, desde 2023-09-05): prueba de maquinaria, no track record",conservador,500.0,0.2.0-PROPUESTA,"su intervalo [-2.59, +26.51] contiene el cero",2026-09-16,2026-09-16T20:00:00+00:00,664e4f49bf5f0df9090300622a9b40930fe19d8602acdfacadcb7e5ac115186f,ext_2026-09-16.csv,69ca7283ae18fd37736827e1b19a79d3557e2e8177dbfd05c9685be22502402b,125a8602a684939576278093b306add6a6fa7a0157389f71a5c0029455ab9ba0,93db9b70dc708b67cf3584775800e9450e91f71fdb2846155d92545fcdba7492,5.1.0,E0.2,pendiente,ok,sesion,1,1,2026-09-17T03:30:05.047917+00:00
227,2026-09-16,2026-09-16,2026-09-17T03:30:04.877326+00:00,2026-09-16T20:00:00+00:00,XNYS,2026-09-17,2026-09-17T13:30:00+00:00,TSM,nada,0,0,417.7200012207031,-4.4251593359672325,-17.47345627403292,8.623137602098456,"sorteo sin información (contabilidad.senales_sin_informacion, semilla 20260906, desde 2023-09-05): prueba de maquinaria, no track record",conservador,500.0,0.2.0-PROPUESTA,señal -4.43 pp bajo el umbral +1.35 pp,2026-09-16,2026-09-16T20:00:00+00:00,664e4f49bf5f0df9090300622a9b40930fe19d8602acdfacadcb7e5ac115186f,ext_2026-09-16.csv,69ca7283ae18fd37736827e1b19a79d3557e2e8177dbfd05c9685be22502402b,125a8602a684939576278093b306add6a6fa7a0157389f71a5c0029455ab9ba0,93db9b70dc708b67cf3584775800e9450e91f71fdb2846155d92545fcdba7492,5.1.0,E0.2,pendiente,ok,sesion,1,1,2026-09-17T03:30:05.047917+00:00
228,2026-09-16,2026-09-16,2026-09-17T03:30:04.877326+00:00,2026-09-16T20:00:00+00:00,XNYS,2026-09-17,2026-09-17T13:30:00+00:00,UMC,nada,0,0,22.530000686645508,6.1096093732430745,-11.084083484944692,23.30330223143084,"sorteo sin información (contabilidad.senales_sin_informacion, semilla 20260906, desde 2023-09-05): prueba de maquinaria, no track record",conservador,500.0,0.2.0-PROPUESTA,"su intervalo [-11.08, +23.30] contiene el cero",2026-09-16,2026-09-16T20:00:00+00:00,664e4f49bf5f0df9090300622a9b40930fe19d8602acdfacadcb7e5ac115186f,ext_2026-09-16.csv,69ca7283ae18fd37736827e1b19a79d3557e2e8177dbfd05c9685be22502402b,125a8602a684939576278093b306add6a6fa7a0157389f71a5c0029455ab9ba0,93db9b70dc708b67cf3584775800e9450e91f71fdb2846155d92545fcdba7492,5.1.0,E0.2,pendiente,ok,sesion,1,1,2026-09-17T03:30:05.047917+00:00
229,2026-09-16,2026-09-16,2026-09-17T03:30:04.877326+00:00,2026-09-16T20:00:00+00:00,XNYS,2026-09-17,2026-09-17T13:30:00+00:00,VRT,nada,0,0,239.41000366210935,0.0,-19.688212764090697,19.688212764090697,"sorteo sin información (contabilidad.senales_sin_informacion, semilla 20260906, desde 2023-09-05): prueba de maquinaria, no track record",conservador,500.0,0.2.0-PROPUESTA,señal +0.00 pp bajo el umbral +1.35 pp,2026-09-16,2026-09-16T20:00:00+00:00,664e4f49bf5f0df9090300622a9b40930fe19d8602acdfacadcb7e5ac115186f,ext_2026-09-16.csv,69ca7283ae18fd37736827e1b19a79d3557e2e8177dbfd05c9685be22502402b,125a8602a684939576278093b306add6a6fa7a0157389f71a5c0029455ab9ba0,93db9b70dc708b67cf3584775800e9450e91f71fdb2846155d92545fcdba7492,5.1.0,E0.2,pendiente,ok,sesion,1,1,2026-09-17T03:30:05.047917+00:00
230,2026-09-16,2026-09-16,2026-09-17T03:30:04.877326+00:00,2026-09-16T20:00:00+00:00,XNYS,2026-09-17,2026-09-17T13:30:00+00:00,WDC,nada,0,0,416.9700012207031,-10.58878491017019,-29.471825579656414,8.294255759316034,"sorteo sin información (contabilidad.senales_sin_informacion, semilla 20260906, desde 2023-09-05): prueba de maquinaria, no track record",conservador,500.0,0.2.0-PROPUESTA,señal -10.59 pp bajo el umbral +1.35 pp,2026-09-16,2026-09-16T20:00:00+00:00,664e4f49bf5f0df9090300622a9b40930fe19d8602acdfacadcb7e5ac115186f,ext_2026-09-16.csv,69ca7283ae18fd37736827e1b19a79d3557e2e8177dbfd05c9685be22502402b,125a8602a684939576278093b306add6a6fa7a0157389f71a5c0029455ab9ba0,93db9b70dc708b67cf3584775800e9450e91f71fdb2846155d92545fcdba7492,5.1.0,E0.2,pendiente,ok,sesion,1,1,2026-09-17T03:30:05.047917+00:00
231,2026-09-16,2026-09-16,2026-09-17T03:30:04.877326+00:00,2026-09-16T20:00:00+00:00,XNYS,2026-09-17,2026-09-17T13:30:00+00:00,XSD,nada,0,0,479.7999877929688,2.3590261158352055,-9.858020162619319,14.576072394289728,"sorteo sin información (contabilidad.senales_sin_informacion, semilla 20260906, desde 2023-09-05): prueba de maquinaria, no track record",conservador,500.0,0.2.0-PROPUESTA,"su intervalo [-9.86, +14.58] contiene el cero",2026-09-16,2026-09-16T20:00:00+00:00,664e4f49bf5f0df9090300622a9b40930fe19d8602acdfacadcb7e5ac115186f,ext_2026-09-16.csv,69ca7283ae18fd37736827e1b19a79d3557e2e8177dbfd05c9685be22502402b,125a8602a684939576278093b306add6a6fa7a0157389f71a5c0029455ab9ba0,93db9b70dc708b67cf3584775800e9450e91f71fdb2846155d92545fcdba7492,5.1.0,E0.2,pendiente,ok,sesion,1,1,2026-09-17T03:30:05.047917+00:00
232,2026-09-17,2026-09-17,2026-09-18T03:30:05.039340+00:00,2026-09-17T20:00:00+00:00,XNYS,2026-09-18,2026-09-18T13:30:00+00:00,AMAT,nada,0,0,417.3999938964844,10.224458803180504,-4.427156371054053,24.87607397741506,"sorteo sin información (contabilidad.senales_sin_informacion, semilla 20260906, desde 2023-09-05): prueba de maquinaria, no track record",conservador,500.0,0.2.0-PROPUESTA,"su intervalo [-4.43, +24.88] contiene el cero",2026-09-17,2026-09-17T20:00:00+00:00,cbec21bacf1a417bb20d4405b53681fbb58628f4aa7fe472bd22c3de2ea26738,ext_2026-09-17.csv,69ca7283ae18fd37736827e1b19a79d3557e2e8177dbfd05c9685be22502402b,125a8602a684939576278093b306add6a6fa7a0157389f71a5c0029455ab9ba0,93db9b70dc708b67cf3584775800e9450e91f71fdb2846155d92545fcdba7492,5.1.0,E0.2,pendiente,ok,sesion,1,1,2026-09-18T03:30:05.215185+00:00
233,2026-09-17,2026-09-17,2026-09-18T03:30:05.039340+00:00,2026-09-17T20:00:00+00:00,XNYS,2026-09-18,2026-09-18T13:30:00+00:00,AMD,nada,0,0,545.0900268554688,12.770675490532145,-6.849303757742867,32.39065473880716,"sorteo sin información (contabilidad.senales_sin_informacion, semilla 20260906, desde 2023-09-05): prueba de maquinaria, no track record",conservador,500.0,0.2.0-PROPUESTA,"su intervalo [-6.85, +32.39] contiene el cero",2026-09-17,2026-09-17T20:00:00+00:00,cbec21bacf1a417bb20d4405b53681fbb58628f4aa7fe472bd22c3de2ea26738,ext_2026-09-17.csv,69ca7283ae18fd37736827e1b19a79d3557e2e8177dbfd05c9685be22502402b,125a8602a684939576278093b306add6a6fa7a0157389f71a5c0029455ab9ba0,93db9b70dc708b67cf3584775800e9450e91f71fdb2846155d92545fcdba7492,5.1.0,E0.2,pendiente,ok,sesion,1,1,2026-09-18T03:30:05.215185+00:00
234,2026-09-17,2026-09-17,2026-09-18T03:30:05.039340+00:00,2026-09-17T20:00:00+00:00,XNYS,2026-09-18,2026-09-18T13:30:00+00:00,AMKR,nada,0,0,47.95000076293945,-13.86559781239094,-33.16467126136808,5.4334756365862,"sorteo sin información (contabilidad.senales_sin_informacion, semilla 20260906, desde 2023-09-05): prueba de maquinaria, no track record",conservador,500.0,0.2.0-PROPUESTA,señal -13.87 pp bajo el umbral +1.35 pp,2026-09-17,2026-09-17T20:00:00+00:00,cbec21bacf1a417bb20d4405b53681fbb58628f4aa7fe472bd22c3de2ea26738,ext_2026-09-17.csv,69ca7283ae18fd37736827e1b19a79d3557e2e8177dbfd05c9685be22502402b,125a8602a684939576278093b306add6a6fa7a0157389f71a5c0029455ab9ba0,93db9b70dc708b67cf3584775800e9450e91f71fdb2846155d92545fcdba7492,5.1.0,E0.2,pendiente,ok,sesion,1,1,2026-09-18T03:30:05.215185+00:00
235,2026-09-17,2026-09-17,2026-09-18T03:30:05.039340+00:00,2026-09-17T20:00:00+00:00,XNYS,2026-09-18,2026-09-18T13:30:00+00:00,AMZN,nada,0,0,251.19000244140625,5.074342630218598,-7.278343532004647,17.427028792441842,"sorteo sin información (contabilidad.senales_sin_informacion, semilla 20260906, desde 2023-09-05): prueba de maquinaria, no track record",conservador,500.0,0.2.0-PROPUESTA,"su intervalo [-7.28, +17.43] contiene el cero",2026-09-17,2026-09-17T20:00:00+00:00,cbec21bacf1a417bb20d4405b53681fbb58628f4aa7fe472bd22c3de2ea26738,ext_2026-09-17.csv,69ca7283ae18fd37736827e1b19a79d3557e2e8177dbfd05c9685be22502402b,125a8602a684939576278093b306add6a6fa7a0157389f71a5c0029455ab9ba0,93db9b70dc708b67cf3584775800e9450e91f71fdb2846155d92545fcdba7492,5.1.0,E0.2,pendiente,ok,sesion,1,1,2026-09-18T03:30:05.215185+00:00
236,2026-09-17,2026-09-17,2026-09-18T03:30:05.039340+00:00,2026-09-17T20:00:00+00:00,XNYS,2026-09-18,2026-09-18T13:30:00+00:00,ASX,nada,0,0,39.9900016784668,8.571414304946611,-5.291448157938705,22.434276767831925,"sorteo sin información (contabilidad.senales_sin_informacion, semilla 20260906, desde 2023-09-05): prueba de maquinaria, no track record",conservador,500.0,0.2.0-PROPUESTA,"su intervalo [-5.29, +22.43] contiene el cero",2026-09-17,2026-09-17T20:00:00+00:00,cbec21bacf1a417bb20d4405b53681fbb58628f4aa7fe472bd22c3de2ea26738,ext_2026-09-17.csv,69ca7283ae18fd37736827e1b19a79d3557e2e8177dbfd05c9685be22502402b,125a8602a684939576278093b306add6a6fa7a0157389f71a5c0029455ab9ba0,93db9b70dc708b67cf3584775800e9450e91f71fdb2846155d92545fcdba7492,5.1.0,E0.2,pendiente,ok,sesion,1,1,2026-09-18T03:30:05.215185+00:00
237,2026-09-17,2026-09-17,2026-09-18T03:30:05.039340+00:00,2026-09-17T20:00:00+00:00,XNYS,2026-09-18,2026-09-18T13:30:00+00:00,AVGO,nada,0,0,347.29998779296875,12.24886553097344,0.43596193086765744,24.061769131079224,"sorteo sin información (contabilidad.senales_sin_informacion, semilla 20260906, desde 2023-09-05): prueba de maquinaria, no track record",conservador,500.0,0.2.0-PROPUESTA,una acción cuesta 347.30 USD y el margen disponible es 125.00 USD; el riel no compra fracciones,2026-09-17,2026-09-17T20:00:00+00:00,cbec21bacf1a417bb20d4405b53681fbb58628f4aa7fe472bd22c3de2ea26738,ext_2026-09-17.csv,69ca7283ae18fd37736827e1b19a79d3557e2e8177dbfd05c9685be22502402b,125a8602a684939576278093b306add6a6fa7a0157389f71a5c0029455ab9ba0,93db9b70dc708b67cf3584775800e9450e91f71fdb2846155d92545fcdba7492,5.1.0,E0.2,pendiente,ok,sesion,1,1,2026-09-18T03:30:05.215185+00:00
238,2026-09-17,2026-09-17,2026-09-18T03:30:05.039340+00:00,2026-09-17T20:00:00+00:00,XNYS,2026-09-18,2026-09-18T13:30:00+00:00,CDNS,nada,0,0,280.760009765625,11.479512527736958,-0.641808556082827,23.600833611556745,"sorteo sin información (contabilidad.senales_sin_informacion, semilla 20260906, desde 2023-09-05): prueba de maquinaria, no track record",conservador,500.0,0.2.0-PROPUESTA,"su intervalo [-0.64, +23.60] contiene el cero",2026-09-17,2026-09-17T20:00:00+00:00,cbec21bacf1a417bb20d4405b53681fbb58628f4aa7fe472bd22c3de2ea26738,ext_2026-09-17.csv,69ca7283ae18fd37736827e1b19a79d3557e2e8177dbfd05c9685be22502402b,125a8602a684939576278093b306add6a6fa7a0157389f71a5c0029455ab9ba0,93db9b70dc708b67cf3584775800e9450e91f71fdb2846155d92545fcdba7492,5.1.0,E0.2,pendiente,ok,sesion,1,1,2026-09-18T03:30:05.215185+00:00
239,2026-09-17,2026-09-17,2026-09-18T03:30:05.039340+00:00,2026-09-17T20:00:00+00:00,XNYS,2026-09-18,2026-09-18T13:30:00+00:00,ENTG,nada,0,0,134.6699981689453,0.8830212189856024,-13.701430584181043,15.467473022152248,"sorteo sin información (contabilidad.senales_sin_informacion, semilla 20260906, desde 2023-09-05): prueba de maquinaria, no track record",conservador,500.0,0.2.0-PROPUESTA,señal +0.88 pp bajo el umbral +1.35 pp,2026-09-17,2026-09-17T20:00:00+00:00,cbec21bacf1a417bb20d4405b53681fbb58628f4aa7fe472bd22c3de2ea26738,ext_2026-09-17.csv,69ca7283ae18fd37736827e1b19a79d3557e2e8177dbfd05c9685be22502402b,125a8602a684939576278093b306add6a6fa7a0157389f71a5c0029455ab9ba0,93db9b70dc708b67cf3584775800e9450e91f71fdb2846155d92545fcdba7492,5.1.0,E0.2,pendiente,ok,sesion,1,1,2026-09-18T03:30:05.215185+00:00
240,2026-09-17,2026-09-17,2026-09-18T03:30:05.039340+00:00,2026-09-17T20:00:00+00:00,XNYS,2026-09-18,2026-09-18T13:30:00+00:00,GFS,nada,0,0,45.84000015258789,12.932413251691276,-7.579215278456829,33.44404178183938,"sorteo sin información (contabilidad.senales_sin_informacion, semilla 20260906, desde 2023-09-05): prueba de maquinaria, no track record",conservador,500.0,0.2.0-PROPUESTA,"su intervalo [-7.58, +33.44] contiene el cero",2026-09-17,2026-09-17T20:00:00+00:00,cbec21bacf1a417bb20d4405b53681fbb58628f4aa7fe472bd22c3de2ea26738,ext_2026-09-17.csv,69ca7283ae18fd37736827e1b19a79d3557e2e8177dbfd05c9685be22502402b,125a8602a684939576278093b306add6a6fa7a0157389f71a5c0029455ab9ba0,93db9b70dc708b67cf3584775800e9450e91f71fdb2846155d92545fcdba7492,5.1.0,E0.2,pendiente,ok,sesion,1,1,2026-09-18T03:30:05.215185+00:00
241,2026-09-17,2026-09-17,2026-09-18T03:30:05.039340+00:00,2026-09-17T20:00:00+00:00,XNYS,2026-09-18,2026-09-18T13:30:00+00:00,GOOGL,nada,0,0,347.3299865722656,12.338276696087892,2.3469703868952596,22.329583005280526,"sorteo sin información (contabilidad.senales_sin_informacion, semilla 20260906, desde 2023-09-05): prueba de maquinaria, no track record",conservador,500.0,0.2.0-PROPUESTA,una acción cuesta 347.33 USD y el margen disponible es 125.00 USD; el riel no compra fracciones,2026-09-17,2026-09-17T20:00:00+00:00,cbec21bacf1a417bb20d4405b53681fbb58628f4aa7fe472bd22c3de2ea26738,ext_2026-09-17.csv,69ca7283ae18fd37736827e1b19a79d3557e2e8177dbfd05c9685be22502402b,125a8602a684939576278093b306add6a6fa7a0157389f71a5c0029455ab9ba0,93db9b70dc708b67cf3584775800e9450e91f71fdb2846155d92545fcdba7492,5.1.0,E0.2,pendiente,ok,sesion,1,1,2026-09-18T03:30:05.215185+00:00
242,2026-09-17,2026-09-17,2026-09-18T03:30:05.039340+00:00,2026-09-17T20:00:00+00:00,XNYS,2026-09-18,2026-09-18T13:30:00+00:00,GSM,nada,0,0,4.260000228881836,1.1235908399431782,-38.31775112167864,40.56493280156499,"sorteo sin información (contabilidad.senales_sin_informacion, semilla 20260906, desde 2023-09-05): prueba de maquinaria, no track record",conservador,500.0,0.2.0-PROPUESTA,señal +1.12 pp bajo el umbral +1.35 pp,2026-09-17,2026-09-17T20:00:00+00:00,cbec21bacf1a417bb20d4405b53681fbb58628f4aa7fe472bd22c3de2ea26738,ext_2026-09-17.csv,69ca7283ae18fd37736827e1b19a79d3557e2e8177dbfd05c9685be22502402b,125a8602a684939576278093b306add6a6fa7a0157389f71a5c0029455ab9ba0,93db9b70dc708b67cf3584775800e9450e91f71fdb2846155d92545fcdba7492,5.1.0,E0.2,pendiente,ok,sesion,1,1,2026-09-18T03:30:05.215185+00:00
243,2026-09-17,2026-09-17,2026-09-18T03:30:05.039340+00:00,2026-09-17T20:00:00+00:00,XNYS,2026-09-18,2026-09-18T13:30:00+00:00,INTC,nada,0,0,108.8000030517578,3.731726346208619,-8.290119874403938,15.753572566821177,"sorteo sin información (contabilidad.senales_sin_informacion, semilla 20260906, desde 2023-09-05): prueba de maquinaria, no track record",conservador,500.0,0.2.0-PROPUESTA,"su intervalo [-8.29, +15.75] contiene el cero",2026-09-17,2026-09-17T20:00:00+00:00,cbec21bacf1a417bb20d4405b53681fbb58628f4aa7fe472bd22c3de2ea26738,ext_2026-09-17.csv,69ca7283ae18fd37736827e1b19a79d3557e2e8177dbfd05c9685be22502402b,125a8602a684939576278093b306add6a6fa7a0157389f71a5c0029455ab9ba0,93db9b70dc708b67cf3584775800e9450e91f71fdb2846155d92545fcdba7492,5.1.0,E0.2,pendiente,ok,sesion,1,1,2026-09-18T03:30:05.215185+00:00
244,2026-09-17,2026-09-17,2026-09-18T03:30:05.039340+00:00,2026-09-17T20:00:00+00:00,XNYS,2026-09-18,2026-09-18T13:30:00+00:00,KLAC,nada,0,0,168.97999572753906,-10.261600595721998,-24.02677434594645,3.5035731545024547,"sorteo sin información (contabilidad.senales_sin_informacion, semilla 20260906, desde 2023-09-05): prueba de maquinaria, no track record",conservador,500.0,0.2.0-PROPUESTA,señal -10.26 pp bajo el umbral +1.35 pp,2026-09-17,2026-09-17T20:00:00+00:00,cbec21bacf1a417bb20d4405b53681fbb58628f4aa7fe472bd22c3de2ea26738,ext_2026-09-17.csv,69ca7283ae18fd37736827e1b19a79d3557e2e8177dbfd05c9685be22502402b,125a8602a684939576278093b306add6a6fa7a0157389f71a5c0029455ab9ba0,93db9b70dc708b67cf3584775800e9450e91f71fdb2846155d92545fcdba7492,5.1.0,E0.2,pendiente,ok,sesion,1,1,2026-09-18T03:30:05.215185+00:00
245,2026-09-17,2026-09-17,2026-09-18T03:30:05.039340+00:00,2026-09-17T20:00:00+00:00,XNYS,2026-09-18,2026-09-18T13:30:00+00:00,LIN,nada,0,0,458.4800109863281,2.7696609121799165,-5.885732382705396,11.42505420706523,"sorteo sin información (contabilidad.senales_sin_informacion, semilla 20260906, desde 2023-09-05): prueba de maquinaria, no track record",conservador,500.0,0.2.0-PROPUESTA,"su intervalo [-5.89, +11.43] contiene el cero",2026-09-17,2026-09-17T20:00:00+00:00,cbec21bacf1a417bb20d4405b53681fbb58628f4aa7fe472bd22c3de2ea26738,ext_2026-09-17.csv,69ca7283ae18fd37736827e1b19a79d3557e2e8177dbfd05c9685be22502402b,125a8602a684939576278093b306add6a6fa7a0157389f71a5c0029455ab9ba0,93db9b70dc708b67cf3584775800e9450e91f71fdb2846155d92545fcdba7492,5.1.0,E0.2,pendiente,ok,sesion,1,1,2026-09-18T03:30:05.215185+00:00
246,2026-09-17,2026-09-17,2026-09-18T03:30:05.039340+00:00,2026-09-17T20:00:00+00:00,XNYS,2026-09-18,2026-09-18T13:30:00+00:00,LRCX,nada,0,0,269.3099975585937,0.5951675285732927,-14.901833906253302,16.09216896339989,"sorteo sin información (contabilidad.senales_sin_informacion, semilla 20260906, desde 2023-09-05): prueba de maquinaria, no track record",conservador,500.0,0.2.0-PROPUESTA,señal +0.60 pp bajo el umbral +1.35 pp,2026-09-17,2026-09-17T20:00:00+00:00,cbec21bacf1a417bb20d4405b53681fbb58628f4aa7fe472bd22c3de2ea26738,ext_2026-09-17.csv,69ca7283ae18fd37736827e1b19a79d3557e2e8177dbfd05c9685be22502402b,125a8602a684939576278093b306add6a6fa7a0157389f71a5c0029455ab9ba0,93db9b70dc708b67cf3584775800e9450e91f71fdb2846155d92545fcdba7492,5.1.0,E0.2,pendiente,ok,sesion,1,1,2026-09-18T03:30:05.215185+00:00
247,2026-09-17,2026-09-17,2026-09-18T03:30:05.039340+00:00,2026-09-17T20:00:00+00:00,XNYS,2026-09-18,2026-09-18T13:30:00+00:00,META,nada,0,0,682.3099975585938,-15.392830786222767,-30.21895978595228,-0.5667017864932529,"sorteo sin información (contabilidad.senales_sin_informacion, semilla 20260906, desde 2023-09-05): prueba de maquinaria, no track record",conservador,500.0,0.2.0-PROPUESTA,señal -15.39 pp bajo el umbral +1.35 pp,2026-09-17,2026-09-17T20:00:00+00:00,cbec21bacf1a417bb20d4405b53681fbb58628f4aa7fe472bd22c3de2ea26738,ext_2026-09-17.csv,69ca7283ae18fd37736827e1b19a79d3557e2e8177dbfd05c9685be22502402b,125a8602a684939576278093b306add6a6fa7a0157389f71a5c0029455ab9ba0,93db9b70dc708b67cf3584775800e9450e91f71fdb2846155d92545fcdba7492,5.1.0,E0.2,pendiente,ok,sesion,1,1,2026-09-18T03:30:05.215185+00:00
248,2026-09-17,2026-09-17,2026-09-18T03:30:05.039340+00:00,2026-09-17T20:00:00+00:00,XNYS,2026-09-18,2026-09-18T13:30:00+00:00,MKSI,nada,0,0,240.22999572753903,-11.901559822691421,-27.626321171748693,3.8232015263658496,"sorteo sin información (contabilidad.senales_sin_informacion, semilla 20260906, desde 2023-09-05): prueba de maquinaria, no track record",conservador,500.0,0.2.0-PROPUESTA,señal -11.90 pp bajo el umbral +1.35 pp,2026-09-17,2026-09-17T20:00:00+00:00,cbec21bacf1a417bb20d4405b53681fbb58628f4aa7fe472bd22c3de2ea26738,ext_2026-09-17.csv,69ca7283ae18fd37736827e1b19a79d3557e2e8177dbfd05c9685be22502402b,125a8602a684939576278093b306add6a6fa7a0157389f71a5c0029455ab9ba0,93db9b70dc708b67cf3584775800e9450e91f71fdb2846155d92545fcdba7492,5.1.0,E0.2,pendiente,ok,sesion,1,1,2026-09-18T03:30:05.215185+00:00
249,2026-09-17,2026-09-17,2026-09-18T03:30:05.039340+00:00,2026-09-17T20:00:00+00:00,XNYS,2026-09-18,2026-09-18T13:30:00+00:00,MSFT,nada,0,0,497.75,-11.155475072777431,-19.913564670987583,-2.3973854745672813,"sorteo sin información (contabilidad.senales_sin_informacion, semilla 20260906, desde 2023-09-05): prueba de maquinaria, no track record",conservador,500.0,0.2.0-PROPUESTA,señal -11.16 pp bajo el umbral +1.35 pp,2026-09-17,2026-09-17T20:00:00+00:00,cbec21bacf1a417bb20d4405b53681fbb58628f4aa7fe472bd22c3de2ea26738,ext_2026-09-17.csv,69ca7283ae18fd37736827e1b19a79d3557e2e8177dbfd05c9685be22502402b,125a8602a684939576278093b306add6a6fa7a0157389f71a5c0029455ab9ba0,93db9b70dc708b67cf3584775800e9450e91f71fdb2846155d92545fcdba7492,5.1.0,E0.2,pendiente,ok,sesion,1,1,2026-09-18T03:30:05.215185+00:00
250,2026-09-17,2026-09-17,2026-09-18T03:30:05.039340+00:00,2026-09-17T20:00:00+00:00,XNYS,2026-09-18,2026-09-18T13:30:00+00:00,MU,nada,0,0,977.5,-1.4065847033051027,-16.358663448888716,13.54549404227851,"sorteo sin información (contabilidad.senales_sin_informacion, semilla 20260906, desde 2023-09-05): prueba de maquinaria, no track record",conservador,500.0,0.2.0-PROPUESTA,señal -1.41 pp bajo el umbral +1.35 pp,2026-09-17,2026-09-17T20:00:00+00:00,cbec21bacf1a417bb20d4405b53681fbb58628f4aa7fe472bd22c3de2ea26738,ext_2026-09-17.csv,69ca7283ae18fd37736827e1b19a79d3557e2e8177dbfd05c9685be22502402b,125a8602a684939576278093b306add6a6fa7a0157389f71a5c0029455ab9ba0,93db9b70dc708b67cf3584775800e9450e91f71fdb2846155d92545fcdba7492,5.1.0,E0.2,pendiente,ok,sesion,1,1,2026-09-18T03:30:05.215185+00:00
251,2026-09-17,2026-09-17,2026-09-18T03:30:05.039340+00:00,2026-09-17T20:00:00+00:00,XNYS,2026-09-18,2026-09-18T13:30:00+00:00,NVDA,nada,0,0,219.33999633789065,-5.828546589148608,-25.293957882079052,13.636864703781836,"sorteo sin información (contabilidad.senales_sin_informacion, semilla 20260906, desde 2023-09-05): prueba de maquinaria, no track record",conservador,500.0,0.2.0-PROPUESTA,señal -5.83 pp bajo el umbral +1.35 pp,2026-09-17,2026-09-17T20:00:00+00:00,cbec21bacf1a417bb20d4405b53681fbb58628f4aa7fe472bd22c3de2ea26738,ext_2026-09-17.csv,69ca7283ae18fd37736827e1b19a79d3557e2e8177dbfd05c9685be22502402b,125a8602a684939576278093b306add6a6fa7a0157389f71a5c0029455ab9ba0,93db9b70dc708b67cf3584775800e9450e91f71fdb2846155d92545fcdba7492,5.1.0,E0.2,pendiente,ok,sesion,1,1,2026-09-18T03:30:05.215185+00:00
252,2026-09-17,2026-09-17,2026-09-18T03:30:05.039340+00:00,2026-09-17T20:00:00+00:00,XNYS,2026-09-18,2026-09-18T13:30:00+00:00,QCOM,nada,0,0,188.7100067138672,-2.8849366882539362,-18.38389509219876,12.614021715690885,"sorteo sin información (contabilidad.senales_sin_informacion, semilla 20260906, desde 2023-09-05): prueba de maquinaria, no track record",conservador,500.0,0.2.0-PROPUESTA,señal -2.88 pp bajo el umbral +1.35 pp,2026-09-17,2026-09-17T20:00:00+00:00,cbec21bacf1a417bb20d4405b53681fbb58628f4aa7fe472bd22c3de2ea26738,ext_2026-09-17.csv,69ca7283ae18fd37736827e1b19a79d3557e2e8177dbfd05c9685be22502402b,125a8602a684939576278093b306add6a6fa7a0157389f71a5c0029455ab9ba0,93db9b70dc708b67cf3584775800e9450e91f71fdb2846155d92545fcdba7492,5.1.0,E0.2,pendiente,ok,sesion,1,1,2026-09-18T03:30:05.215185+00:00
253,2026-09-17,2026-09-17,2026-09-18T03:30:05.039340+00:00,2026-09-17T20:00:00+00:00,XNYS,2026-09-18,2026-09-18T13:30:00+00:00,SHECY,nada,0,0,18.61000061035156,-2.7137911212347987,-13.958023904023127,8.53044166155353,"sorteo sin información (contabilidad.senales_sin_informacion, semilla 20260906, desde 2023-09-05): prueba de maquinaria, no track record",conservador,500.0,0.2.0-PROPUESTA,señal -2.71 pp bajo el umbral +1.35 pp,2026-09-17,2026-09-17T20:00:00+00:00,cbec21bacf1a417bb20d4405b53681fbb58628f4aa7fe472bd22c3de2ea26738,ext_2026-09-17.csv,69ca7283ae18fd37736827e1b19a79d3557e2e8177dbfd05c9685be22502402b,125a8602a684939576278093b306add6a6fa7a0157389f71a5c0029455ab9ba0,93db9b70dc708b67cf3584775800e9450e91f71fdb2846155d92545fcdba7492,5.1.0,E0.2,pendiente,ok,sesion,1,1,2026-09-18T03:30:05.215185+00:00
254,2026-09-17,2026-09-17,2026-09-18T03:30:05.039340+00:00,2026-09-17T20:00:00+00:00,XNYS,2026-09-18,2026-09-18T13:30:00+00:00,SMH,nada,0,0,560.6099853515625,1.1045305109740777,-10.196602897841945,12.4056639197901,"sorteo sin información (contabilidad.senales_sin_informacion, semilla 20260906, desde 2023-09-05): prueba de maquinaria, no track record",conservador,500.0,0.2.0-PROPUESTA,señal +1.10 pp bajo el umbral +1.35 pp,2026-09-17,2026-09-17T20:00:00+00:00,cbec21bacf1a417bb20d4405b53681fbb58628f4aa7fe472bd22c3de2ea26738,ext_2026-09-17.csv,69ca7283ae18fd37736827e1b19a79d3557e2e8177dbfd05c9685be22502402b,125a8602a684939576278093b306add6a6fa7a0157389f71a5c0029455ab9ba0,93db9b70dc708b67cf3584775800e9450e91f71fdb2846155d92545fcdba7492,5.1.0,E0.2,pendiente,ok,sesion,1,1,2026-09-18T03:30:05.215185+00:00
255,2026-09-17,2026-09-17,2026-09-18T03:30:05.039340+00:00,2026-09-17T20:00:00+00:00,XNYS,2026-09-18,2026-09-18T13:30:00+00:00,SNPS,nada,0,0,381.1700134277344,2.9466521700140413,-8.978144317905905,14.871448657933989,"sorteo sin información (contabilidad.senales_sin_informacion, semilla 20260906, desde 2023-09-05): prueba de maquinaria, no track record",conservador,500.0,0.2.0-PROPUESTA,"su intervalo [-8.98, +14.87] contiene el cero",2026-09-17,2026-09-17T20:00:00+00:00,cbec21bacf1a417bb20d4405b53681fbb58628f4aa7fe472bd22c3de2ea26738,ext_2026-09-17.csv,69ca7283ae18fd37736827e1b19a79d3557e2e8177dbfd05c9685be22502402b,125a8602a684939576278093b306add6a6fa7a0157389f71a5c0029455ab9ba0,93db9b70dc708b67cf3584775800e9450e91f71fdb2846155d92545fcdba7492,5.1.0,E0.2,pendiente,ok,sesion,1,1,2026-09-18T03:30:05.215185+00:00
256,2026-09-17,2026-09-17,2026-09-18T03:30:05.039340+00:00,2026-09-17T20:00:00+00:00,XNYS,2026-09-18,2026-09-18T13:30:00+00:00,SOXX,nada,0,0,519.0999755859375,3.3114401495974555,-7.9366546363398776,14.559534935534789,"sorteo sin información (contabilidad.senales_sin_informacion, semilla 20260906, desde 2023-09-05): prueba de maquinaria, no track record",conservador,500.0,0.2.0-PROPUESTA,"su intervalo [-7.94, +14.56] contiene el cero",2026-09-17,2026-09-17T20:00:00+00:00,cbec21bacf1a417bb20d4405b53681fbb58628f4aa7fe472bd22c3de2ea26738,ext_2026-09-17.csv,69ca7283ae18fd37736827e1b19a79d3557e2e8177dbfd05c9685be22502402b,125a8602a684939576278093b306add6a6fa7a0157389f71a5c0029455ab9ba0,93db9b70dc708b67cf3584775800e9450e91f71fdb2846155d92545fcdba7492,5.1.0,E0.2,pendiente,ok,sesion,1,1,2026-09-18T03:30:05.215185+00:00
257,2026-09-17,2026-09-17,2026-09-18T03:30:05.039340+00:00,2026-09-17T20:00:00+00:00,XNYS,2026-09-18,2026-09-18T13:30:00+00:00,TER,nada,0,0,353.1300048828125,15.226466633114555,-0.211701456668143,30.664634722897254,"sorteo sin información (contabilidad.senales_sin_informacion, semilla 20260906, desde 2023-09-05): prueba de maquinaria, no track record",conservador,500.0,0.2.0-PROPUESTA,"su intervalo [-0.21, +30.66] contiene el cero",2026-09-17,2026-09-17T20:00:00+00:00,cbec21bacf1a417bb20d4405b53681fbb58628f4aa7fe472bd22c3de2ea26738,ext_2026-09-17.csv,69ca7283ae18fd37736827e1b19a79d3557e2e8177dbfd05c9685be22502402b,125a8602a684939576278093b306add6a6fa7a0157389f71a5c0029455ab9ba0,93db9b70dc708b67cf3584775800e9450e91f71fdb2846155d92545fcdba7492,5.1.0,E0.2,pendiente,ok,sesion,1,1,2026-09-18T03:30:05.215185+00:00
258,2026-09-17,2026-09-17,2026-09-18T03:30:05.039340+00:00,2026-09-17T20:00:00+00:00,XNYS,2026-09-18,2026-09-18T13:30:00+00:00,TOELY,nada,0,0,164.5500030517578,-9.546536561565311,-24.34404165770722,5.250968534576597,"sorteo sin información (contabilidad.senales_sin_informacion, semilla 20260906, desde 2023-09-05): prueba de maquinaria, no track record",conservador,500.0,0.2.0-PROPUESTA,señal -9.55 pp bajo el umbral +1.35 pp,2026-09-17,2026-09-17T20:00:00+00:00,cbec21bacf1a417bb20d4405b53681fbb58628f4aa7fe472bd22c3de2ea26738,ext_2026-09-17.csv,69ca7283ae18fd37736827e1b19a79d3557e2e8177dbfd05c9685be22502402b,125a8602a684939576278093b306add6a6fa7a0157389f71a5c0029455ab9ba0,93db9b70dc708b67cf3584775800e9450e91f71fdb2846155d92545fcdba7492,5.1.0,E0.2,pendiente,ok,sesion,1,1,2026-09-18T03:30:05.215185+00:00
259,2026-09-17,2026-09-17,2026-09-18T03:30:05.039340+00:00,2026-09-17T20:00:00+00:00,XNYS,2026-09-18,2026-09-18T13:30:00+00:00,TSEM,nada,0,0,219.2400054931641,13.432832923891747,-1.1162966375247318,27.981962485308223,"sorteo sin información (contabilidad.senales_sin_informacion, semilla 20260906, desde 2023-09-05): prueba de maquinaria, no track record",conservador,500.0,0.2.0-PROPUESTA,"su intervalo [-1.12, +27.98] contiene el cero",2026-09-17,2026-09-17T20:00:00+00:00,cbec21bacf1a417bb20d4405b53681fbb58628f4aa7fe472bd22c3de2ea26738,ext_2026-09-17.csv,69ca7283ae18fd37736827e1b19a79d3557e2e8177dbfd05c9685be22502402b,125a8602a684939576278093b306add6a6fa7a0157389f71a5c0029455ab9ba0,93db9b70dc708b67cf3584775800e9450e91f71fdb2846155d92545fcdba7492,5.1.0,E0.2,pendiente,ok,sesion,1,1,2026-09-18T03:30:05.215185+00:00
260,2026-09-17,2026-09-17,2026-09-18T03:30:05.039340+00:00,2026-09-17T20:00:00+00:00,XNYS,2026-09-18,2026-09-18T13:30:00+00:00,TSM,nada,0,0,430.260009765625,0.48308425901464336,-12.565212679051044,13.531381197080332,"sorteo sin información (contabilidad.senales_sin_informacion, semilla 20260906, desde 2023-09-05): prueba de maquinaria, no track record",conservador,500.0,0.2.0-PROPUESTA,señal +0.48 pp bajo el umbral +1.35 pp,2026-09-17,2026-09-17T20:00:00+00:00,cbec21bacf1a417bb20d4405b53681fbb58628f4aa7fe472bd22c3de2ea26738,ext_2026-09-17.csv,69ca7283ae18fd37736827e1b19a79d3557e2e8177dbfd05c9685be22502402b,125a8602a684939576278093b306add6a6fa7a0157389f71a5c0029455ab9ba0,93db9b70dc708b67cf3584775800e9450e91f71fdb2846155d92545fcdba7492,5.1.0,E0.2,pendiente,ok,sesion,1,1,2026-09-18T03:30:05.215185+00:00
261,2026-09-17,2026-09-17,2026-09-18T03:30:05.039340+00:00,2026-09-17T20:00:00+00:00,XNYS,2026-09-18,2026-09-18T13:30:00+00:00,UMC,nada,0,0,24.46999931335449,-2.2956853591075133,-19.48937821729528,14.898007499080254,"sorteo sin información (contabilidad.senales_sin_informacion, semilla 20260906, desde 2023-09-05): prueba de maquinaria, no track record",conservador,500.0,0.2.0-PROPUESTA,señal -2.30 pp bajo el umbral +1.35 pp,2026-09-17,2026-09-17T20:00:00+00:00,cbec21bacf1a417bb20d4405b53681fbb58628f4aa7fe472bd22c3de2ea26738,ext_2026-09-17.csv,69ca7283ae18fd37736827e1b19a79d3557e2e8177dbfd05c9685be22502402b,125a8602a684939576278093b306add6a6fa7a0157389f71a5c0029455ab9ba0,93db9b70dc708b67cf3584775800e9450e91f71fdb2846155d92545fcdba7492,5.1.0,E0.2,pendiente,ok,sesion,1,1,2026-09-18T03:30:05.215185+00:00
262,2026-09-17,2026-09-17,2026-09-18T03:30:05.039340+00:00,2026-09-17T20:00:00+00:00,XNYS,2026-09-18,2026-09-18T13:30:00+00:00,VRT,nada,0,0,241.4900054931641,-0.39526496783510723,-20.083477731925804,19.29294779625559,"sorteo sin información (contabilidad.senales_sin_informacion, semilla 20260906, desde 2023-09-05): prueba de maquinaria, no track record",conservador,500.0,0.2.0-PROPUESTA,señal -0.40 pp bajo el umbral +1.35 pp,2026-09-17,2026-09-17T20:00:00+00:00,cbec21bacf1a417bb20d4405b53681fbb58628f4aa7fe472bd22c3de2ea26738,ext_2026-09-17.csv,69ca7283ae18fd37736827e1b19a79d3557e2e8177dbfd05c9685be22502402b,125a8602a684939576278093b306add6a6fa7a0157389f71a5c0029455ab9ba0,93db9b70dc708b67cf3584775800e9450e91f71fdb2846155d92545fcdba7492,5.1.0,E0.2,pendiente,ok,sesion,1,1,2026-09-18T03:30:05.215185+00:00
263,2026-09-17,2026-09-17,2026-09-18T03:30:05.039340+00:00,2026-09-17T20:00:00+00:00,XNYS,2026-09-18,2026-09-18T13:30:00+00:00,WDC,nada,0,0,423.8699951171875,6.1032833283067855,-12.779757341179439,24.986323997793008,"sorteo sin información (contabilidad.senales_sin_informacion, semilla 20260906, desde 2023-09-05): prueba de maquinaria, no track record",conservador,500.0,0.2.0-PROPUESTA,"su intervalo [-12.78, +24.99] contiene el cero",2026-09-17,2026-09-17T20:00:00+00:00,cbec21bacf1a417bb20d4405b53681fbb58628f4aa7fe472bd22c3de2ea26738,ext_2026-09-17.csv,69ca7283ae18fd37736827e1b19a79d3557e2e8177dbfd05c9685be22502402b,125a8602a684939576278093b306add6a6fa7a0157389f71a5c0029455ab9ba0,93db9b70dc708b67cf3584775800e9450e91f71fdb2846155d92545fcdba7492,5.1.0,E0.2,pendiente,ok,sesion,1,1,2026-09-18T03:30:05.215185+00:00
264,2026-09-17,2026-09-17,2026-09-18T03:30:05.039340+00:00,2026-09-17T20:00:00+00:00,XNYS,2026-09-18,2026-09-18T13:30:00+00:00,XSD,nada,0,0,499.2699890136719,-5.022211819722589,-17.23925809817711,7.194834458731934,"sorteo sin información (contabilidad.senales_sin_informacion, semilla 20260906, desde 2023-09-05): prueba de maquinaria, no track record",conservador,500.0,0.2.0-PROPUESTA,señal -5.02 pp bajo el umbral +1.35 pp,2026-09-17,2026-09-17T20:00:00+00:00,cbec21bacf1a417bb20d4405b53681fbb58628f4aa7fe472bd22c3de2ea26738,ext_2026-09-17.csv,69ca7283ae18fd37736827e1b19a79d3557e2e8177dbfd05c9685be22502402b,125a8602a684939576278093b306add6a6fa7a0157389f71a5c0029455ab9ba0,93db9b70dc708b67cf3584775800e9450e91f71fdb2846155d92545fcdba7492,5.1.0,E0.2,pendiente,ok,sesion,1,1,2026-09-18T03:30:05.215185+00:00
265,2026-09-18,2026-09-18,2026-09-19T03:30:04.782582+00:00,2026-09-18T20:00:00+00:00,XNYS,2026-09-21,2026-09-21T13:30:00+00:00,AMAT,nada,0,0,444.5700073242188,0.10318215386244667,-14.54843302037211,14.754797328097004,"sorteo sin información (contabilidad.senales_sin_informacion, semilla 20260906, desde 2023-09-05): prueba de maquinaria, no track record",conservador,500.0,0.2.0-PROPUESTA,señal +0.10 pp bajo el umbral +1.35 pp,2026-09-18,2026-09-18T20:00:00+00:00,e71b78214156604f6a81835ac9a153cd147e0093da687e45bf53dcccce844b72,ext_2026-09-18.csv,69ca7283ae18fd37736827e1b19a79d3557e2e8177dbfd05c9685be22502402b,125a8602a684939576278093b306add6a6fa7a0157389f71a5c0029455ab9ba0,93db9b70dc708b67cf3584775800e9450e91f71fdb2846155d92545fcdba7492,5.1.0,E0.2,insumo_incompleto,ok,sesion,0,0,2026-09-19T03:30:04.944446+00:00
266,2026-09-18,2026-09-18,2026-09-19T03:30:04.782582+00:00,2026-09-18T20:00:00+00:00,XNYS,2026-09-21,2026-09-21T13:30:00+00:00,AMD,nada,0,0,559.8200073242188,-8.486930437339579,-28.10690968561459,11.133048810935433,"sorteo sin información (contabilidad.senales_sin_informacion, semilla 20260906, desde 2023-09-05): prueba de maquinaria, no track record",conservador,500.0,0.2.0-PROPUESTA,señal -8.49 pp bajo el umbral +1.35 pp,2026-09-18,2026-09-18T20:00:00+00:00,e71b78214156604f6a81835ac9a153cd147e0093da687e45bf53dcccce844b72,ext_2026-09-18.csv,69ca7283ae18fd37736827e1b19a79d3557e2e8177dbfd05c9685be22502402b,125a8602a684939576278093b306add6a6fa7a0157389f71a5c0029455ab9ba0,93db9b70dc708b67cf3584775800e9450e91f71fdb2846155d92545fcdba7492,5.1.0,E0.2,insumo_incompleto,ok,sesion,0,0,2026-09-19T03:30:04.944446+00:00
267,2026-09-18,2026-09-18,2026-09-19T03:30:04.782582+00:00,2026-09-18T20:00:00+00:00,XNYS,2026-09-21,2026-09-21T13:30:00+00:00,AMKR,nada,0,0,50.29999923706055,-7.7049047948107185,-27.00397824378786,11.59416865416642,"sorteo sin información (contabilidad.senales_sin_informacion, semilla 20260906, desde 2023-09-05): prueba de maquinaria, no track record",conservador,500.0,0.2.0-PROPUESTA,señal -7.70 pp bajo el umbral +1.35 pp,2026-09-18,2026-09-18T20:00:00+00:00,e71b78214156604f6a81835ac9a153cd147e0093da687e45bf53dcccce844b72,ext_2026-09-18.csv,69ca7283ae18fd37736827e1b19a79d3557e2e8177dbfd05c9685be22502402b,125a8602a684939576278093b306add6a6fa7a0157389f71a5c0029455ab9ba0,93db9b70dc708b67cf3584775800e9450e91f71fdb2846155d92545fcdba7492,5.1.0,E0.2,insumo_incompleto,ok,sesion,0,0,2026-09-19T03:30:04.944446+00:00
268,2026-09-18,2026-09-18,2026-09-19T03:30:04.782582+00:00,2026-09-18T20:00:00+00:00,XNYS,2026-09-21,2026-09-21T13:30:00+00:00,AMZN,nada,0,0,253.7100067138672,-0.34834976525436323,-12.701035927477609,12.004336396968881,"sorteo sin información (contabilidad.senales_sin_informacion, semilla 20260906, desde 2023-09-05): prueba de maquinaria, no track record",conservador,500.0,0.2.0-PROPUESTA,señal -0.35 pp bajo el umbral +1.35 pp,2026-09-18,2026-09-18T20:00:00+00:00,e71b78214156604f6a81835ac9a153cd147e0093da687e45bf53dcccce844b72,ext_2026-09-18.csv,69ca7283ae18fd37736827e1b19a79d3557e2e8177dbfd05c9685be22502402b,125a8602a684939576278093b306add6a6fa7a0157389f71a5c0029455ab9ba0,93db9b70dc708b67cf3584775800e9450e91f71fdb2846155d92545fcdba7492,5.1.0,E0.2,insumo_incompleto,ok,sesion,0,0,2026-09-19T03:30:04.944446+00:00
269,2026-09-18,2026-09-18,2026-09-19T03:30:04.782582+00:00,2026-09-18T20:00:00+00:00,XNYS,2026-09-21,2026-09-21T13:30:00+00:00,ASX,nada,0,0,41.630001068115234,-11.111138892713202,-24.974001355598517,2.751723570172114,"sorteo sin información (contabilidad.senales_sin_informacion, semilla 20260906, desde 2023-09-05): prueba de maquinaria, no track record",conservador,500.0,0.2.0-PROPUESTA,señal -11.11 pp bajo el umbral +1.35 pp,2026-09-18,2026-09-18T20:00:00+00:00,e71b78214156604f6a81835ac9a153cd147e0093da687e45bf53dcccce844b72,ext_2026-09-18.csv,69ca7283ae18fd37736827e1b19a79d3557e2e8177dbfd05c9685be22502402b,125a8602a684939576278093b306add6a6fa7a0157389f71a5c0029455ab9ba0,93db9b70dc708b67cf3584775800e9450e91f71fdb2846155d92545fcdba7492,5.1.0,E0.2,insumo_incompleto,ok,sesion,0,0,2026-09-19T03:30:04.944446+00:00
270,2026-09-18,2026-09-18,2026-09-19T03:30:04.782582+00:00,2026-09-18T20:00:00+00:00,XNYS,2026-09-21,2026-09-21T13:30:00+00:00,AVGO,nada,0,0,357.6099853515625,-3.0697432375906275,-14.88264683769641,8.743160362515155,"sorteo sin información (contabilidad.senales_sin_informacion, semilla 20260906, desde 2023-09-05): prueba de maquinaria, no track record",conservador,500.0,0.2.0-PROPUESTA,señal -3.07 pp bajo el umbral +1.35 pp,2026-09-18,2026-09-18T20:00:00+00:00,e71b78214156604f6a81835ac9a153cd147e0093da687e45bf53dcccce844b72,ext_2026-09-18.csv,69ca7283ae18fd37736827e1b19a79d3557e2e8177dbfd05c9685be22502402b,125a8602a684939576278093b306add6a6fa7a0157389f71a5c0029455ab9ba0,93db9b70dc708b67cf3584775800e9450e91f71fdb2846155d92545fcdba7492,5.1.0,E0.2,insumo_incompleto,ok,sesion,0,0,2026-09-19T03:30:04.944446+00:00
271,2026-09-18,2026-09-18,2026-09-19T03:30:04.782582+00:00,2026-09-18T20:00:00+00:00,XNYS,2026-09-21,2026-09-21T13:30:00+00:00,CDNS,nada,0,0,282.8999938964844,-2.1211189808307607,-14.242440064650545,10.000202102989025,"sorteo sin información (contabilidad.senales_sin_informacion, semilla 20260906, desde 2023-09-05): prueba de maquinaria, no track record",conservador,500.0,0.2.0-PROPUESTA,señal -2.12 pp bajo el umbral +1.35 pp,2026-09-18,2026-09-18T20:00:00+00:00,e71b78214156604f6a81835ac9a153cd147e0093da687e45bf53dcccce844b72,ext_2026-09-18.csv,69ca7283ae18fd37736827e1b19a79d3557e2e8177dbfd05c9685be22502402b,125a8602a684939576278093b306add6a6fa7a0157389f71a5c0029455ab9ba0,93db9b70dc708b67cf3584775800e9450e91f71fdb2846155d92545fcdba7492,5.1.0,E0.2,insumo_incompleto,ok,sesion,0,0,2026-09-19T03:30:04.944446+00:00
272,2026-09-18,2026-09-18,2026-09-19T03:30:04.782582+00:00,2026-09-18T20:00:00+00:00,XNYS,2026-09-21,2026-09-21T13:30:00+00:00,ENTG,nada,0,0,142.25,10.324709341123462,-4.259742462043183,24.90916114429011,"sorteo sin información (contabilidad.senales_sin_informacion, semilla 20260906, desde 2023-09-05): prueba de maquinaria, no track record",conservador,500.0,0.2.0-PROPUESTA,"su intervalo [-4.26, +24.91] contiene el cero",2026-09-18,2026-09-18T20:00:00+00:00,e71b78214156604f6a81835ac9a153cd147e0093da687e45bf53dcccce844b72,ext_2026-09-18.csv,69ca7283ae18fd37736827e1b19a79d3557e2e8177dbfd05c9685be22502402b,125a8602a684939576278093b306add6a6fa7a0157389f71a5c0029455ab9ba0,93db9b70dc708b67cf3584775800e9450e91f71fdb2846155d92545fcdba7492,5.1.0,E0.2,insumo_incompleto,ok,sesion,0,0,2026-09-19T03:30:04.944446+00:00
273,2026-09-18,2026-09-18,2026-09-19T03:30:04.782582+00:00,2026-09-18T20:00:00+00:00,XNYS,2026-09-21,2026-09-21T13:30:00+00:00,GFS,nada,0,0,47.81999969482422,12.440435421578577,-8.071193108569528,32.952063951726686,"sorteo sin información (contabilidad.senales_sin_informacion, semilla 20260906, desde 2023-09-05): prueba de maquinaria, no track record",conservador,500.0,0.2.0-PROPUESTA,"su intervalo [-8.07, +32.95] contiene el cero",2026-09-18,2026-09-18T20:00:00+00:00,e71b78214156604f6a81835ac9a153cd147e0093da687e45bf53dcccce844b72,ext_2026-09-18.csv,69ca7283ae18fd37736827e1b19a79d3557e2e8177dbfd05c9685be22502402b,125a8602a684939576278093b306add6a6fa7a0157389f71a5c0029455ab9ba0,93db9b70dc708b67cf3584775800e9450e91f71fdb2846155d92545fcdba7492,5.1.0,E0.2,insumo_incompleto,ok,sesion,0,0,2026-09-19T03:30:04.944446+00:00
274,2026-09-18,2026-09-18,2026-09-19T03:30:04.782582+00:00,2026-09-18T20:00:00+00:00,XNYS,2026-09-21,2026-09-21T13:30:00+00:00,GOOGL,nada,0,0,349.5400085449219,2.18292024204203,-7.808386067150602,12.174226551234662,"sorteo sin información (contabilidad.senales_sin_informacion, semilla 20260906, desde 2023-09-05): prueba de maquinaria, no track record",conservador,500.0,0.2.0-PROPUESTA,"su intervalo [-7.81, +12.17] contiene el cero",2026-09-18,2026-09-18T20:00:00+00:00,e71b78214156604f6a81835ac9a153cd147e0093da687e45bf53dcccce844b72,ext_2026-09-18.csv,69ca7283ae18fd37736827e1b19a79d3557e2e8177dbfd05c9685be22502402b,125a8602a684939576278093b306add6a6fa7a0157389f71a5c0029455ab9ba0,93db9b70dc708b67cf3584775800e9450e91f71fdb2846155d92545fcdba7492,5.1.0,E0.2,insumo_incompleto,ok,sesion,0,0,2026-09-19T03:30:04.944446+00:00
275,2026-09-18,2026-09-18,2026-09-19T03:30:04.782582+00:00,2026-09-18T20:00:00+00:00,XNYS,2026-09-21,2026-09-21T13:30:00+00:00,GSM,nada,0,0,4.179999828338623,-3.1055885888390478,-42.546930550460864,36.33575337278277,"sorteo sin información (contabilidad.senales_sin_informacion, semilla 20260906, desde 2023-09-05): prueba de maquinaria, no track record",conservador,500.0,0.2.0-PROPUESTA,señal -3.11 pp bajo el umbral +1.35 pp,2026-09-18,2026-09-18T20:00:00+00:00,e71b78214156604f6a81835ac9a153cd147e0093da687e45bf53dcccce844b72,ext_2026-09-18.csv,69ca7283ae18fd37736827e1b19a79d3557e2e8177dbfd05c9685be22502402b,125a8602a684939576278093b306add6a6fa7a0157389f71a5c0029455ab9ba0,93db9b70dc708b67cf3584775800e9450e91f71fdb2846155d92545fcdba7492,5.1.0,E0.2,insumo_incompleto,ok,sesion,0,0,2026-09-19T03:30:04.944446+00:00
276,2026-09-18,2026-09-18,2026-09-19T03:30:04.782582+00:00,2026-09-18T20:00:00+00:00,XNYS,2026-09-21,2026-09-21T13:30:00+00:00,INTC,nada,0,0,108.5999984741211,13.557385114277022,1.535538893664464,25.579231334889577,"sorteo sin información (contabilidad.senales_sin_informacion, semilla 20260906, desde 2023-09-05): prueba de maquinaria, no track record",conservador,500.0,0.2.0-PROPUESTA,una acción cuesta 108.60 USD y el margen disponible es 1.60 USD; el riel no compra fracciones,2026-09-18,2026-09-18T20:00:00+00:00,e71b78214156604f6a81835ac9a153cd147e0093da687e45bf53dcccce844b72,ext_2026-09-18.csv,69ca7283ae18fd37736827e1b19a79d3557e2e8177dbfd05c9685be22502402b,125a8602a684939576278093b306add6a6fa7a0157389f71a5c0029455ab9ba0,93db9b70dc708b67cf3584775800e9450e91f71fdb2846155d92545fcdba7492,5.1.0,E0.2,insumo_incompleto,ok,sesion,0,0,2026-09-19T03:30:04.944446+00:00
277,2026-09-18,2026-09-18,2026-09-19T03:30:04.782582+00:00,2026-09-18T20:00:00+00:00,XNYS,2026-09-21,2026-09-21T13:30:00+00:00,KLAC,nada,0,0,176.99000549316406,8.731765780243062,-5.03340796998139,22.496939530467515,"sorteo sin información (contabilidad.senales_sin_informacion, semilla 20260906, desde 2023-09-05): prueba de maquinaria, no track record",conservador,500.0,0.2.0-PROPUESTA,"su intervalo [-5.03, +22.50] contiene el cero",2026-09-18,2026-09-18T20:00:00+00:00,e71b78214156604f6a81835ac9a153cd147e0093da687e45bf53dcccce844b72,ext_2026-09-18.csv,69ca7283ae18fd37736827e1b19a79d3557e2e8177dbfd05c9685be22502402b,125a8602a684939576278093b306add6a6fa7a0157389f71a5c0029455ab9ba0,93db9b70dc708b67cf3584775800e9450e91f71fdb2846155d92545fcdba7492,5.1.0,E0.2,insumo_incompleto,ok,sesion,0,0,2026-09-19T03:30:04.944446+00:00
278,2026-09-18,2026-09-18,2026-09-19T03:30:04.782582+00:00,2026-09-18T20:00:00+00:00,XNYS,2026-09-21,2026-09-21T13:30:00+00:00,LIN,nada,0,0,460.3999938964844,7.573001025516257,-1.0823922693690555,16.22839432040157,"sorteo sin información (contabilidad.senales_sin_informacion, semilla 20260906, desde 2023-09-05): prueba de maquinaria, no track record",conservador,500.0,0.2.0-PROPUESTA,"su intervalo [-1.08, +16.23] contiene el cero",2026-09-18,2026-09-18T20:00:00+00:00,e71b78214156604f6a81835ac9a153cd147e0093da687e45bf53dcccce844b72,ext_2026-09-18.csv,69ca7283ae18fd37736827e1b19a79d3557e2e8177dbfd05c9685be22502402b,125a8602a684939576278093b306add6a6fa7a0157389f71a5c0029455ab9ba0,93db9b70dc708b67cf3584775800e9450e91f71fdb2846155d92545fcdba7492,5.1.0,E0.2,insumo_incompleto,ok,sesion,0,0,2026-09-19T03:30:04.944446+00:00
279,2026-09-18,2026-09-18,2026-09-19T03:30:04.782582+00:00,2026-09-18T20:00:00+00:00,XNYS,2026-09-21,2026-09-21T13:30:00+00:00,LRCX,nada,0,0,288.1099853515625,6.63180211018608,-8.865199324640514,22.128803545012676,"sorteo sin información (contabilidad.senales_sin_informacion, semilla 20260906, desde 2023-09-05): prueba de maquinaria, no track record",conservador,500.0,0.2.0-PROPUESTA,"su intervalo [-8.87, +22.13] contiene el cero",2026-09-18,2026-09-18T20:00:00+00:00,e71b78214156604f6a81835ac9a153cd147e0093da687e45bf53dcccce844b72,ext_2026-09-18.csv,69ca7283ae18fd37736827e1b19a79d3557e2e8177dbfd05c9685be22502402b,125a8602a684939576278093b306add6a6fa7a0157389f71a5c0029455ab9ba0,93db9b70dc708b67cf3584775800e9450e91f71fdb2846155d92545fcdba7492,5.1.0,E0.2,insumo_incompleto,ok,sesion,0,0,2026-09-19T03:30:04.944446+00:00
280,2026-09-18,2026-09-18,2026-09-19T03:30:04.782582+00:00,2026-09-18T20:00:00+00:00,XNYS,2026-09-21,2026-09-21T13:30:00+00:00,META,nada,0,0,665.75,1.4953078700005396,-13.330821129728974,16.321436869730054,"sorteo sin información (contabilidad.senales_sin_informacion, semilla 20260906, desde 2023-09-05): prueba de maquinaria, no track record",conservador,500.0,0.2.0-PROPUESTA,"su intervalo [-13.33, +16.32] contiene el cero",2026-09-18,2026-09-18T20:00:00+00:00,e71b78214156604f6a81835ac9a153cd147e0093da687e45bf53dcccce844b72,ext_2026-09-18.csv,69ca7283ae18fd37736827e1b19a79d3557e2e8177dbfd05c9685be22502402b,125a8602a684939576278093b306add6a6fa7a0157389f71a5c0029455ab9ba0,93db9b70dc708b67cf3584775800e9450e91f71fdb2846155d92545fcdba7492,5.1.0,E0.2,insumo_incompleto,ok,sesion,0,0,2026-09-19T03:30:04.944446+00:00
281,2026-09-18,2026-09-18,2026-09-19T03:30:04.782582+00:00,2026-09-18T20:00:00+00:00,XNYS,2026-09-21,2026-09-21T13:30:00+00:00,MKSI,nada,0,0,252.0800018310547,1.813710904006105,-13.911050445051167,17.538472253063375,"sorteo sin información (contabilidad.senales_sin_informacion, semilla 20260906, desde 2023-09-05): prueba de maquinaria, no track record",conservador,500.0,0.2.0-PROPUESTA,"su intervalo [-13.91, +17.54] contiene el cero",2026-09-18,2026-09-18T20:00:00+00:00,e71b78214156604f6a81835ac9a153cd147e0093da687e45bf53dcccce844b72,ext_2026-09-18.csv,69ca7283ae18fd37736827e1b19a79d3557e2e8177dbfd05c9685be22502402b,125a8602a684939576278093b306add6a6fa7a0157389f71a5c0029455ab9ba0,93db9b70dc708b67cf3584775800e9450e91f71fdb2846155d92545fcdba7492,5.1.0,E0.2,insumo_incompleto,ok,sesion,0,0,2026-09-19T03:30:04.944446+00:00
282,2026-09-18,2026-09-18,2026-09-19T03:30:04.782582+00:00,2026-09-18T20:00:00+00:00,XNYS,2026-09-21,2026-09-21T13:30:00+00:00,MSFT,nada,0,0,493.7799987792969,-10.494795726758488,-19.252885324968638,-1.736706128548338,"sorteo sin información (contabilidad.senales_sin_informacion, semilla 20260906, desde 2023-09-05): prueba de maquinaria, no track record",conservador,500.0,0.2.0-PROPUESTA,señal -10.49 pp bajo el umbral +1.35 pp,2026-09-18,2026-09-18T20:00:00+00:00,e71b78214156604f6a81835ac9a153cd147e0093da687e45bf53dcccce844b72,ext_2026-09-18.csv,69ca7283ae18fd37736827e1b19a79d3557e2e8177dbfd05c9685be22502402b,125a8602a684939576278093b306add6a6fa7a0157389f71a5c0029455ab9ba0,93db9b70dc708b67cf3584775800e9450e91f71fdb2846155d92545fcdba7492,5.1.0,E0.2,insumo_incompleto,ok,sesion,0,0,2026-09-19T03:30:04.944446+00:00
283,2026-09-18,2026-09-18,2026-09-19T03:30:04.782582+00:00,2026-09-18T20:00:00+00:00,XNYS,2026-09-21,2026-09-21T13:30:00+00:00,MU,nada,0,0,1015.7999877929688,-6.995480700791523,-21.947559446375138,7.95659804479209,"sorteo sin información (contabilidad.senales_sin_informacion, semilla 20260906, desde 2023-09-05): prueba de maquinaria, no track record",conservador,500.0,0.2.0-PROPUESTA,señal -7.00 pp bajo el umbral +1.35 pp,2026-09-18,2026-09-18T20:00:00+00:00,e71b78214156604f6a81835ac9a153cd147e0093da687e45bf53dcccce844b72,ext_2026-09-18.csv,69ca7283ae18fd37736827e1b19a79d3557e2e8177dbfd05c9685be22502402b,125a8602a684939576278093b306add6a6fa7a0157389f71a5c0029455ab9ba0,93db9b70dc708b67cf3584775800e9450e91f71fdb2846155d92545fcdba7492,5.1.0,E0.2,insumo_incompleto,ok,sesion,0,0,2026-09-19T03:30:04.944446+00:00
284,2026-09-18,2026-09-18,2026-09-19T03:30:04.782582+00:00,2026-09-18T20:00:00+00:00,XNYS,2026-09-21,2026-09-21T13:30:00+00:00,NVDA,nada,0,0,222.2700042724609,1.4234350538288032,-18.04197623910164,20.888846346759248,"sorteo sin información (contabilidad.senales_sin_informacion, semilla 20260906, desde 2023-09-05): prueba de maquinaria, no track record",conservador,500.0,0.2.0-PROPUESTA,"su intervalo [-18.04, +20.89] contiene el cero",2026-09-18,2026-09-18T20:00:00+00:00,e71b78214156604f6a81835ac9a153cd147e0093da687e45bf53dcccce844b72,ext_2026-09-18.csv,69ca7283ae18fd37736827e1b19a79d3557e2e8177dbfd05c9685be22502402b,125a8602a684939576278093b306add6a6fa7a0157389f71a5c0029455ab9ba0,93db9b70dc708b67cf3584775800e9450e91f71fdb2846155d92545fcdba7492,5.1.0,E0.2,insumo_incompleto,ok,sesion,0,0,2026-09-19T03:30:04.944446+00:00
285,2026-09-18,2026-09-18,2026-09-19T03:30:04.782582+00:00,2026-09-18T20:00:00+00:00,XNYS,2026-09-21,2026-09-21T13:30:00+00:00,QCOM,nada,0,0,177.72000122070312,4.3533834523665105,-11.145574951578311,19.852341856311334,"sorteo sin información (contabilidad.senales_sin_informacion, semilla 20260906, desde 2023-09-05): prueba de maquinaria, no track record",conservador,500.0,0.2.0-PROPUESTA,"su intervalo [-11.15, +19.85] contiene el cero",2026-09-18,2026-09-18T20:00:00+00:00,e71b78214156604f6a81835ac9a153cd147e0093da687e45bf53dcccce844b72,ext_2026-09-18.csv,69ca7283ae18fd37736827e1b19a79d3557e2e8177dbfd05c9685be22502402b,125a8602a684939576278093b306add6a6fa7a0157389f71a5c0029455ab9ba0,93db9b70dc708b67cf3584775800e9450e91f71fdb2846155d92545fcdba7492,5.1.0,E0.2,insumo_incompleto,ok,sesion,0,0,2026-09-19T03:30:04.944446+00:00
286,2026-09-18,2026-09-18,2026-09-19T03:30:04.782582+00:00,2026-09-18T20:00:00+00:00,XNYS,2026-09-21,2026-09-21T13:30:00+00:00,SHECY,nada,0,0,18.51000022888184,7.21329796429846,-4.030934818489869,18.45753074708679,"sorteo sin información (contabilidad.senales_sin_informacion, semilla 20260906, desde 2023-09-05): prueba de maquinaria, no track record",conservador,500.0,0.2.0-PROPUESTA,"su intervalo [-4.03, +18.46] contiene el cero",2026-09-18,2026-09-18T20:00:00+00:00,e71b78214156604f6a81835ac9a153cd147e0093da687e45bf53dcccce844b72,ext_2026-09-18.csv,69ca7283ae18fd37736827e1b19a79d3557e2e8177dbfd05c9685be22502402b,125a8602a684939576278093b306add6a6fa7a0157389f71a5c0029455ab9ba0,93db9b70dc708b67cf3584775800e9450e91f71fdb2846155d92545fcdba7492,5.1.0,E0.2,insumo_incompleto,ok,sesion,0,0,2026-09-19T03:30:04.944446+00:00
287,2026-09-18,2026-09-18,2026-09-19T03:30:04.782582+00:00,2026-09-18T20:00:00+00:00,XNYS,2026-09-21,2026-09-21T13:30:00+00:00,SMH,nada,0,0,573.0,14.349304779803251,3.0481713709872285,25.650438188619276,"sorteo sin información (contabilidad.senales_sin_informacion, semilla 20260906, desde 2023-09-05): prueba de maquinaria, no track record",conservador,500.0,0.2.0-PROPUESTA,una acción cuesta 573.00 USD y el margen disponible es 1.60 USD; el riel no compra fracciones,2026-09-18,2026-09-18T20:00:00+00:00,e71b78214156604f6a81835ac9a153cd147e0093da687e45bf53dcccce844b72,ext_2026-09-18.csv,69ca7283ae18fd37736827e1b19a79d3557e2e8177dbfd05c9685be22502402b,125a8602a684939576278093b306add6a6fa7a0157389f71a5c0029455ab9ba0,93db9b70dc708b67cf3584775800e9450e91f71fdb2846155d92545fcdba7492,5.1.0,E0.2,insumo_incompleto,ok,sesion,0,0,2026-09-19T03:30:04.944446+00:00
288,2026-09-18,2026-09-18,2026-09-19T03:30:04.782582+00:00,2026-09-18T20:00:00+00:00,XNYS,2026-09-21,2026-09-21T13:30:00+00:00,SNPS,nada,0,0,384.9700012207031,9.147130843323215,-2.7776656445967323,21.07192733124316,"sorteo sin información (contabilidad.senales_sin_informacion, semilla 20260906, desde 2023-09-05): prueba de maquinaria, no track record",conservador,500.0,0.2.0-PROPUESTA,"su intervalo [-2.78, +21.07] contiene el cero",2026-09-18,2026-09-18T20:00:00+00:00,e71b78214156604f6a81835ac9a153cd147e0093da687e45bf53dcccce844b72,ext_2026-09-18.csv,69ca7283ae18fd37736827e1b19a79d3557e2e8177dbfd05c9685be22502402b,125a8602a684939576278093b306add6a6fa7a0157389f71a5c0029455ab9ba0,93db9b70dc708b67cf3584775800e9450e91f71fdb2846155d92545fcdba7492,5.1.0,E0.2,insumo_incompleto,ok,sesion,0,0,2026-09-19T03:30:04.944446+00:00
289,2026-09-18,2026-09-18,2026-09-19T03:30:04.782582+00:00,2026-09-18T20:00:00+00:00,XNYS,2026-09-21,2026-09-21T13:30:00+00:00,SOXX,nada,0,0,533.0700073242188,-9.28892185218082,-20.537016638118153,1.9591729337565127,"sorteo sin información (contabilidad.senales_sin_informacion, semilla 20260906, desde 2023-09-05): prueba de maquinaria, no track record",conservador,500.0,0.2.0-PROPUESTA,señal -9.29 pp bajo el umbral +1.35 pp,2026-09-18,2026-09-18T20:00:00+00:00,e71b78214156604f6a81835ac9a153cd147e0093da687e45bf53dcccce844b72,ext_2026-09-18.csv,69ca7283ae18fd37736827e1b19a79d3557e2e8177dbfd05c9685be22502402b,125a8602a684939576278093b306add6a6fa7a0157389f71a5c0029455ab9ba0,93db9b70dc708b67cf3584775800e9450e91f71fdb2846155d92545fcdba7492,5.1.0,E0.2,insumo_incompleto,ok,sesion,0,0,2026-09-19T03:30:04.944446+00:00
290,2026-09-18,2026-09-18,2026-09-19T03:30:04.782582+00:00,2026-09-18T20:00:00+00:00,XNYS,2026-09-21,2026-09-21T13:30:00+00:00,TER,nada,0,0,371.4700012207031,11.134169450234443,-4.303998639548254,26.57233754001714,"sorteo sin información (contabilidad.senales_sin_informacion, semilla 20260906, desde 2023-09-05): prueba de maquinaria, no track record",conservador,500.0,0.2.0-PROPUESTA,"su intervalo [-4.30, +26.57] contiene el cero",2026-09-18,2026-09-18T20:00:00+00:00,e71b78214156604f6a81835ac9a153cd147e0093da687e45bf53dcccce844b72,ext_2026-09-18.csv,69ca7283ae18fd37736827e1b19a79d3557e2e8177dbfd05c9685be22502402b,125a8602a684939576278093b306add6a6fa7a0157389f71a5c0029455ab9ba0,93db9b70dc708b67cf3584775800e9450e91f71fdb2846155d92545fcdba7492,5.1.0,E0.2,insumo_incompleto,ok,sesion,0,0,2026-09-19T03:30:04.944446+00:00
291,2026-09-18,2026-09-18,2026-09-19T03:30:04.782582+00:00,2026-09-18T20:00:00+00:00,XNYS,2026-09-21,2026-09-21T13:30:00+00:00,TOELY,nada,0,0,,7.700290009755806,-7.097215086386102,22.497795105897715,"sorteo sin información (contabilidad.senales_sin_informacion, semilla 20260906, desde 2023-09-05): prueba de maquinaria, no track record",conservador,500.0,0.2.0-PROPUESTA,sin dato en el insumo para la sesión 2026-09-18 (último cierre: 2026-09-17),2026-09-17,2026-09-17T20:00:00+00:00,e71b78214156604f6a81835ac9a153cd147e0093da687e45bf53dcccce844b72,ext_2026-09-18.csv,69ca7283ae18fd37736827e1b19a79d3557e2e8177dbfd05c9685be22502402b,125a8602a684939576278093b306add6a6fa7a0157389f71a5c0029455ab9ba0,93db9b70dc708b67cf3584775800e9450e91f71fdb2846155d92545fcdba7492,5.1.0,E0.2,insumo_incompleto,ok,sesion,0,0,2026-09-19T03:30:04.944446+00:00
292,2026-09-18,2026-09-18,2026-09-19T03:30:04.782582+00:00,2026-09-18T20:00:00+00:00,XNYS,2026-09-21,2026-09-21T13:30:00+00:00,TSEM,nada,0,0,223.6000061035156,-1.8998920051850332,-16.449021566601512,12.649237556231444,"sorteo sin información (contabilidad.senales_sin_informacion, semilla 20260906, desde 2023-09-05): prueba de maquinaria, no track record",conservador,500.0,0.2.0-PROPUESTA,señal -1.90 pp bajo el umbral +1.35 pp,2026-09-18,2026-09-18T20:00:00+00:00,e71b78214156604f6a81835ac9a153cd147e0093da687e45bf53dcccce844b72,ext_2026-09-18.csv,69ca7283ae18fd37736827e1b19a79d3557e2e8177dbfd05c9685be22502402b,125a8602a684939576278093b306add6a6fa7a0157389f71a5c0029455ab9ba0,93db9b70dc708b67cf3584775800e9450e91f71fdb2846155d92545fcdba7492,5.1.0,E0.2,insumo_incompleto,ok,sesion,0,0,2026-09-19T03:30:04.944446+00:00
293,2026-09-18,2026-09-18,2026-09-19T03:30:04.782582+00:00,2026-09-18T20:00:00+00:00,XNYS,2026-09-21,2026-09-21T13:30:00+00:00,TSM,nada,0,0,434.6700134277344,-5.270086600717317,-18.318383538783003,7.778210337348371,"sorteo sin información (contabilidad.senales_sin_informacion, semilla 20260906, desde 2023-09-05): prueba de maquinaria, no track record",conservador,500.0,0.2.0-PROPUESTA,señal -5.27 pp bajo el umbral +1.35 pp,2026-09-18,2026-09-18T20:00:00+00:00,e71b78214156604f6a81835ac9a153cd147e0093da687e45bf53dcccce844b72,ext_2026-09-18.csv,69ca7283ae18fd37736827e1b19a79d3557e2e8177dbfd05c9685be22502402b,125a8602a684939576278093b306add6a6fa7a0157389f71a5c0029455ab9ba0,93db9b70dc708b67cf3584775800e9450e91f71fdb2846155d92545fcdba7492,5.1.0,E0.2,insumo_incompleto,ok,sesion,0,0,2026-09-19T03:30:04.944446+00:00
294,2026-09-18,2026-09-18,2026-09-19T03:30:04.782582+00:00,2026-09-18T20:00:00+00:00,XNYS,2026-09-21,2026-09-21T13:30:00+00:00,UMC,compra,5,0,24.61000061035156,18.76485055810273,1.5711576999149628,35.958543416290496,"sorteo sin información (contabilidad.senales_sin_informacion, semilla 20260906, desde 2023-09-05): prueba de maquinaria, no track record",conservador,500.0,0.2.0-PROPUESTA,,2026-09-18,2026-09-18T20:00:00+00:00,e71b78214156604f6a81835ac9a153cd147e0093da687e45bf53dcccce844b72,ext_2026-09-18.csv,69ca7283ae18fd37736827e1b19a79d3557e2e8177dbfd05c9685be22502402b,125a8602a684939576278093b306add6a6fa7a0157389f71a5c0029455ab9ba0,93db9b70dc708b67cf3584775800e9450e91f71fdb2846155d92545fcdba7492,5.1.0,E0.2,insumo_incompleto,ok,sesion,0,0,2026-09-19T03:30:04.944446+00:00
295,2026-09-18,2026-09-18,2026-09-19T03:30:04.782582+00:00,2026-09-18T20:00:00+00:00,XNYS,2026-09-21,2026-09-21T13:30:00+00:00,VRT,nada,0,0,249.38999938964844,14.164014345139941,-5.524198418950755,33.85222710923064,"sorteo sin información (contabilidad.senales_sin_informacion, semilla 20260906, desde 2023-09-05): prueba de maquinaria, no track record",conservador,500.0,0.2.0-PROPUESTA,"su intervalo [-5.52, +33.85] contiene el cero",2026-09-18,2026-09-18T20:00:00+00:00,e71b78214156604f6a81835ac9a153cd147e0093da687e45bf53dcccce844b72,ext_2026-09-18.csv,69ca7283ae18fd37736827e1b19a79d3557e2e8177dbfd05c9685be22502402b,125a8602a684939576278093b306add6a6fa7a0157389f71a5c0029455ab9ba0,93db9b70dc708b67cf3584775800e9450e91f71fdb2846155d92545fcdba7492,5.1.0,E0.2,insumo_incompleto,ok,sesion,0,0,2026-09-19T03:30:04.944446+00:00
296,2026-09-18,2026-09-18,2026-09-19T03:30:04.782582+00:00,2026-09-18T20:00:00+00:00,XNYS,2026-09-21,2026-09-21T13:30:00+00:00,WDC,nada,0,0,441.3599853515625,-23.956086867772484,-42.839127537258705,-5.07304619828626,"sorteo sin información (contabilidad.senales_sin_informacion, semilla 20260906, desde 2023-09-05): prueba de maquinaria, no track record",conservador,500.0,0.2.0-PROPUESTA,señal -23.96 pp bajo el umbral +1.35 pp,2026-09-18,2026-09-18T20:00:00+00:00,e71b78214156604f6a81835ac9a153cd147e0093da687e45bf53dcccce844b72,ext_2026-09-18.csv,69ca7283ae18fd37736827e1b19a79d3557e2e8177dbfd05c9685be22502402b,125a8602a684939576278093b306add6a6fa7a0157389f71a5c0029455ab9ba0,93db9b70dc708b67cf3584775800e9450e91f71fdb2846155d92545fcdba7492,5.1.0,E0.2,insumo_incompleto,ok,sesion,0,0,2026-09-19T03:30:04.944446+00:00
297,2026-09-18,2026-09-18,2026-09-19T03:30:04.782582+00:00,2026-09-18T20:00:00+00:00,XNYS,2026-09-21,2026-09-21T13:30:00+00:00,XSD,nada,0,0,506.6600036621094,8.72982278363017,-3.487223494824354,20.946869062084694,"sorteo sin información (contabilidad.senales_sin_informacion, semilla 20260906, desde 2023-09-05): prueba de maquinaria, no track record",conservador,500.0,0.2.0-PROPUESTA,"su intervalo [-3.49, +20.95] contiene el cero",2026-09-18,2026-09-18T20:00:00+00:00,e71b78214156604f6a81835ac9a153cd147e0093da687e45bf53dcccce844b72,ext_2026-09-18.csv,69ca7283ae18fd37736827e1b19a79d3557e2e8177dbfd05c9685be22502402b,125a8602a684939576278093b306add6a6fa7a0157389f71a5c0029455ab9ba0,93db9b70dc708b67cf3584775800e9450e91f71fdb2846155d92545fcdba7492,5.1.0,E0.2,insumo_incompleto,ok,sesion,0,0,2026-09-19T03:30:04.944446+00:00
298,2026-09-21,2026-09-21,2026-09-22T03:30:04.284688+00:00,2026-09-21T20:00:00+00:00,XNYS,2026-09-22,2026-09-22T13:30:00+00:00,AMAT,nada,0,0,464.239990234375,-20.877534215915684,-35.52914939015024,-6.225919041681127,"sorteo sin información (contabilidad.senales_sin_informacion, semilla 20260906, desde 2023-09-05): prueba de maquinaria, no track record",conservador,500.0,0.2.0-PROPUESTA,señal -20.88 pp bajo el umbral +1.35 pp,2026-09-21,2026-09-21T20:00:00+00:00,f11fafa4d95ec58aa67bf459b81eeb27c1c372f6bbf30097498db6ca7d1a1498,ext_2026-09-21.csv,69ca7283ae18fd37736827e1b19a79d3557e2e8177dbfd05c9685be22502402b,125a8602a684939576278093b306add6a6fa7a0157389f71a5c0029455ab9ba0,480fbdc991679f2b06340bd4609dc08b3fd8c920cc4bc5eae1d03b93a39fbeab,5.1.0,E0.2,pendiente,ok,sesion,1,1,2026-09-22T03:30:04.436971+00:00
299,2026-09-21,2026-09-21,2026-09-22T03:30:04.284688+00:00,2026-09-21T20:00:00+00:00,XNYS,2026-09-22,2026-09-22T13:30:00+00:00,AMD,nada,0,0,615.52001953125,-17.248369339624325,-36.868348587899334,2.3716099086506865,"sorteo sin información (contabilidad.senales_sin_informacion, semilla 20260906, desde 2023-09-05): prueba de maquinaria, no track record",conservador,500.0,0.2.0-PROPUESTA,señal -17.25 pp bajo el umbral +1.35 pp,2026-09-21,2026-09-21T20:00:00+00:00,f11fafa4d95ec58aa67bf459b81eeb27c1c372f6bbf30097498db6ca7d1a1498,ext_2026-09-21.csv,69ca7283ae18fd37736827e1b19a79d3557e2e8177dbfd05c9685be22502402b,125a8602a684939576278093b306add6a6fa7a0157389f71a5c0029455ab9ba0,480fbdc991679f2b06340bd4609dc08b3fd8c920cc4bc5eae1d03b93a39fbeab,5.1.0,E0.2,pendiente,ok,sesion,1,1,2026-09-22T03:30:04.436971+00:00
300,2026-09-21,2026-09-21,2026-09-22T03:30:04.284688+00:00,2026-09-21T20:00:00+00:00,XNYS,2026-09-22,2026-09-22T13:30:00+00:00,AMKR,nada,0,0,52.18999862670898,-7.7049047948107185,-27.00397824378786,11.59416865416642,"sorteo sin información (contabilidad.senales_sin_informacion, semilla 20260906, desde 2023-09-05): prueba de maquinaria, no track record",conservador,500.0,0.2.0-PROPUESTA,señal -7.70 pp bajo el umbral +1.35 pp,2026-09-21,2026-09-21T20:00:00+00:00,f11fafa4d95ec58aa67bf459b81eeb27c1c372f6bbf30097498db6ca7d1a1498,ext_2026-09-21.csv,69ca7283ae18fd37736827e1b19a79d3557e2e8177dbfd05c9685be22502402b,125a8602a684939576278093b306add6a6fa7a0157389f71a5c0029455ab9ba0,480fbdc991679f2b06340bd4609dc08b3fd8c920cc4bc5eae1d03b93a39fbeab,5.1.0,E0.2,pendiente,ok,sesion,1,1,2026-09-22T03:30:04.436971+00:00
301,2026-09-21,2026-09-21,2026-09-22T03:30:04.284688+00:00,2026-09-21T20:00:00+00:00,XNYS,2026-09-22,2026-09-22T13:30:00+00:00,AMZN,nada,0,0,258.45001220703125,7.7140972040574685,-4.638588958165776,20.066783366280713,"sorteo sin información (contabilidad.senales_sin_informacion, semilla 20260906, desde 2023-09-05): prueba de maquinaria, no track record",conservador,500.0,0.2.0-PROPUESTA,"su intervalo [-4.64, +20.07] contiene el cero",2026-09-21,2026-09-21T20:00:00+00:00,f11fafa4d95ec58aa67bf459b81eeb27c1c372f6bbf30097498db6ca7d1a1498,ext_2026-09-21.csv,69ca7283ae18fd37736827e1b19a79d3557e2e8177dbfd05c9685be22502402b,125a8602a684939576278093b306add6a6fa7a0157389f71a5c0029455ab9ba0,480fbdc991679f2b06340bd4609dc08b3fd8c920cc4bc5eae1d03b93a39fbeab,5.1.0,E0.2,pendiente,ok,sesion,1,1,2026-09-22T03:30:04.436971+00:00
302,2026-09-21,2026-09-21,2026-09-22T03:30:04.284688+00:00,2026-09-21T20:00:00+00:00,XNYS,2026-09-22,2026-09-22T13:30:00+00:00,ASX,nada,0,0,43.72999954223633,-8.729133283429535,-22.59199574631485,5.133729179455781,"sorteo sin información (contabilidad.senales_sin_informacion, semilla 20260906, desde 2023-09-05): prueba de maquinaria, no track record",conservador,500.0,0.2.0-PROPUESTA,señal -8.73 pp bajo el umbral +1.35 pp,2026-09-21,2026-09-21T20:00:00+00:00,f11fafa4d95ec58aa67bf459b81eeb27c1c372f6bbf30097498db6ca7d1a1498,ext_2026-09-21.csv,69ca7283ae18fd37736827e1b19a79d3557e2e8177dbfd05c9685be22502402b,125a8602a684939576278093b306add6a6fa7a0157389f71a5c0029455ab9ba0,480fbdc991679f2b06340bd4609dc08b3fd8c920cc4bc5eae1d03b93a39fbeab,5.1.0,E0.2,pendiente,ok,sesion,1,1,2026-09-22T03:30:04.436971+00:00
303,2026-09-21,2026-09-21,2026-09-22T03:30:04.284688+00:00,2026-09-21T20:00:00+00:00,XNYS,2026-09-22,2026-09-22T13:30:00+00:00,AVGO,nada,0,0,362.6600036621094,5.167728589283804,-6.645175010821978,16.98063218938959,"sorteo sin información (contabilidad.senales_sin_informacion, semilla 20260906, desde 2023-09-05): prueba de maquinaria, no track record",conservador,500.0,0.2.0-PROPUESTA,"su intervalo [-6.65, +16.98] contiene el cero",2026-09-21,2026-09-21T20:00:00+00:00,f11fafa4d95ec58aa67bf459b81eeb27c1c372f6bbf30097498db6ca7d1a1498,ext_2026-09-21.csv,69ca7283ae18fd37736827e1b19a79d3557e2e8177dbfd05c9685be22502402b,125a8602a684939576278093b306add6a6fa7a0157389f71a5c0029455ab9ba0,480fbdc991679f2b06340bd4609dc08b3fd8c920cc4bc5eae1d03b93a39fbeab,5.1.0,E0.2,pendiente,ok,sesion,1,1,2026-09-22T03:30:04.436971+00:00
304,2026-09-21,2026-09-21,2026-09-22T03:30:04.284688+00:00,2026-09-21T20:00:00+00:00,XNYS,2026-09-22,2026-09-22T13:30:00+00:00,CDNS,nada,0,0,294.8999938964844,20.27388651659534,8.152565432775555,32.39520760041513,"sorteo sin información (contabilidad.senales_sin_informacion, semilla 20260906, desde 2023-09-05): prueba de maquinaria, no track record",conservador,500.0,0.2.0-PROPUESTA,una acción cuesta 294.90 USD y el margen disponible es 125.00 USD; el riel no compra fracciones,2026-09-21,2026-09-21T20:00:00+00:00,f11fafa4d95ec58aa67bf459b81eeb27c1c372f6bbf30097498db6ca7d1a1498,ext_2026-09-21.csv,69ca7283ae18fd37736827e1b19a79d3557e2e8177dbfd05c9685be22502402b,125a8602a684939576278093b306add6a6fa7a0157389f71a5c0029455ab9ba0,480fbdc991679f2b06340bd4609dc08b3fd8c920cc4bc5eae1d03b93a39fbeab,5.1.0,E0.2,pendiente,ok,sesion,1,1,2026-09-22T03:30:04.436971+00:00
305,2026-09-21,2026-09-21,2026-09-22T03:30:04.284688+00:00,2026-09-21T20:00:00+00:00,XNYS,2026-09-22,2026-09-22T13:30:00+00:00,ENTG,nada,0,0,143.13999938964844,-3.217890532388823,-17.80234233555547,11.366561270777822,"sorteo sin información (contabilidad.senales_sin_informacion, semilla 20260906, desde 2023-09-05): prueba de maquinaria, no track record",conservador,500.0,0.2.0-PROPUESTA,señal -3.22 pp bajo el umbral +1.35 pp,2026-09-21,2026-09-21T20:00:00+00:00,f11fafa4d95ec58aa67bf459b81eeb27c1c372f6bbf30097498db6ca7d1a1498,ext_2026-09-21.csv,69ca7283ae18fd37736827e1b19a79d3557e2e8177dbfd05c9685be22502402b,125a8602a684939576278093b306add6a6fa7a0157389f71a5c0029455ab9ba0,480fbdc991679f2b06340bd4609dc08b3fd8c920cc4bc5eae1d03b93a39fbeab,5.1.0,E0.2,pendiente,ok,sesion,1,1,2026-09-22T03:30:04.436971+00:00
306,2026-09-21,2026-09-21,2026-09-22T03:30:04.284688+00:00,2026-09-21T20:00:00+00:00,XNYS,2026-09-22,2026-09-22T13:30:00+00:00,GFS,nada,0,0,48.56999969482422,11.051259955520232,-9.460368574627873,31.56288848566834,"sorteo sin información (contabilidad.senales_sin_informacion, semilla 20260906, desde 2023-09-05): prueba de maquinaria, no track record",conservador,500.0,0.2.0-PROPUESTA,"su intervalo [-9.46, +31.56] contiene el cero",2026-09-21,2026-09-21T20:00:00+00:00,f11fafa4d95ec58aa67bf459b81eeb27c1c372f6bbf30097498db6ca7d1a1498,ext_2026-09-21.csv,69ca7283ae18fd37736827e1b19a79d3557e2e8177dbfd05c9685be22502402b,125a8602a684939576278093b306add6a6fa7a0157389f71a5c0029455ab9ba0,480fbdc991679f2b06340bd4609dc08b3fd8c920cc4bc5eae1d03b93a39fbeab,5.1.0,E0.2,pendiente,ok,sesion,1,1,2026-09-22T03:30:04.436971+00:00
307,2026-09-21,2026-09-21,2026-09-22T03:30:04.284688+00:00,2026-09-21T20:00:00+00:00,XNYS,2026-09-22,2026-09-22T13:30:00+00:00,GOOGL,nada,0,0,354.9700012207031,-5.337714082734202,-15.329020391926834,4.65359222645843,"sorteo sin información (contabilidad.senales_sin_informacion, semilla 20260906, desde 2023-09-05): prueba de maquinaria, no track record",conservador,500.0,0.2.0-PROPUESTA,señal -5.34 pp bajo el umbral +1.35 pp,2026-09-21,2026-09-21T20:00:00+00:00,f11fafa4d95ec58aa67bf459b81eeb27c1c372f6bbf30097498db6ca7d1a1498,ext_2026-09-21.csv,69ca7283ae18fd37736827e1b19a79d3557e2e8177dbfd05c9685be22502402b,125a8602a684939576278093b306add6a6fa7a0157389f71a5c0029455ab9ba0,480fbdc991679f2b06340bd4609dc08b3fd8c920cc4bc5eae1d03b93a39fbeab,5.1.0,E0.2,pendiente,ok,sesion,1,1,2026-09-22T03:30:04.436971+00:00
308,2026-09-21,2026-09-21,2026-09-22T03:30:04.284688+00:00,2026-09-21T20:00:00+00:00,XNYS,2026-09-22,2026-09-22T13:30:00+00:00,GSM,nada,0,0,4.159999847412109,23.40427316460101,-16.037068797020808,62.845615126222825,"sorteo sin información (contabilidad.senales_sin_informacion, semilla 20260906, desde 2023-09-05): prueba de maquinaria, no track record",conservador,500.0,0.2.0-PROPUESTA,"su intervalo [-16.04, +62.85] contiene el cero",2026-09-21,2026-09-21T20:00:00+00:00,f11fafa4d95ec58aa67bf459b81eeb27c1c372f6bbf30097498db6ca7d1a1498,ext_2026-09-21.csv,69ca7283ae18fd37736827e1b19a79d3557e2e8177dbfd05c9685be22502402b,125a8602a684939576278093b306add6a6fa7a0157389f71a5c0029455ab9ba0,480fbdc991679f2b06340bd4609dc08b3fd8c920cc4bc5eae1d03b93a39fbeab,5.1.0,E0.2,pendiente,ok,sesion,1,1,2026-09-22T03:30:04.436971+00:00
309,2026-09-21,2026-09-21,2026-09-22T03:30:04.284688+00:00,2026-09-21T20:00:00+00:00,XNYS,2026-09-22,2026-09-22T13:30:00+00:00,INTC,nada,0,0,121.77999877929688,7.434692003939691,-4.587154216672866,19.456538224552247,"sorteo sin información (contabilidad.senales_sin_informacion, semilla 20260906, desde 2023-09-05): prueba de maquinaria, no track record",conservador,500.0,0.2.0-PROPUESTA,"su intervalo [-4.59, +19.46] contiene el cero",2026-09-21,2026-09-21T20:00:00+00:00,f11fafa4d95ec58aa67bf459b81eeb27c1c372f6bbf30097498db6ca7d1a1498,ext_2026-09-21.csv,69ca7283ae18fd37736827e1b19a79d3557e2e8177dbfd05c9685be22502402b,125a8602a684939576278093b306add6a6fa7a0157389f71a5c0029455ab9ba0,480fbdc991679f2b06340bd4609dc08b3fd8c920cc4bc5eae1d03b93a39fbeab,5.1.0,E0.2,pendiente,ok,sesion,1,1,2026-09-22T03:30:04.436971+00:00
310,2026-09-21,2026-09-21,2026-09-22T03:30:04.284688+00:00,2026-09-21T20:00:00+00:00,XNYS,2026-09-22,2026-09-22T13:30:00+00:00,KLAC,nada,0,0,183.97000122070312,-3.50627535257072,-17.271449102795174,10.258898397653732,"sorteo sin información (contabilidad.senales_sin_informacion, semilla 20260906, desde 2023-09-05): prueba de maquinaria, no track record",conservador,500.0,0.2.0-PROPUESTA,señal -3.51 pp bajo el umbral +1.35 pp,2026-09-21,2026-09-21T20:00:00+00:00,f11fafa4d95ec58aa67bf459b81eeb27c1c372f6bbf30097498db6ca7d1a1498,ext_2026-09-21.csv,69ca7283ae18fd37736827e1b19a79d3557e2e8177dbfd05c9685be22502402b,125a8602a684939576278093b306add6a6fa7a0157389f71a5c0029455ab9ba0,480fbdc991679f2b06340bd4609dc08b3fd8c920cc4bc5eae1d03b93a39fbeab,5.1.0,E0.2,pendiente,ok,sesion,1,1,2026-09-22T03:30:04.436971+00:00
311,2026-09-21,2026-09-21,2026-09-22T03:30:04.284688+00:00,2026-09-21T20:00:00+00:00,XNYS,2026-09-22,2026-09-22T13:30:00+00:00,LIN,nada,0,0,457.5,-4.8298808190291425,-13.485274113914455,3.8255124758561703,"sorteo sin información (contabilidad.senales_sin_informacion, semilla 20260906, desde 2023-09-05): prueba de maquinaria, no track record",conservador,500.0,0.2.0-PROPUESTA,señal -4.83 pp bajo el umbral +1.35 pp,2026-09-21,2026-09-21T20:00:00+00:00,f11fafa4d95ec58aa67bf459b81eeb27c1c372f6bbf30097498db6ca7d1a1498,ext_2026-09-21.csv,69ca7283ae18fd37736827e1b19a79d3557e2e8177dbfd05c9685be22502402b,125a8602a684939576278093b306add6a6fa7a0157389f71a5c0029455ab9ba0,480fbdc991679f2b06340bd4609dc08b3fd8c920cc4bc5eae1d03b93a39fbeab,5.1.0,E0.2,pendiente,ok,sesion,1,1,2026-09-22T03:30:04.436971+00:00
312,2026-09-21,2026-09-21,2026-09-22T03:30:04.284688+00:00,2026-09-21T20:00:00+00:00,XNYS,2026-09-22,2026-09-22T13:30:00+00:00,LRCX,nada,0,0,302.2799987792969,18.697181334089574,3.200179899262979,34.19418276891617,"sorteo sin información (contabilidad.senales_sin_informacion, semilla 20260906, desde 2023-09-05): prueba de maquinaria, no track record",conservador,500.0,0.2.0-PROPUESTA,una acción cuesta 302.28 USD y el margen disponible es 125.00 USD; el riel no compra fracciones,2026-09-21,2026-09-21T20:00:00+00:00,f11fafa4d95ec58aa67bf459b81eeb27c1c372f6bbf30097498db6ca7d1a1498,ext_2026-09-21.csv,69ca7283ae18fd37736827e1b19a79d3557e2e8177dbfd05c9685be22502402b,125a8602a684939576278093b306add6a6fa7a0157389f71a5c0029455ab9ba0,480fbdc991679f2b06340bd4609dc08b3fd8c920cc4bc5eae1d03b93a39fbeab,5.1.0,E0.2,pendiente,ok,sesion,1,1,2026-09-22T03:30:04.436971+00:00
313,2026-09-21,2026-09-21,2026-09-22T03:30:04.284688+00:00,2026-09-21T20:00:00+00:00,XNYS,2026-09-22,2026-09-22T13:30:00+00:00,META,nada,0,0,741.25,5.678097003398208,-9.148031996331305,20.504226003127723,"sorteo sin información (contabilidad.senales_sin_informacion, semilla 20260906, desde 2023-09-05): prueba de maquinaria, no track record",conservador,500.0,0.2.0-PROPUESTA,"su intervalo [-9.15, +20.50] contiene el cero",2026-09-21,2026-09-21T20:00:00+00:00,f11fafa4d95ec58aa67bf459b81eeb27c1c372f6bbf30097498db6ca7d1a1498,ext_2026-09-21.csv,69ca7283ae18fd37736827e1b19a79d3557e2e8177dbfd05c9685be22502402b,125a8602a684939576278093b306add6a6fa7a0157389f71a5c0029455ab9ba0,480fbdc991679f2b06340bd4609dc08b3fd8c920cc4bc5eae1d03b93a39fbeab,5.1.0,E0.2,pendiente,ok,sesion,1,1,2026-09-22T03:30:04.436971+00:00
314,2026-09-21,2026-09-21,2026-09-22T03:30:04.284688+00:00,2026-09-21T20:00:00+00:00,XNYS,2026-09-22,2026-09-22T13:30:00+00:00,MKSI,nada,0,0,256.9200134277344,28.109966005875343,12.385204656818072,43.83472735493261,"sorteo sin información (contabilidad.senales_sin_informacion, semilla 20260906, desde 2023-09-05): prueba de maquinaria, no track record",conservador,500.0,0.2.0-PROPUESTA,una acción cuesta 256.92 USD y el margen disponible es 125.00 USD; el riel no compra fracciones,2026-09-21,2026-09-21T20:00:00+00:00,f11fafa4d95ec58aa67bf459b81eeb27c1c372f6bbf30097498db6ca7d1a1498,ext_2026-09-21.csv,69ca7283ae18fd37736827e1b19a79d3557e2e8177dbfd05c9685be22502402b,125a8602a684939576278093b306add6a6fa7a0157389f71a5c0029455ab9ba0,480fbdc991679f2b06340bd4609dc08b3fd8c920cc4bc5eae1d03b93a39fbeab,5.1.0,E0.2,pendiente,ok,sesion,1,1,2026-09-22T03:30:04.436971+00:00
315,2026-09-21,2026-09-21,2026-09-22T03:30:04.284688+00:00,2026-09-21T20:00:00+00:00,XNYS,2026-09-22,2026-09-22T13:30:00+00:00,MSFT,nada,0,0,501.6099853515625,-7.955153319942898,-16.71324291815305,0.8029362782672518,"sorteo sin información (contabilidad.senales_sin_informacion, semilla 20260906, desde 2023-09-05): prueba de maquinaria, no track record",conservador,500.0,0.2.0-PROPUESTA,señal -7.96 pp bajo el umbral +1.35 pp,2026-09-21,2026-09-21T20:00:00+00:00,f11fafa4d95ec58aa67bf459b81eeb27c1c372f6bbf30097498db6ca7d1a1498,ext_2026-09-21.csv,69ca7283ae18fd37736827e1b19a79d3557e2e8177dbfd05c9685be22502402b,125a8602a684939576278093b306add6a6fa7a0157389f71a5c0029455ab9ba0,480fbdc991679f2b06340bd4609dc08b3fd8c920cc4bc5eae1d03b93a39fbeab,5.1.0,E0.2,pendiente,ok,sesion,1,1,2026-09-22T03:30:04.436971+00:00
316,2026-09-21,2026-09-21,2026-09-22T03:30:04.284688+00:00,2026-09-21T20:00:00+00:00,XNYS,2026-09-22,2026-09-22T13:30:00+00:00,MU,nada,0,0,1043.9599609375,-4.152383494907353,-19.104462240490967,10.79969525067626,"sorteo sin información (contabilidad.senales_sin_informacion, semilla 20260906, desde 2023-09-05): prueba de maquinaria, no track record",conservador,500.0,0.2.0-PROPUESTA,señal -4.15 pp bajo el umbral +1.35 pp,2026-09-21,2026-09-21T20:00:00+00:00,f11fafa4d95ec58aa67bf459b81eeb27c1c372f6bbf30097498db6ca7d1a1498,ext_2026-09-21.csv,69ca7283ae18fd37736827e1b19a79d3557e2e8177dbfd05c9685be22502402b,125a8602a684939576278093b306add6a6fa7a0157389f71a5c0029455ab9ba0,480fbdc991679f2b06340bd4609dc08b3fd8c920cc4bc5eae1d03b93a39fbeab,5.1.0,E0.2,pendiente,ok,sesion,1,1,2026-09-22T03:30:04.436971+00:00
317,2026-09-21,2026-09-21,2026-09-22T03:30:04.284688+00:00,2026-09-21T20:00:00+00:00,XNYS,2026-09-22,2026-09-22T13:30:00+00:00,NVDA,nada,0,0,227.3800048828125,7.192001141553894,-12.273410151376549,26.65741243448434,"sorteo sin información (contabilidad.senales_sin_informacion, semilla 20260906, desde 2023-09-05): prueba de maquinaria, no track record",conservador,500.0,0.2.0-PROPUESTA,"su intervalo [-12.27, +26.66] contiene el cero",2026-09-21,2026-09-21T20:00:00+00:00,f11fafa4d95ec58aa67bf459b81eeb27c1c372f6bbf30097498db6ca7d1a1498,ext_2026-09-21.csv,69ca7283ae18fd37736827e1b19a79d3557e2e8177dbfd05c9685be22502402b,125a8602a684939576278093b306add6a6fa7a0157389f71a5c0029455ab9ba0,480fbdc991679f2b06340bd4609dc08b3fd8c920cc4bc5eae1d03b93a39fbeab,5.1.0,E0.2,pendiente,ok,sesion,1,1,2026-09-22T03:30:04.436971+00:00
318,2026-09-21,2026-09-21,2026-09-22T03:30:04.284688+00:00,2026-09-21T20:00:00+00:00,XNYS,2026-09-22,2026-09-22T13:30:00+00:00,QCOM,nada,0,0,194.22999572753903,-1.9885616843783538,-17.487520088323176,13.510396719566469,"sorteo sin información (contabilidad.senales_sin_informacion, semilla 20260906, desde 2023-09-05): prueba de maquinaria, no track record",conservador,500.0,0.2.0-PROPUESTA,señal -1.99 pp bajo el umbral +1.35 pp,2026-09-21,2026-09-21T20:00:00+00:00,f11fafa4d95ec58aa67bf459b81eeb27c1c372f6bbf30097498db6ca7d1a1498,ext_2026-09-21.csv,69ca7283ae18fd37736827e1b19a79d3557e2e8177dbfd05c9685be22502402b,125a8602a684939576278093b306add6a6fa7a0157389f71a5c0029455ab9ba0,480fbdc991679f2b06340bd4609dc08b3fd8c920cc4bc5eae1d03b93a39fbeab,5.1.0,E0.2,pendiente,ok,sesion,1,1,2026-09-22T03:30:04.436971+00:00
319,2026-09-21,2026-09-21,2026-09-22T03:30:04.284688+00:00,2026-09-21T20:00:00+00:00,XNYS,2026-09-22,2026-09-22T13:30:00+00:00,SHECY,nada,0,0,18.780000686645508,2.213740635440664,-9.030492147347665,13.457973418228992,"sorteo sin información (contabilidad.senales_sin_informacion, semilla 20260906, desde 2023-09-05): prueba de maquinaria, no track record",conservador,500.0,0.2.0-PROPUESTA,"su intervalo [-9.03, +13.46] contiene el cero",2026-09-21,2026-09-21T20:00:00+00:00,f11fafa4d95ec58aa67bf459b81eeb27c1c372f6bbf30097498db6ca7d1a1498,ext_2026-09-21.csv,69ca7283ae18fd37736827e1b19a79d3557e2e8177dbfd05c9685be22502402b,125a8602a684939576278093b306add6a6fa7a0157389f71a5c0029455ab9ba0,480fbdc991679f2b06340bd4609dc08b3fd8c920cc4bc5eae1d03b93a39fbeab,5.1.0,E0.2,pendiente,ok,sesion,1,1,2026-09-22T03:30:04.436971+00:00
320,2026-09-21,2026-09-21,2026-09-22T03:30:04.284688+00:00,2026-09-21T20:00:00+00:00,XNYS,2026-09-22,2026-09-22T13:30:00+00:00,SMH,nada,0,0,596.030029296875,0.8146319366749699,-10.486501472141054,12.115765345490992,"sorteo sin información (contabilidad.senales_sin_informacion, semilla 20260906, desde 2023-09-05): prueba de maquinaria, no track record",conservador,500.0,0.2.0-PROPUESTA,señal +0.81 pp bajo el umbral +1.35 pp,2026-09-21,2026-09-21T20:00:00+00:00,f11fafa4d95ec58aa67bf459b81eeb27c1c372f6bbf30097498db6ca7d1a1498,ext_2026-09-21.csv,69ca7283ae18fd37736827e1b19a79d3557e2e8177dbfd05c9685be22502402b,125a8602a684939576278093b306add6a6fa7a0157389f71a5c0029455ab9ba0,480fbdc991679f2b06340bd4609dc08b3fd8c920cc4bc5eae1d03b93a39fbeab,5.1.0,E0.2,pendiente,ok,sesion,1,1,2026-09-22T03:30:04.436971+00:00
321,2026-09-21,2026-09-21,2026-09-22T03:30:04.284688+00:00,2026-09-21T20:00:00+00:00,XNYS,2026-09-22,2026-09-22T13:30:00+00:00,SNPS,nada,0,0,401.8500061035156,25.777154727064143,13.852358239144197,37.70195121498409,"sorteo sin información (contabilidad.senales_sin_informacion, semilla 20260906, desde 2023-09-05): prueba de maquinaria, no track record",conservador,500.0,0.2.0-PROPUESTA,una acción cuesta 401.85 USD y el margen disponible es 125.00 USD; el riel no compra fracciones,2026-09-21,2026-09-21T20:00:00+00:00,f11fafa4d95ec58aa67bf459b81eeb27c1c372f6bbf30097498db6ca7d1a1498,ext_2026-09-21.csv,69ca7283ae18fd37736827e1b19a79d3557e2e8177dbfd05c9685be22502402b,125a8602a684939576278093b306add6a6fa7a0157389f71a5c0029455ab9ba0,480fbdc991679f2b06340bd4609dc08b3fd8c920cc4bc5eae1d03b93a39fbeab,5.1.0,E0.2,pendiente,ok,sesion,1,1,2026-09-22T03:30:04.436971+00:00
322,2026-09-21,2026-09-21,2026-09-22T03:30:04.284688+00:00,2026-09-21T20:00:00+00:00,XNYS,2026-09-22,2026-09-22T13:30:00+00:00,SOXX,nada,0,0,559.3400268554688,-3.3126431260357747,-14.560737911973108,7.935451659901558,"sorteo sin información (contabilidad.senales_sin_informacion, semilla 20260906, desde 2023-09-05): prueba de maquinaria, no track record",conservador,500.0,0.2.0-PROPUESTA,señal -3.31 pp bajo el umbral +1.35 pp,2026-09-21,2026-09-21T20:00:00+00:00,f11fafa4d95ec58aa67bf459b81eeb27c1c372f6bbf30097498db6ca7d1a1498,ext_2026-09-21.csv,69ca7283ae18fd37736827e1b19a79d3557e2e8177dbfd05c9685be22502402b,125a8602a684939576278093b306add6a6fa7a0157389f71a5c0029455ab9ba0,480fbdc991679f2b06340bd4609dc08b3fd8c920cc4bc5eae1d03b93a39fbeab,5.1.0,E0.2,pendiente,ok,sesion,1,1,2026-09-22T03:30:04.436971+00:00
323,2026-09-21,2026-09-21,2026-09-22T03:30:04.284688+00:00,2026-09-21T20:00:00+00:00,XNYS,2026-09-22,2026-09-22T13:30:00+00:00,TER,nada,0,0,381.5400085449219,-10.441385484100163,-25.87955357388286,4.996782605682535,"sorteo sin información (contabilidad.senales_sin_informacion, semilla 20260906, desde 2023-09-05): prueba de maquinaria, no track record",conservador,500.0,0.2.0-PROPUESTA,señal -10.44 pp bajo el umbral +1.35 pp,2026-09-21,2026-09-21T20:00:00+00:00,f11fafa4d95ec58aa67bf459b81eeb27c1c372f6bbf30097498db6ca7d1a1498,ext_2026-09-21.csv,69ca7283ae18fd37736827e1b19a79d3557e2e8177dbfd05c9685be22502402b,125a8602a684939576278093b306add6a6fa7a0157389f71a5c0029455ab9ba0,480fbdc991679f2b06340bd4609dc08b3fd8c920cc4bc5eae1d03b93a39fbeab,5.1.0,E0.2,pendiente,ok,sesion,1,1,2026-09-22T03:30:04.436971+00:00
324,2026-09-21,2026-09-21,2026-09-22T03:30:04.284688+00:00,2026-09-21T20:00:00+00:00,XNYS,2026-09-22,2026-09-22T13:30:00+00:00,TOELY,nada,0,0,175.9499969482422,16.787254939062812,1.9897498429209044,31.58476003520472,"sorteo sin información (contabilidad.senales_sin_informacion, semilla 20260906, desde 2023-09-05): prueba de maquinaria, no track record",conservador,500.0,0.2.0-PROPUESTA,una acción cuesta 175.95 USD y el margen disponible es 125.00 USD; el riel no compra fracciones,2026-09-21,2026-09-21T20:00:00+00:00,f11fafa4d95ec58aa67bf459b81eeb27c1c372f6bbf30097498db6ca7d1a1498,ext_2026-09-21.csv,69ca7283ae18fd37736827e1b19a79d3557e2e8177dbfd05c9685be22502402b,125a8602a684939576278093b306add6a6fa7a0157389f71a5c0029455ab9ba0,480fbdc991679f2b06340bd4609dc08b3fd8c920cc4bc5eae1d03b93a39fbeab,5.1.0,E0.2,pendiente,ok,sesion,1,1,2026-09-22T03:30:04.436971+00:00
325,2026-09-21,2026-09-21,2026-09-22T03:30:04.284688+00:00,2026-09-21T20:00:00+00:00,XNYS,2026-09-22,2026-09-22T13:30:00+00:00,TSEM,nada,0,0,233.82000732421875,-3.6693027883522578,-18.218432349768737,10.87982677306422,"sorteo sin información (contabilidad.senales_sin_informacion, semilla 20260906, desde 2023-09-05): prueba de maquinaria, no track record",conservador,500.0,0.2.0-PROPUESTA,señal -3.67 pp bajo el umbral +1.35 pp,2026-09-21,2026-09-21T20:00:00+00:00,f11fafa4d95ec58aa67bf459b81eeb27c1c372f6bbf30097498db6ca7d1a1498,ext_2026-09-21.csv,69ca7283ae18fd37736827e1b19a79d3557e2e8177dbfd05c9685be22502402b,125a8602a684939576278093b306add6a6fa7a0157389f71a5c0029455ab9ba0,480fbdc991679f2b06340bd4609dc08b3fd8c920cc4bc5eae1d03b93a39fbeab,5.1.0,E0.2,pendiente,ok,sesion,1,1,2026-09-22T03:30:04.436971+00:00
326,2026-09-21,2026-09-21,2026-09-22T03:30:04.284688+00:00,2026-09-21T20:00:00+00:00,XNYS,2026-09-22,2026-09-22T13:30:00+00:00,TSM,nada,0,0,445.1400146484375,1.557680961768937,-11.490615976296752,14.605977899834624,"sorteo sin información (contabilidad.senales_sin_informacion, semilla 20260906, desde 2023-09-05): prueba de maquinaria, no track record",conservador,500.0,0.2.0-PROPUESTA,"su intervalo [-11.49, +14.61] contiene el cero",2026-09-21,2026-09-21T20:00:00+00:00,f11fafa4d95ec58aa67bf459b81eeb27c1c372f6bbf30097498db6ca7d1a1498,ext_2026-09-21.csv,69ca7283ae18fd37736827e1b19a79d3557e2e8177dbfd05c9685be22502402b,125a8602a684939576278093b306add6a6fa7a0157389f71a5c0029455ab9ba0,480fbdc991679f2b06340bd4609dc08b3fd8c920cc4bc5eae1d03b93a39fbeab,5.1.0,E0.2,pendiente,ok,sesion,1,1,2026-09-22T03:30:04.436971+00:00
327,2026-09-21,2026-09-21,2026-09-22T03:30:04.284688+00:00,2026-09-21T20:00:00+00:00,XNYS,2026-09-22,2026-09-22T13:30:00+00:00,UMC,nada,0,0,25.43000030517578,3.8781253244665415,-13.315567533721225,21.071818182654308,"sorteo sin información (contabilidad.senales_sin_informacion, semilla 20260906, desde 2023-09-05): prueba de maquinaria, no track record",conservador,500.0,0.2.0-PROPUESTA,"su intervalo [-13.32, +21.07] contiene el cero",2026-09-21,2026-09-21T20:00:00+00:00,f11fafa4d95ec58aa67bf459b81eeb27c1c372f6bbf30097498db6ca7d1a1498,ext_2026-09-21.csv,69ca7283ae18fd37736827e1b19a79d3557e2e8177dbfd05c9685be22502402b,125a8602a684939576278093b306add6a6fa7a0157389f71a5c0029455ab9ba0,480fbdc991679f2b06340bd4609dc08b3fd8c920cc4bc5eae1d03b93a39fbeab,5.1.0,E0.2,pendiente,ok,sesion,1,1,2026-09-22T03:30:04.436971+00:00
328,2026-09-21,2026-09-21,2026-09-22T03:30:04.284688+00:00,2026-09-21T20:00:00+00:00,XNYS,2026-09-22,2026-09-22T13:30:00+00:00,VRT,nada,0,0,250.8600006103516,1.729391075154485,-17.95882168893621,21.41760383924518,"sorteo sin información (contabilidad.senales_sin_informacion, semilla 20260906, desde 2023-09-05): prueba de maquinaria, no track record",conservador,500.0,0.2.0-PROPUESTA,"su intervalo [-17.96, +21.42] contiene el cero",2026-09-21,2026-09-21T20:00:00+00:00,f11fafa4d95ec58aa67bf459b81eeb27c1c372f6bbf30097498db6ca7d1a1498,ext_2026-09-21.csv,69ca7283ae18fd37736827e1b19a79d3557e2e8177dbfd05c9685be22502402b,125a8602a684939576278093b306add6a6fa7a0157389f71a5c0029455ab9ba0,480fbdc991679f2b06340bd4609dc08b3fd8c920cc4bc5eae1d03b93a39fbeab,5.1.0,E0.2,pendiente,ok,sesion,1,1,2026-09-22T03:30:04.436971+00:00
329,2026-09-21,2026-09-21,2026-09-22T03:30:04.284688+00:00,2026-09-21T20:00:00+00:00,XNYS,2026-09-22,2026-09-22T13:30:00+00:00,WDC,nada,0,0,448.1700134277344,-0.18287238086173163,-19.065913050347955,18.700168288624493,"sorteo sin información (contabilidad.senales_sin_informacion, semilla 20260906, desde 2023-09-05): prueba de maquinaria, no track record",conservador,500.0,0.2.0-PROPUESTA,señal -0.18 pp bajo el umbral +1.35 pp,2026-09-21,2026-09-21T20:00:00+00:00,f11fafa4d95ec58aa67bf459b81eeb27c1c372f6bbf30097498db6ca7d1a1498,ext_2026-09-21.csv,69ca7283ae18fd37736827e1b19a79d3557e2e8177dbfd05c9685be22502402b,125a8602a684939576278093b306add6a6fa7a0157389f71a5c0029455ab9ba0,480fbdc991679f2b06340bd4609dc08b3fd8c920cc4bc5eae1d03b93a39fbeab,5.1.0,E0.2,pendiente,ok,sesion,1,1,2026-09-22T03:30:04.436971+00:00
330,2026-09-21,2026-09-21,2026-09-22T03:30:04.284688+00:00,2026-09-21T20:00:00+00:00,XNYS,2026-09-22,2026-09-22T13:30:00+00:00,XSD,nada,0,0,524.5599975585938,10.789503785790778,-1.4275424926637452,23.006550064245303,"sorteo sin información (contabilidad.senales_sin_informacion, semilla 20260906, desde 2023-09-05): prueba de maquinaria, no track record",conservador,500.0,0.2.0-PROPUESTA,"su intervalo [-1.43, +23.01] contiene el cero",2026-09-21,2026-09-21T20:00:00+00:00,f11fafa4d95ec58aa67bf459b81eeb27c1c372f6bbf30097498db6ca7d1a1498,ext_2026-09-21.csv,69ca7283ae18fd37736827e1b19a79d3557e2e8177dbfd05c9685be22502402b,125a8602a684939576278093b306add6a6fa7a0157389f71a5c0029455ab9ba0,480fbdc991679f2b06340bd4609dc08b3fd8c920cc4bc5eae1d03b93a39fbeab,5.1.0,E0.2,pendiente,ok,sesion,1,1,2026-09-22T03:30:04.436971+00:00
331,2026-09-22,2026-09-22,2026-09-23T03:30:04.684176+00:00,2026-09-22T20:00:00+00:00,XNYS,2026-09-23,2026-09-23T13:30:00+00:00,AMAT,nada,0,0,,-0.6000128341675737,-15.25162800840213,14.051602340066983,"sorteo sin información (contabilidad.senales_sin_informacion, semilla 20260906, desde 2023-09-05): prueba de maquinaria, no track record",conservador,500.0,0.2.0-PROPUESTA,sin dato en el insumo para la sesión 2026-09-22 (último cierre: 2026-09-21),2026-09-21,2026-09-21T20:00:00+00:00,d7bbb54440e739b95704f05c6dd522d7b2689e6d2a238fa045d0c8a10f534c5c,ext_2026-09-22.csv,69ca7283ae18fd37736827e1b19a79d3557e2e8177dbfd05c9685be22502402b,125a8602a684939576278093b306add6a6fa7a0157389f71a5c0029455ab9ba0,480fbdc991679f2b06340bd4609dc08b3fd8c920cc4bc5eae1d03b93a39fbeab,5.1.0,E0.2,insumo_incompleto,ok,sesion,0,0,2026-09-23T03:30:04.842888+00:00
332,2026-09-22,2026-09-22,2026-09-23T03:30:04.684176+00:00,2026-09-22T20:00:00+00:00,XNYS,2026-09-23,2026-09-23T13:30:00+00:00,AMD,nada,0,0,,20.808085848416646,1.1881066001416336,40.428065096691654,"sorteo sin información (contabilidad.senales_sin_informacion, semilla 20260906, desde 2023-09-05): prueba de maquinaria, no track record",conservador,500.0,0.2.0-PROPUESTA,sin dato en el insumo para la sesión 2026-09-22 (último cierre: 2026-09-21),2026-09-21,2026-09-21T20:00:00+00:00,d7bbb54440e739b95704f05c6dd522d7b2689e6d2a238fa045d0c8a10f534c5c,ext_2026-09-22.csv,69ca7283ae18fd37736827e1b19a79d3557e2e8177dbfd05c9685be22502402b,125a8602a684939576278093b306add6a6fa7a0157389f71a5c0029455ab9ba0,480fbdc991679f2b06340bd4609dc08b3fd8c920cc4bc5eae1d03b93a39fbeab,5.1.0,E0.2,insumo_incompleto,ok,sesion,0,0,2026-09-23T03:30:04.842888+00:00
333,2026-09-22,2026-09-22,2026-09-23T03:30:04.684176+00:00,2026-09-22T20:00:00+00:00,XNYS,2026-09-23,2026-09-23T13:30:00+00:00,AMKR,nada,0,0,,-5.496191020238861,-24.795264469216,13.802882428738279,"sorteo sin información (contabilidad.senales_sin_informacion, semilla 20260906, desde 2023-09-05): prueba de maquinaria, no track record",conservador,500.0,0.2.0-PROPUESTA,sin dato en el insumo para la sesión 2026-09-22 (último cierre: 2026-09-21),2026-09-21,2026-09-21T20:00:00+00:00,d7bbb54440e739b95704f05c6dd522d7b2689e6d2a238fa045d0c8a10f534c5c,ext_2026-09-22.csv,69ca7283ae18fd37736827e1b19a79d3557e2e8177dbfd05c9685be22502402b,125a8602a684939576278093b306add6a6fa7a0157389f71a5c0029455ab9ba0,480fbdc991679f2b06340bd4609dc08b3fd8c920cc4bc5eae1d03b93a39fbeab,5.1.0,E0.2,insumo_incompleto,ok,sesion,0,0,2026-09-23T03:30:04.842888+00:00
334,2026-09-22,2026-09-22,2026-09-23T03:30:04.684176+00:00,2026-09-22T20:00:00+00:00,XNYS,2026-09-23,2026-09-23T13:30:00+00:00,AMZN,nada,0,0,,14.705077523440435,2.3523913612171903,27.05776368566368,"sorteo sin información (contabilidad.senales_sin_informacion, semilla 20260906, desde 2023-09-05): prueba de maquinaria, no track record",conservador,500.0,0.2.0-PROPUESTA,sin dato en el insumo para la sesión 2026-09-22 (último cierre: 2026-09-21),2026-09-21,2026-09-21T20:00:00+00:00,d7bbb54440e739b95704f05c6dd522d7b2689e6d2a238fa045d0c8a10f534c5c,ext_2026-09-22.csv,69ca7283ae18fd37736827e1b19a79d3557e2e8177dbfd05c9685be22502402b,125a8602a684939576278093b306add6a6fa7a0157389f71a5c0029455ab9ba0,480fbdc991679f2b06340bd4609dc08b3fd8c920cc4bc5eae1d03b93a39fbeab,5.1.0,E0.2,insumo_incompleto,ok,sesion,0,0,2026-09-23T03:30:04.842888+00:00
335,2026-09-22,2026-09-22,2026-09-23T03:30:04.684176+00:00,2026-09-22T20:00:00+00:00,XNYS,2026-09-23,2026-09-23T13:30:00+00:00,ASX,nada,0,0,,-14.908257263241453,-28.77111972612677,-1.0453948003561369,"sorteo sin información (contabilidad.senales_sin_informacion, semilla 20260906, desde 2023-09-05): prueba de maquinaria, no track record",conservador,500.0,0.2.0-PROPUESTA,sin dato en el insumo para la sesión 2026-09-22 (último cierre: 2026-09-21),2026-09-21,2026-09-21T20:00:00+00:00,d7bbb54440e739b95704f05c6dd522d7b2689e6d2a238fa045d0c8a10f534c5c,ext_2026-09-22.csv,69ca7283ae18fd37736827e1b19a79d3557e2e8177dbfd05c9685be22502402b,125a8602a684939576278093b306add6a6fa7a0157389f71a5c0029455ab9ba0,480fbdc991679f2b06340bd4609dc08b3fd8c920cc4bc5eae1d03b93a39fbeab,5.1.0,E0.2,insumo_incompleto,ok,sesion,0,0,2026-09-23T03:30:04.842888+00:00
336,2026-09-22,2026-09-22,2026-09-23T03:30:04.684176+00:00,2026-09-22T20:00:00+00:00,XNYS,2026-09-23,2026-09-23T13:30:00+00:00,AVGO,nada,0,0,,13.405689030863432,1.5927854307576492,25.218592630969212,"sorteo sin información (contabilidad.senales_sin_informacion, semilla 20260906, desde 2023-09-05): prueba de maquinaria, no track record",conservador,500.0,0.2.0-PROPUESTA,sin dato en el insumo para la sesión 2026-09-22 (último cierre: 2026-09-21),2026-09-21,2026-09-21T20:00:00+00:00,d7bbb54440e739b95704f05c6dd522d7b2689e6d2a238fa045d0c8a10f534c5c,ext_2026-09-22.csv,69ca7283ae18fd37736827e1b19a79d3557e2e8177dbfd05c9685be22502402b,125a8602a684939576278093b306add6a6fa7a0157389f71a5c0029455ab9ba0,480fbdc991679f2b06340bd4609dc08b3fd8c920cc4bc5eae1d03b93a39fbeab,5.1.0,E0.2,insumo_incompleto,ok,sesion,0,0,2026-09-23T03:30:04.842888+00:00
337,2026-09-22,2026-09-22,2026-09-23T03:30:04.684176+00:00,2026-09-22T20:00:00+00:00,XNYS,2026-09-23,2026-09-23T13:30:00+00:00,CDNS,nada,0,0,,7.060846939433585,-5.0604741443862,19.182168023253368,"sorteo sin información (contabilidad.senales_sin_informacion, semilla 20260906, desde 2023-09-05): prueba de maquinaria, no track record",conservador,500.0,0.2.0-PROPUESTA,sin dato en el insumo para la sesión 2026-09-22 (último cierre: 2026-09-21),2026-09-21,2026-09-21T20:00:00+00:00,d7bbb54440e739b95704f05c6dd522d7b2689e6d2a238fa045d0c8a10f534c5c,ext_2026-09-22.csv,69ca7283ae18fd37736827e1b19a79d3557e2e8177dbfd05c9685be22502402b,125a8602a684939576278093b306add6a6fa7a0157389f71a5c0029455ab9ba0,480fbdc991679f2b06340bd4609dc08b3fd8c920cc4bc5eae1d03b93a39fbeab,5.1.0,E0.2,insumo_incompleto,ok,sesion,0,0,2026-09-23T03:30:04.842888+00:00
338,2026-09-22,2026-09-22,2026-09-23T03:30:04.684176+00:00,2026-09-22T20:00:00+00:00,XNYS,2026-09-23,2026-09-23T13:30:00+00:00,ENTG,nada,0,0,,-1.8997184536234668,-16.48417025679011,12.68473334954318,"sorteo sin información (contabilidad.senales_sin_informacion, semilla 20260906, desde 2023-09-05): prueba de maquinaria, no track record",conservador,500.0,0.2.0-PROPUESTA,sin dato en el insumo para la sesión 2026-09-22 (último cierre: 2026-09-21),2026-09-21,2026-09-21T20:00:00+00:00,d7bbb54440e739b95704f05c6dd522d7b2689e6d2a238fa045d0c8a10f534c5c,ext_2026-09-22.csv,69ca7283ae18fd37736827e1b19a79d3557e2e8177dbfd05c9685be22502402b,125a8602a684939576278093b306add6a6fa7a0157389f71a5c0029455ab9ba0,480fbdc991679f2b06340bd4609dc08b3fd8c920cc4bc5eae1d03b93a39fbeab,5.1.0,E0.2,insumo_incompleto,ok,sesion,0,0,2026-09-23T03:30:04.842888+00:00
339,2026-09-22,2026-09-22,2026-09-23T03:30:04.684176+00:00,2026-09-22T20:00:00+00:00,XNYS,2026-09-23,2026-09-23T13:30:00+00:00,GFS,nada,0,0,,-1.6247685554666047,-22.13639708561471,18.8868599746815,"sorteo sin información (contabilidad.senales_sin_informacion, semilla 20260906, desde 2023-09-05): prueba de maquinaria, no track record",conservador,500.0,0.2.0-PROPUESTA,sin dato en el insumo para la sesión 2026-09-22 (último cierre: 2026-09-21),2026-09-21,2026-09-21T20:00:00+00:00,d7bbb54440e739b95704f05c6dd522d7b2689e6d2a238fa045d0c8a10f534c5c,ext_2026-09-22.csv,69ca7283ae18fd37736827e1b19a79d3557e2e8177dbfd05c9685be22502402b,125a8602a684939576278093b306add6a6fa7a0157389f71a5c0029455ab9ba0,480fbdc991679f2b06340bd4609dc08b3fd8c920cc4bc5eae1d03b93a39fbeab,5.1.0,E0.2,insumo_incompleto,ok,sesion,0,0,2026-09-23T03:30:04.842888+00:00
340,2026-09-22,2026-09-22,2026-09-23T03:30:04.684176+00:00,2026-09-22T20:00:00+00:00,XNYS,2026-09-23,2026-09-23T13:30:00+00:00,GOOGL,nada,0,0,,0.3667730483180698,-9.624533260874562,10.358079357510702,"sorteo sin información (contabilidad.senales_sin_informacion, semilla 20260906, desde 2023-09-05): prueba de maquinaria, no track record",conservador,500.0,0.2.0-PROPUESTA,sin dato en el insumo para la sesión 2026-09-22 (último cierre: 2026-09-21),2026-09-21,2026-09-21T20:00:00+00:00,d7bbb54440e739b95704f05c6dd522d7b2689e6d2a238fa045d0c8a10f534c5c,ext_2026-09-22.csv,69ca7283ae18fd37736827e1b19a79d3557e2e8177dbfd05c9685be22502402b,125a8602a684939576278093b306add6a6fa7a0157389f71a5c0029455ab9ba0,480fbdc991679f2b06340bd4609dc08b3fd8c920cc4bc5eae1d03b93a39fbeab,5.1.0,E0.2,insumo_incompleto,ok,sesion,0,0,2026-09-23T03:30:04.842888+00:00
341,2026-09-22,2026-09-22,2026-09-23T03:30:04.684176+00:00,2026-09-22T20:00:00+00:00,XNYS,2026-09-23,2026-09-23T13:30:00+00:00,GSM,nada,0,0,,-7.103831794700566,-46.545173756322384,32.33751016692125,"sorteo sin información (contabilidad.senales_sin_informacion, semilla 20260906, desde 2023-09-05): prueba de maquinaria, no track record",conservador,500.0,0.2.0-PROPUESTA,sin dato en el insumo para la sesión 2026-09-22 (último cierre: 2026-09-21),2026-09-21,2026-09-21T20:00:00+00:00,d7bbb54440e739b95704f05c6dd522d7b2689e6d2a238fa045d0c8a10f534c5c,ext_2026-09-22.csv,69ca7283ae18fd37736827e1b19a79d3557e2e8177dbfd05c9685be22502402b,125a8602a684939576278093b306add6a6fa7a0157389f71a5c0029455ab9ba0,480fbdc991679f2b06340bd4609dc08b3fd8c920cc4bc5eae1d03b93a39fbeab,5.1.0,E0.2,insumo_incompleto,ok,sesion,0,0,2026-09-23T03:30:04.842888+00:00
342,2026-09-22,2026-09-22,2026-09-23T03:30:04.684176+00:00,2026-09-22T20:00:00+00:00,XNYS,2026-09-23,2026-09-23T13:30:00+00:00,INTC,nada,0,0,,-3.485372751810578,-15.507218972423136,8.53647346880198,"sorteo sin información (contabilidad.senales_sin_informacion, semilla 20260906, desde 2023-09-05): prueba de maquinaria, no track record",conservador,500.0,0.2.0-PROPUESTA,sin dato en el insumo para la sesión 2026-09-22 (último cierre: 2026-09-21),2026-09-21,2026-09-21T20:00:00+00:00,d7bbb54440e739b95704f05c6dd522d7b2689e6d2a238fa045d0c8a10f534c5c,ext_2026-09-22.csv,69ca7283ae18fd37736827e1b19a79d3557e2e8177dbfd05c9685be22502402b,125a8602a684939576278093b306add6a6fa7a0157389f71a5c0029455ab9ba0,480fbdc991679f2b06340bd4609dc08b3fd8c920cc4bc5eae1d03b93a39fbeab,5.1.0,E0.2,insumo_incompleto,ok,sesion,0,0,2026-09-23T03:30:04.842888+00:00
343,2026-09-22,2026-09-22,2026-09-23T03:30:04.684176+00:00,2026-09-22T20:00:00+00:00,XNYS,2026-09-23,2026-09-23T13:30:00+00:00,KLAC,nada,0,0,,1.3575501353582764,-12.407623614866175,15.12272388558273,"sorteo sin información (contabilidad.senales_sin_informacion, semilla 20260906, desde 2023-09-05): prueba de maquinaria, no track record",conservador,500.0,0.2.0-PROPUESTA,sin dato en el insumo para la sesión 2026-09-22 (último cierre: 2026-09-21),2026-09-21,2026-09-21T20:00:00+00:00,d7bbb54440e739b95704f05c6dd522d7b2689e6d2a238fa045d0c8a10f534c5c,ext_2026-09-22.csv,69ca7283ae18fd37736827e1b19a79d3557e2e8177dbfd05c9685be22502402b,125a8602a684939576278093b306add6a6fa7a0157389f71a5c0029455ab9ba0,480fbdc991679f2b06340bd4609dc08b3fd8c920cc4bc5eae1d03b93a39fbeab,5.1.0,E0.2,insumo_incompleto,ok,sesion,0,0,2026-09-23T03:30:04.842888+00:00
344,2026-09-22,2026-09-22,2026-09-23T03:30:04.684176+00:00,2026-09-22T20:00:00+00:00,XNYS,2026-09-23,2026-09-23T13:30:00+00:00,LIN,nada,0,0,,6.663909061376505,-1.9914842335088077,15.319302356261819,"sorteo sin información (contabilidad.senales_sin_informacion, semilla 20260906, desde 2023-09-05): prueba de maquinaria, no track record",conservador,500.0,0.2.0-PROPUESTA,sin dato en el insumo para la sesión 2026-09-22 (último cierre: 2026-09-21),2026-09-21,2026-09-21T20:00:00+00:00,d7bbb54440e739b95704f05c6dd522d7b2689e6d2a238fa045d0c8a10f534c5c,ext_2026-09-22.csv,69ca7283ae18fd37736827e1b19a79d3557e2e8177dbfd05c9685be22502402b,125a8602a684939576278093b306add6a6fa7a0157389f71a5c0029455ab9ba0,480fbdc991679f2b06340bd4609dc08b3fd8c920cc4bc5eae1d03b93a39fbeab,5.1.0,E0.2,insumo_incompleto,ok,sesion,0,0,2026-09-23T03:30:04.842888+00:00
345,2026-09-22,2026-09-22,2026-09-23T03:30:04.684176+00:00,2026-09-22T20:00:00+00:00,XNYS,2026-09-23,2026-09-23T13:30:00+00:00,LRCX,nada,0,0,,-23.036513640368717,-38.53351507519531,-7.539512205542122,"sorteo sin información (contabilidad.senales_sin_informacion, semilla 20260906, desde 2023-09-05): prueba de maquinaria, no track record",conservador,500.0,0.2.0-PROPUESTA,sin dato en el insumo para la sesión 2026-09-22 (último cierre: 2026-09-21),2026-09-21,2026-09-21T20:00:00+00:00,d7bbb54440e739b95704f05c6dd522d7b2689e6d2a238fa045d0c8a10f534c5c,ext_2026-09-22.csv,69ca7283ae18fd37736827e1b19a79d3557e2e8177dbfd05c9685be22502402b,125a8602a684939576278093b306add6a6fa7a0157389f71a5c0029455ab9ba0,480fbdc991679f2b06340bd4609dc08b3fd8c920cc4bc5eae1d03b93a39fbeab,5.1.0,E0.2,insumo_incompleto,ok,sesion,0,0,2026-09-23T03:30:04.842888+00:00
346,2026-09-22,2026-09-22,2026-09-23T03:30:04.684176+00:00,2026-09-22T20:00:00+00:00,XNYS,2026-09-23,2026-09-23T13:30:00+00:00,META,nada,0,0,,14.332041599880974,-0.49408739984854044,29.158170599610486,"sorteo sin información (contabilidad.senales_sin_informacion, semilla 20260906, desde 2023-09-05): prueba de maquinaria, no track record",conservador,500.0,0.2.0-PROPUESTA,sin dato en el insumo para la sesión 2026-09-22 (último cierre: 2026-09-21),2026-09-21,2026-09-21T20:00:00+00:00,d7bbb54440e739b95704f05c6dd522d7b2689e6d2a238fa045d0c8a10f534c5c,ext_2026-09-22.csv,69ca7283ae18fd37736827e1b19a79d3557e2e8177dbfd05c9685be22502402b,125a8602a684939576278093b306add6a6fa7a0157389f71a5c0029455ab9ba0,480fbdc991679f2b06340bd4609dc08b3fd8c920cc4bc5eae1d03b93a39fbeab,5.1.0,E0.2,insumo_incompleto,ok,sesion,0,0,2026-09-23T03:30:04.842888+00:00
347,2026-09-22,2026-09-22,2026-09-23T03:30:04.684176+00:00,2026-09-22T20:00:00+00:00,XNYS,2026-09-23,2026-09-23T13:30:00+00:00,MKSI,nada,0,0,,-13.005114802989159,-28.72987615204643,2.7196465460681125,"sorteo sin información (contabilidad.senales_sin_informacion, semilla 20260906, desde 2023-09-05): prueba de maquinaria, no track record",conservador,500.0,0.2.0-PROPUESTA,sin dato en el insumo para la sesión 2026-09-22 (último cierre: 2026-09-21),2026-09-21,2026-09-21T20:00:00+00:00,d7bbb54440e739b95704f05c6dd522d7b2689e6d2a238fa045d0c8a10f534c5c,ext_2026-09-22.csv,69ca7283ae18fd37736827e1b19a79d3557e2e8177dbfd05c9685be22502402b,125a8602a684939576278093b306add6a6fa7a0157389f71a5c0029455ab9ba0,480fbdc991679f2b06340bd4609dc08b3fd8c920cc4bc5eae1d03b93a39fbeab,5.1.0,E0.2,insumo_incompleto,ok,sesion,0,0,2026-09-23T03:30:04.842888+00:00
348,2026-09-22,2026-09-22,2026-09-23T03:30:04.684176+00:00,2026-09-22T20:00:00+00:00,XNYS,2026-09-23,2026-09-23T13:30:00+00:00,MSFT,nada,0,0,,4.594242418379135,-4.163847179831015,13.352332016589285,"sorteo sin información (contabilidad.senales_sin_informacion, semilla 20260906, desde 2023-09-05): prueba de maquinaria, no track record",conservador,500.0,0.2.0-PROPUESTA,sin dato en el insumo para la sesión 2026-09-22 (último cierre: 2026-09-21),2026-09-21,2026-09-21T20:00:00+00:00,d7bbb54440e739b95704f05c6dd522d7b2689e6d2a238fa045d0c8a10f534c5c,ext_2026-09-22.csv,69ca7283ae18fd37736827e1b19a79d3557e2e8177dbfd05c9685be22502402b,125a8602a684939576278093b306add6a6fa7a0157389f71a5c0029455ab9ba0,480fbdc991679f2b06340bd4609dc08b3fd8c920cc4bc5eae1d03b93a39fbeab,5.1.0,E0.2,insumo_incompleto,ok,sesion,0,0,2026-09-23T03:30:04.842888+00:00
349,2026-09-22,2026-09-22,2026-09-23T03:30:04.684176+00:00,2026-09-22T20:00:00+00:00,XNYS,2026-09-23,2026-09-23T13:30:00+00:00,MU,nada,0,0,,-13.354729820630107,-28.306808566213718,1.597348924953506,"sorteo sin información (contabilidad.senales_sin_informacion, semilla 20260906, desde 2023-09-05): prueba de maquinaria, no track record",conservador,500.0,0.2.0-PROPUESTA,sin dato en el insumo para la sesión 2026-09-22 (último cierre: 2026-09-21),2026-09-21,2026-09-21T20:00:00+00:00,d7bbb54440e739b95704f05c6dd522d7b2689e6d2a238fa045d0c8a10f534c5c,ext_2026-09-22.csv,69ca7283ae18fd37736827e1b19a79d3557e2e8177dbfd05c9685be22502402b,125a8602a684939576278093b306add6a6fa7a0157389f71a5c0029455ab9ba0,480fbdc991679f2b06340bd4609dc08b3fd8c920cc4bc5eae1d03b93a39fbeab,5.1.0,E0.2,insumo_incompleto,ok,sesion,0,0,2026-09-23T03:30:04.842888+00:00
350,2026-09-22,2026-09-22,2026-09-23T03:30:04.684176+00:00,2026-09-22T20:00:00+00:00,XNYS,2026-09-23,2026-09-23T13:30:00+00:00,NVDA,nada,0,0,,-22.46407941603258,-41.92949070896302,-2.998668123102135,"sorteo sin información (contabilidad.senales_sin_informacion, semilla 20260906, desde 2023-09-05): prueba de maquinaria, no track record",conservador,500.0,0.2.0-PROPUESTA,sin dato en el insumo para la sesión 2026-09-22 (último cierre: 2026-09-21),2026-09-21,2026-09-21T20:00:00+00:00,d7bbb54440e739b95704f05c6dd522d7b2689e6d2a238fa045d0c8a10f534c5c,ext_2026-09-22.csv,69ca7283ae18fd37736827e1b19a79d3557e2e8177dbfd05c9685be22502402b,125a8602a684939576278093b306add6a6fa7a0157389f71a5c0029455ab9ba0,480fbdc991679f2b06340bd4609dc08b3fd8c920cc4bc5eae1d03b93a39fbeab,5.1.0,E0.2,insumo_incompleto,ok,sesion,0,0,2026-09-23T03:30:04.842888+00:00
351,2026-09-22,2026-09-22,2026-09-23T03:30:04.684176+00:00,2026-09-22T20:00:00+00:00,XNYS,2026-09-23,2026-09-23T13:30:00+00:00,QCOM,nada,0,0,,-4.036850215276311,-19.535808619221132,11.462108188668513,"sorteo sin información (contabilidad.senales_sin_informacion, semilla 20260906, desde 2023-09-05): prueba de maquinaria, no track record",conservador,500.0,0.2.0-PROPUESTA,sin dato en el insumo para la sesión 2026-09-22 (último cierre: 2026-09-21),2026-09-21,2026-09-21T20:00:00+00:00,d7bbb54440e739b95704f05c6dd522d7b2689e6d2a238fa045d0c8a10f534c5c,ext_2026-09-22.csv,69ca7283ae18fd37736827e1b19a79d3557e2e8177dbfd05c9685be22502402b,125a8602a684939576278093b306add6a6fa7a0157389f71a5c0029455ab9ba0,480fbdc991679f2b06340bd4609dc08b3fd8c920cc4bc5eae1d03b93a39fbeab,5.1.0,E0.2,insumo_incompleto,ok,sesion,0,0,2026-09-23T03:30:04.842888+00:00
352,2026-09-22,2026-09-22,2026-09-23T03:30:04.684176+00:00,2026-09-22T20:00:00+00:00,XNYS,2026-09-23,2026-09-23T13:30:00+00:00,SHECY,nada,0,0,18.8700008392334,4.674397669943775,-6.569835112844554,15.918630452732103,"sorteo sin información (contabilidad.senales_sin_informacion, semilla 20260906, desde 2023-09-05): prueba de maquinaria, no track record",conservador,500.0,0.2.0-PROPUESTA,"su intervalo [-6.57, +15.92] contiene el cero",2026-09-22,2026-09-22T20:00:00+00:00,d7bbb54440e739b95704f05c6dd522d7b2689e6d2a238fa045d0c8a10f534c5c,ext_2026-09-22.csv,69ca7283ae18fd37736827e1b19a79d3557e2e8177dbfd05c9685be22502402b,125a8602a684939576278093b306add6a6fa7a0157389f71a5c0029455ab9ba0,480fbdc991679f2b06340bd4609dc08b3fd8c920cc4bc5eae1d03b93a39fbeab,5.1.0,E0.2,insumo_incompleto,ok,sesion,0,0,2026-09-23T03:30:04.842888+00:00
353,2026-09-22,2026-09-22,2026-09-23T03:30:04.684176+00:00,2026-09-22T20:00:00+00:00,XNYS,2026-09-23,2026-09-23T13:30:00+00:00,SMH,nada,0,0,,-2.7700635665429685,-14.07119697535899,8.531069842273055,"sorteo sin información (contabilidad.senales_sin_informacion, semilla 20260906, desde 2023-09-05): prueba de maquinaria, no track record",conservador,500.0,0.2.0-PROPUESTA,sin dato en el insumo para la sesión 2026-09-22 (último cierre: 2026-09-21),2026-09-21,2026-09-21T20:00:00+00:00,d7bbb54440e739b95704f05c6dd522d7b2689e6d2a238fa045d0c8a10f534c5c,ext_2026-09-22.csv,69ca7283ae18fd37736827e1b19a79d3557e2e8177dbfd05c9685be22502402b,125a8602a684939576278093b306add6a6fa7a0157389f71a5c0029455ab9ba0,480fbdc991679f2b06340bd4609dc08b3fd8c920cc4bc5eae1d03b93a39fbeab,5.1.0,E0.2,insumo_incompleto,ok,sesion,0,0,2026-09-23T03:30:04.842888+00:00
354,2026-09-22,2026-09-22,2026-09-23T03:30:04.684176+00:00,2026-09-22T20:00:00+00:00,XNYS,2026-09-23,2026-09-23T13:30:00+00:00,SNPS,nada,0,0,,-5.769841714421586,-17.694638202341533,6.1549547734983605,"sorteo sin información (contabilidad.senales_sin_informacion, semilla 20260906, desde 2023-09-05): prueba de maquinaria, no track record",conservador,500.0,0.2.0-PROPUESTA,sin dato en el insumo para la sesión 2026-09-22 (último cierre: 2026-09-21),2026-09-21,2026-09-21T20:00:00+00:00,d7bbb54440e739b95704f05c6dd522d7b2689e6d2a238fa045d0c8a10f534c5c,ext_2026-09-22.csv,69ca7283ae18fd37736827e1b19a79d3557e2e8177dbfd05c9685be22502402b,125a8602a684939576278093b306add6a6fa7a0157389f71a5c0029455ab9ba0,480fbdc991679f2b06340bd4609dc08b3fd8c920cc4bc5eae1d03b93a39fbeab,5.1.0,E0.2,insumo_incompleto,ok,sesion,0,0,2026-09-23T03:30:04.842888+00:00
355,2026-09-22,2026-09-22,2026-09-23T03:30:04.684176+00:00,2026-09-22T20:00:00+00:00,XNYS,2026-09-23,2026-09-23T13:30:00+00:00,SOXX,nada,0,0,,7.932076020912904,-3.3160187650244293,19.180170806850235,"sorteo sin información (contabilidad.senales_sin_informacion, semilla 20260906, desde 2023-09-05): prueba de maquinaria, no track record",conservador,500.0,0.2.0-PROPUESTA,sin dato en el insumo para la sesión 2026-09-22 (último cierre: 2026-09-21),2026-09-21,2026-09-21T20:00:00+00:00,d7bbb54440e739b95704f05c6dd522d7b2689e6d2a238fa045d0c8a10f534c5c,ext_2026-09-22.csv,69ca7283ae18fd37736827e1b19a79d3557e2e8177dbfd05c9685be22502402b,125a8602a684939576278093b306add6a6fa7a0157389f71a5c0029455ab9ba0,480fbdc991679f2b06340bd4609dc08b3fd8c920cc4bc5eae1d03b93a39fbeab,5.1.0,E0.2,insumo_incompleto,ok,sesion,0,0,2026-09-23T03:30:04.842888+00:00
356,2026-09-22,2026-09-22,2026-09-23T03:30:04.684176+00:00,2026-09-22T20:00:00+00:00,XNYS,2026-09-23,2026-09-23T13:30:00+00:00,TER,nada,0,0,,-10.535314241504778,-25.973482331287478,4.902853848277919,"sorteo sin información (contabilidad.senales_sin_informacion, semilla 20260906, desde 2023-09-05): prueba de maquinaria, no track record",conservador,500.0,0.2.0-PROPUESTA,sin dato en el insumo para la sesión 2026-09-22 (último cierre: 2026-09-21),2026-09-21,2026-09-21T20:00:00+00:00,d7bbb54440e739b95704f05c6dd522d7b2689e6d2a238fa045d0c8a10f534c5c,ext_2026-09-22.csv,69ca7283ae18fd37736827e1b19a79d3557e2e8177dbfd05c9685be22502402b,125a8602a684939576278093b306add6a6fa7a0157389f71a5c0029455ab9ba0,480fbdc991679f2b06340bd4609dc08b3fd8c920cc4bc5eae1d03b93a39fbeab,5.1.0,E0.2,insumo_incompleto,ok,sesion,0,0,2026-09-23T03:30:04.842888+00:00
357,2026-09-22,2026-09-22,2026-09-23T03:30:04.684176+00:00,2026-09-22T20:00:00+00:00,XNYS,2026-09-23,2026-09-23T13:30:00+00:00,TOELY,nada,0,0,177.0,15.728329373131157,0.9308242769892487,30.525834469273065,"sorteo sin información (contabilidad.senales_sin_informacion, semilla 20260906, desde 2023-09-05): prueba de maquinaria, no track record",conservador,500.0,0.2.0-PROPUESTA,una acción cuesta 177.00 USD y el margen disponible es 125.00 USD; el riel no compra fracciones,2026-09-22,2026-09-22T20:00:00+00:00,d7bbb54440e739b95704f05c6dd522d7b2689e6d2a238fa045d0c8a10f534c5c,ext_2026-09-22.csv,69ca7283ae18fd37736827e1b19a79d3557e2e8177dbfd05c9685be22502402b,125a8602a684939576278093b306add6a6fa7a0157389f71a5c0029455ab9ba0,480fbdc991679f2b06340bd4609dc08b3fd8c920cc4bc5eae1d03b93a39fbeab,5.1.0,E0.2,insumo_incompleto,ok,sesion,0,0,2026-09-23T03:30:04.842888+00:00
358,2026-09-22,2026-09-22,2026-09-23T03:30:04.684176+00:00,2026-09-22T20:00:00+00:00,XNYS,2026-09-23,2026-09-23T13:30:00+00:00,TSEM,nada,0,0,,-15.701024552892495,-30.250154114308973,-1.1518949914760164,"sorteo sin información (contabilidad.senales_sin_informacion, semilla 20260906, desde 2023-09-05): prueba de maquinaria, no track record",conservador,500.0,0.2.0-PROPUESTA,sin dato en el insumo para la sesión 2026-09-22 (último cierre: 2026-09-21),2026-09-21,2026-09-21T20:00:00+00:00,d7bbb54440e739b95704f05c6dd522d7b2689e6d2a238fa045d0c8a10f534c5c,ext_2026-09-22.csv,69ca7283ae18fd37736827e1b19a79d3557e2e8177dbfd05c9685be22502402b,125a8602a684939576278093b306add6a6fa7a0157389f71a5c0029455ab9ba0,480fbdc991679f2b06340bd4609dc08b3fd8c920cc4bc5eae1d03b93a39fbeab,5.1.0,E0.2,insumo_incompleto,ok,sesion,0,0,2026-09-23T03:30:04.842888+00:00
359,2026-09-22,2026-09-22,2026-09-23T03:30:04.684176+00:00,2026-09-22T20:00:00+00:00,XNYS,2026-09-23,2026-09-23T13:30:00+00:00,TSM,nada,0,0,,4.319794035582669,-8.728502902483019,17.368090973648357,"sorteo sin información (contabilidad.senales_sin_informacion, semilla 20260906, desde 2023-09-05): prueba de maquinaria, no track record",conservador,500.0,0.2.0-PROPUESTA,sin dato en el insumo para la sesión 2026-09-22 (último cierre: 2026-09-21),2026-09-21,2026-09-21T20:00:00+00:00,d7bbb54440e739b95704f05c6dd522d7b2689e6d2a238fa045d0c8a10f534c5c,ext_2026-09-22.csv,69ca7283ae18fd37736827e1b19a79d3557e2e8177dbfd05c9685be22502402b,125a8602a684939576278093b306add6a6fa7a0157389f71a5c0029455ab9ba0,480fbdc991679f2b06340bd4609dc08b3fd8c920cc4bc5eae1d03b93a39fbeab,5.1.0,E0.2,insumo_incompleto,ok,sesion,0,0,2026-09-23T03:30:04.842888+00:00
360,2026-09-22,2026-09-22,2026-09-23T03:30:04.684176+00:00,2026-09-22T20:00:00+00:00,XNYS,2026-09-23,2026-09-23T13:30:00+00:00,UMC,nada,0,0,,-2.857137315611147,-20.050830173798914,14.336555542576619,"sorteo sin información (contabilidad.senales_sin_informacion, semilla 20260906, desde 2023-09-05): prueba de maquinaria, no track record",conservador,500.0,0.2.0-PROPUESTA,sin dato en el insumo para la sesión 2026-09-22 (último cierre: 2026-09-21),2026-09-21,2026-09-21T20:00:00+00:00,d7bbb54440e739b95704f05c6dd522d7b2689e6d2a238fa045d0c8a10f534c5c,ext_2026-09-22.csv,69ca7283ae18fd37736827e1b19a79d3557e2e8177dbfd05c9685be22502402b,125a8602a684939576278093b306add6a6fa7a0157389f71a5c0029455ab9ba0,480fbdc991679f2b06340bd4609dc08b3fd8c920cc4bc5eae1d03b93a39fbeab,5.1.0,E0.2,insumo_incompleto,ok,sesion,0,0,2026-09-23T03:30:04.842888+00:00
361,2026-09-22,2026-09-22,2026-09-23T03:30:04.684176+00:00,2026-09-22T20:00:00+00:00,XNYS,2026-09-23,2026-09-23T13:30:00+00:00,VRT,nada,0,0,,0.2941095469237265,-19.394103217166972,19.98232231101442,"sorteo sin información (contabilidad.senales_sin_informacion, semilla 20260906, desde 2023-09-05): prueba de maquinaria, no track record",conservador,500.0,0.2.0-PROPUESTA,sin dato en el insumo para la sesión 2026-09-22 (último cierre: 2026-09-21),2026-09-21,2026-09-21T20:00:00+00:00,d7bbb54440e739b95704f05c6dd522d7b2689e6d2a238fa045d0c8a10f534c5c,ext_2026-09-22.csv,69ca7283ae18fd37736827e1b19a79d3557e2e8177dbfd05c9685be22502402b,125a8602a684939576278093b306add6a6fa7a0157389f71a5c0029455ab9ba0,480fbdc991679f2b06340bd4609dc08b3fd8c920cc4bc5eae1d03b93a39fbeab,5.1.0,E0.2,insumo_incompleto,ok,sesion,0,0,2026-09-23T03:30:04.842888+00:00
362,2026-09-22,2026-09-22,2026-09-23T03:30:04.684176+00:00,2026-09-22T20:00:00+00:00,XNYS,2026-09-23,2026-09-23T13:30:00+00:00,WDC,nada,0,0,,2.561867418505148,-16.321173250981076,21.444908087991372,"sorteo sin información (contabilidad.senales_sin_informacion, semilla 20260906, desde 2023-09-05): prueba de maquinaria, no track record",conservador,500.0,0.2.0-PROPUESTA,sin dato en el insumo para la sesión 2026-09-22 (último cierre: 2026-09-21),2026-09-21,2026-09-21T20:00:00+00:00,d7bbb54440e739b95704f05c6dd522d7b2689e6d2a238fa045d0c8a10f534c5c,ext_2026-09-22.csv,69ca7283ae18fd37736827e1b19a79d3557e2e8177dbfd05c9685be22502402b,125a8602a684939576278093b306add6a6fa7a0157389f71a5c0029455ab9ba0,480fbdc991679f2b06340bd4609dc08b3fd8c920cc4bc5eae1d03b93a39fbeab,5.1.0,E0.2,insumo_incompleto,ok,sesion,0,0,2026-09-23T03:30:04.842888+00:00
363,2026-09-22,2026-09-22,2026-09-23T03:30:04.684176+00:00,2026-09-22T20:00:00+00:00,XNYS,2026-09-23,2026-09-23T13:30:00+00:00,XSD,nada,0,0,,3.776076351129354,-8.44096992732517,15.993122629583876,"sorteo sin información (contabilidad.senales_sin_informacion, semilla 20260906, desde 2023-09-05): prueba de maquinaria, no track record",conservador,500.0,0.2.0-PROPUESTA,sin dato en el insumo para la sesión 2026-09-22 (último cierre: 2026-09-21),2026-09-21,2026-09-21T20:00:00+00:00,d7bbb54440e739b95704f05c6dd522d7b2689e6d2a238fa045d0c8a10f534c5c,ext_2026-09-22.csv,69ca7283ae18fd37736827e1b19a79d3557e2e8177dbfd05c9685be22502402b,125a8602a684939576278093b306add6a6fa7a0157389f71a5c0029455ab9ba0,480fbdc991679f2b06340bd4609dc08b3fd8c920cc4bc5eae1d03b93a39fbeab,5.1.0,E0.2,insumo_incompleto,ok,sesion,0,0,2026-09-23T03:30:04.842888+00:00
364,2026-09-23,2026-09-23,2026-09-24T03:30:04.334215+00:00,2026-09-23T20:00:00+00:00,XNYS,2026-09-24,2026-09-24T13:30:00+00:00,AMAT,nada,0,0,474.3800048828125,-14.245499307406195,-28.897114481640752,0.40611586682836176,"sorteo sin información (contabilidad.senales_sin_informacion, semilla 20260906, desde 2023-09-05): prueba de maquinaria, no track record",conservador,500.0,0.2.0-PROPUESTA,señal -14.25 pp bajo el umbral +1.35 pp,2026-09-23,2026-09-23T20:00:00+00:00,7a49b32d2d20722b09ef128ba534b61d4a36addd715e492310b30075b3939963,ext_2026-09-23.csv,69ca7283ae18fd37736827e1b19a79d3557e2e8177dbfd05c9685be22502402b,125a8602a684939576278093b306add6a6fa7a0157389f71a5c0029455ab9ba0,480fbdc991679f2b06340bd4609dc08b3fd8c920cc4bc5eae1d03b93a39fbeab,5.1.0,E0.2,insumo_incompleto,ok,sesion,0,0,2026-09-24T03:30:04.490654+00:00
365,2026-09-23,2026-09-23,2026-09-24T03:30:04.334215+00:00,2026-09-23T20:00:00+00:00,XNYS,2026-09-24,2026-09-24T13:30:00+00:00,AMD,nada,0,0,614.6099853515625,10.552627161929484,-9.067352086345528,30.172606410204494,"sorteo sin información (contabilidad.senales_sin_informacion, semilla 20260906, desde 2023-09-05): prueba de maquinaria, no track record",conservador,500.0,0.2.0-PROPUESTA,"su intervalo [-9.07, +30.17] contiene el cero",2026-09-23,2026-09-23T20:00:00+00:00,7a49b32d2d20722b09ef128ba534b61d4a36addd715e492310b30075b3939963,ext_2026-09-23.csv,69ca7283ae18fd37736827e1b19a79d3557e2e8177dbfd05c9685be22502402b,125a8602a684939576278093b306add6a6fa7a0157389f71a5c0029455ab9ba0,480fbdc991679f2b06340bd4609dc08b3fd8c920cc4bc5eae1d03b93a39fbeab,5.1.0,E0.2,insumo_incompleto,ok,sesion,0,0,2026-09-24T03:30:04.490654+00:00
366,2026-09-23,2026-09-23,2026-09-24T03:30:04.334215+00:00,2026-09-23T20:00:00+00:00,XNYS,2026-09-24,2026-09-24T13:30:00+00:00,AMKR,nada,0,0,53.31999969482422,11.955181372597368,-7.343892076379772,31.254254821574506,"sorteo sin información (contabilidad.senales_sin_informacion, semilla 20260906, desde 2023-09-05): prueba de maquinaria, no track record",conservador,500.0,0.2.0-PROPUESTA,"su intervalo [-7.34, +31.25] contiene el cero",2026-09-23,2026-09-23T20:00:00+00:00,7a49b32d2d20722b09ef128ba534b61d4a36addd715e492310b30075b3939963,ext_2026-09-23.csv,69ca7283ae18fd37736827e1b19a79d3557e2e8177dbfd05c9685be22502402b,125a8602a684939576278093b306add6a6fa7a0157389f71a5c0029455ab9ba0,480fbdc991679f2b06340bd4609dc08b3fd8c920cc4bc5eae1d03b93a39fbeab,5.1.0,E0.2,insumo_incompleto,ok,sesion,0,0,2026-09-24T03:30:04.490654+00:00
367,2026-09-23,2026-09-23,2026-09-24T03:30:04.334215+00:00,2026-09-23T20:00:00+00:00,XNYS,2026-09-24,2026-09-24T13:30:00+00:00,AMZN,nada,0,0,249.2700042724609,-13.462314755729675,-25.815000917952922,-1.1096285935064305,"sorteo sin información (contabilidad.senales_sin_informacion, semilla 20260906, desde 2023-09-05): prueba de maquinaria, no track record",conservador,500.0,0.2.0-PROPUESTA,señal -13.46 pp bajo el umbral +1.35 pp,2026-09-23,2026-09-23T20:00:00+00:00,7a49b32d2d20722b09ef128ba534b61d4a36addd715e492310b30075b3939963,ext_2026-09-23.csv,69ca7283ae18fd37736827e1b19a79d3557e2e8177dbfd05c9685be22502402b,125a8602a684939576278093b306add6a6fa7a0157389f71a5c0029455ab9ba0,480fbdc991679f2b06340bd4609dc08b3fd8c920cc4bc5eae1d03b93a39fbeab,5.1.0,E0.2,insumo_incompleto,ok,sesion,0,0,2026-09-24T03:30:04.490654+00:00
368,2026-09-23,2026-09-23,2026-09-24T03:30:04.334215+00:00,2026-09-23T20:00:00+00:00,XNYS,2026-09-24,2026-09-24T13:30:00+00:00,ASX,nada,0,0,43.93000030517578,12.25001030791626,-1.6128521549690564,26.112872770801573,"sorteo sin información (contabilidad.senales_sin_informacion, semilla 20260906, desde 2023-09-05): prueba de maquinaria, no track record",conservador,500.0,0.2.0-PROPUESTA,"su intervalo [-1.61, +26.11] contiene el cero",2026-09-23,2026-09-23T20:00:00+00:00,7a49b32d2d20722b09ef128ba534b61d4a36addd715e492310b30075b3939963,ext_2026-09-23.csv,69ca7283ae18fd37736827e1b19a79d3557e2e8177dbfd05c9685be22502402b,125a8602a684939576278093b306add6a6fa7a0157389f71a5c0029455ab9ba0,480fbdc991679f2b06340bd4609dc08b3fd8c920cc4bc5eae1d03b93a39fbeab,5.1.0,E0.2,insumo_incompleto,ok,sesion,0,0,2026-09-24T03:30:04.490654+00:00
369,2026-09-23,2026-09-23,2026-09-24T03:30:04.334215+00:00,2026-09-23T20:00:00+00:00,XNYS,2026-09-24,2026-09-24T13:30:00+00:00,AVGO,nada,0,0,354.989990234375,1.2309099342912688,-10.581993665814514,13.043813534397051,"sorteo sin información (contabilidad.senales_sin_informacion, semilla 20260906, desde 2023-09-05): prueba de maquinaria, no track record",conservador,500.0,0.2.0-PROPUESTA,señal +1.23 pp bajo el umbral +1.35 pp,2026-09-23,2026-09-23T20:00:00+00:00,7a49b32d2d20722b09ef128ba534b61d4a36addd715e492310b30075b3939963,ext_2026-09-23.csv,69ca7283ae18fd37736827e1b19a79d3557e2e8177dbfd05c9685be22502402b,125a8602a684939576278093b306add6a6fa7a0157389f71a5c0029455ab9ba0,480fbdc991679f2b06340bd4609dc08b3fd8c920cc4bc5eae1d03b93a39fbeab,5.1.0,E0.2,insumo_incompleto,ok,sesion,0,0,2026-09-24T03:30:04.490654+00:00
370,2026-09-23,2026-09-23,2026-09-24T03:30:04.334215+00:00,2026-09-23T20:00:00+00:00,XNYS,2026-09-24,2026-09-24T13:30:00+00:00,CDNS,nada,0,0,309.0899963378906,-10.884351805330395,-23.00567288915018,1.23696927848939,"sorteo sin información (contabilidad.senales_sin_informacion, semilla 20260906, desde 2023-09-05): prueba de maquinaria, no track record",conservador,500.0,0.2.0-PROPUESTA,señal -10.88 pp bajo el umbral +1.35 pp,2026-09-23,2026-09-23T20:00:00+00:00,7a49b32d2d20722b09ef128ba534b61d4a36addd715e492310b30075b3939963,ext_2026-09-23.csv,69ca7283ae18fd37736827e1b19a79d3557e2e8177dbfd05c9685be22502402b,125a8602a684939576278093b306add6a6fa7a0157389f71a5c0029455ab9ba0,480fbdc991679f2b06340bd4609dc08b3fd8c920cc4bc5eae1d03b93a39fbeab,5.1.0,E0.2,insumo_incompleto,ok,sesion,0,0,2026-09-24T03:30:04.490654+00:00
371,2026-09-23,2026-09-23,2026-09-24T03:30:04.334215+00:00,2026-09-23T20:00:00+00:00,XNYS,2026-09-24,2026-09-24T13:30:00+00:00,ENTG,nada,0,0,150.92999267578125,4.354174600201999,-10.230277202964647,18.938626403368644,"sorteo sin información (contabilidad.senales_sin_informacion, semilla 20260906, desde 2023-09-05): prueba de maquinaria, no track record",conservador,500.0,0.2.0-PROPUESTA,"su intervalo [-10.23, +18.94] contiene el cero",2026-09-23,2026-09-23T20:00:00+00:00,7a49b32d2d20722b09ef128ba534b61d4a36addd715e492310b30075b3939963,ext_2026-09-23.csv,69ca7283ae18fd37736827e1b19a79d3557e2e8177dbfd05c9685be22502402b,125a8602a684939576278093b306add6a6fa7a0157389f71a5c0029455ab9ba0,480fbdc991679f2b06340bd4609dc08b3fd8c920cc4bc5eae1d03b93a39fbeab,5.1.0,E0.2,insumo_incompleto,ok,sesion,0,0,2026-09-24T03:30:04.490654+00:00
372,2026-09-23,2026-09-23,2026-09-24T03:30:04.334215+00:00,2026-09-23T20:00:00+00:00,XNYS,2026-09-24,2026-09-24T13:30:00+00:00,GFS,nada,0,0,46.41999816894531,3.756801712132063,-16.754826818016042,24.268430242280168,"sorteo sin información (contabilidad.senales_sin_informacion, semilla 20260906, desde 2023-09-05): prueba de maquinaria, no track record",conservador,500.0,0.2.0-PROPUESTA,"su intervalo [-16.75, +24.27] contiene el cero",2026-09-23,2026-09-23T20:00:00+00:00,7a49b32d2d20722b09ef128ba534b61d4a36addd715e492310b30075b3939963,ext_2026-09-23.csv,69ca7283ae18fd37736827e1b19a79d3557e2e8177dbfd05c9685be22502402b,125a8602a684939576278093b306add6a6fa7a0157389f71a5c0029455ab9ba0,480fbdc991679f2b06340bd4609dc08b3fd8c920cc4bc5eae1d03b93a39fbeab,5.1.0,E0.2,insumo_incompleto,ok,sesion,0,0,2026-09-24T03:30:04.490654+00:00
373,2026-09-23,2026-09-23,2026-09-24T03:30:04.334215+00:00,2026-09-23T20:00:00+00:00,XNYS,2026-09-24,2026-09-24T13:30:00+00:00,GOOGL,nada,0,0,337.8299865722656,-3.689926817569811,-13.681233126762443,6.301379491622821,"sorteo sin información (contabilidad.senales_sin_informacion, semilla 20260906, desde 2023-09-05): prueba de maquinaria, no track record",conservador,500.0,0.2.0-PROPUESTA,señal -3.69 pp bajo el umbral +1.35 pp,2026-09-23,2026-09-23T20:00:00+00:00,7a49b32d2d20722b09ef128ba534b61d4a36addd715e492310b30075b3939963,ext_2026-09-23.csv,69ca7283ae18fd37736827e1b19a79d3557e2e8177dbfd05c9685be22502402b,125a8602a684939576278093b306add6a6fa7a0157389f71a5c0029455ab9ba0,480fbdc991679f2b06340bd4609dc08b3fd8c920cc4bc5eae1d03b93a39fbeab,5.1.0,E0.2,insumo_incompleto,ok,sesion,0,0,2026-09-24T03:30:04.490654+00:00
374,2026-09-23,2026-09-23,2026-09-24T03:30:04.334215+00:00,2026-09-23T20:00:00+00:00,XNYS,2026-09-24,2026-09-24T13:30:00+00:00,GSM,nada,0,0,4.190000057220459,-24.31762264463776,-63.758964606259575,15.123719316984058,"sorteo sin información (contabilidad.senales_sin_informacion, semilla 20260906, desde 2023-09-05): prueba de maquinaria, no track record",conservador,500.0,0.2.0-PROPUESTA,señal -24.32 pp bajo el umbral +1.35 pp,2026-09-23,2026-09-23T20:00:00+00:00,7a49b32d2d20722b09ef128ba534b61d4a36addd715e492310b30075b3939963,ext_2026-09-23.csv,69ca7283ae18fd37736827e1b19a79d3557e2e8177dbfd05c9685be22502402b,125a8602a684939576278093b306add6a6fa7a0157389f71a5c0029455ab9ba0,480fbdc991679f2b06340bd4609dc08b3fd8c920cc4bc5eae1d03b93a39fbeab,5.1.0,E0.2,insumo_incompleto,ok,sesion,0,0,2026-09-24T03:30:04.490654+00:00
375,2026-09-23,2026-09-23,2026-09-24T03:30:04.334215+00:00,2026-09-23T20:00:00+00:00,XNYS,2026-09-24,2026-09-24T13:30:00+00:00,INTC,nada,0,0,122.5999984741211,6.237418210019086,-5.784428010593472,18.259264430631642,"sorteo sin información (contabilidad.senales_sin_informacion, semilla 20260906, desde 2023-09-05): prueba de maquinaria, no track record",conservador,500.0,0.2.0-PROPUESTA,"su intervalo [-5.78, +18.26] contiene el cero",2026-09-23,2026-09-23T20:00:00+00:00,7a49b32d2d20722b09ef128ba534b61d4a36addd715e492310b30075b3939963,ext_2026-09-23.csv,69ca7283ae18fd37736827e1b19a79d3557e2e8177dbfd05c9685be22502402b,125a8602a684939576278093b306add6a6fa7a0157389f71a5c0029455ab9ba0,480fbdc991679f2b06340bd4609dc08b3fd8c920cc4bc5eae1d03b93a39fbeab,5.1.0,E0.2,insumo_incompleto,ok,sesion,0,0,2026-09-24T03:30:04.490654+00:00
376,2026-09-23,2026-09-23,2026-09-24T03:30:04.334215+00:00,2026-09-23T20:00:00+00:00,XNYS,2026-09-24,2026-09-24T13:30:00+00:00,KLAC,nada,0,0,187.8600006103516,22.36675219515931,8.601578444934859,36.13192594538376,"sorteo sin información (contabilidad.senales_sin_informacion, semilla 20260906, desde 2023-09-05): prueba de maquinaria, no track record",conservador,500.0,0.2.0-PROPUESTA,una acción cuesta 187.86 USD y el margen disponible es 125.00 USD; el riel no compra fracciones,2026-09-23,2026-09-23T20:00:00+00:00,7a49b32d2d20722b09ef128ba534b61d4a36addd715e492310b30075b3939963,ext_2026-09-23.csv,69ca7283ae18fd37736827e1b19a79d3557e2e8177dbfd05c9685be22502402b,125a8602a684939576278093b306add6a6fa7a0157389f71a5c0029455ab9ba0,480fbdc991679f2b06340bd4609dc08b3fd8c920cc4bc5eae1d03b93a39fbeab,5.1.0,E0.2,insumo_incompleto,ok,sesion,0,0,2026-09-24T03:30:04.490654+00:00
377,2026-09-23,2026-09-23,2026-09-24T03:30:04.334215+00:00,2026-09-23T20:00:00+00:00,XNYS,2026-09-24,2026-09-24T13:30:00+00:00,LIN,nada,0,0,469.7200012207031,-0.0942546926861465,-8.749647987571459,8.561138602199167,"sorteo sin información (contabilidad.senales_sin_informacion, semilla 20260906, desde 2023-09-05): prueba de maquinaria, no track record",conservador,500.0,0.2.0-PROPUESTA,señal -0.09 pp bajo el umbral +1.35 pp,2026-09-23,2026-09-23T20:00:00+00:00,7a49b32d2d20722b09ef128ba534b61d4a36addd715e492310b30075b3939963,ext_2026-09-23.csv,69ca7283ae18fd37736827e1b19a79d3557e2e8177dbfd05c9685be22502402b,125a8602a684939576278093b306add6a6fa7a0157389f71a5c0029455ab9ba0,480fbdc991679f2b06340bd4609dc08b3fd8c920cc4bc5eae1d03b93a39fbeab,5.1.0,E0.2,insumo_incompleto,ok,sesion,0,0,2026-09-24T03:30:04.490654+00:00
378,2026-09-23,2026-09-23,2026-09-24T03:30:04.334215+00:00,2026-09-23T20:00:00+00:00,XNYS,2026-09-24,2026-09-24T13:30:00+00:00,LRCX,nada,0,0,307.2799987792969,8.199413386201982,-7.297588048624613,23.696414821028576,"sorteo sin información (contabilidad.senales_sin_informacion, semilla 20260906, desde 2023-09-05): prueba de maquinaria, no track record",conservador,500.0,0.2.0-PROPUESTA,"su intervalo [-7.30, +23.70] contiene el cero",2026-09-23,2026-09-23T20:00:00+00:00,7a49b32d2d20722b09ef128ba534b61d4a36addd715e492310b30075b3939963,ext_2026-09-23.csv,69ca7283ae18fd37736827e1b19a79d3557e2e8177dbfd05c9685be22502402b,125a8602a684939576278093b306add6a6fa7a0157389f71a5c0029455ab9ba0,480fbdc991679f2b06340bd4609dc08b3fd8c920cc4bc5eae1d03b93a39fbeab,5.1.0,E0.2,insumo_incompleto,ok,sesion,0,0,2026-09-24T03:30:04.490654+00:00
379,2026-09-23,2026-09-23,2026-09-24T03:30:04.334215+00:00,2026-09-23T20:00:00+00:00,XNYS,2026-09-24,2026-09-24T13:30:00+00:00,META,nada,0,0,744.0999755859375,-3.636114357040421,-18.462243356769935,11.190014642689093,"sorteo sin información (contabilidad.senales_sin_informacion, semilla 20260906, desde 2023-09-05): prueba de maquinaria, no track record",conservador,500.0,0.2.0-PROPUESTA,señal -3.64 pp bajo el umbral +1.35 pp,2026-09-23,2026-09-23T20:00:00+00:00,7a49b32d2d20722b09ef128ba534b61d4a36addd715e492310b30075b3939963,ext_2026-09-23.csv,69ca7283ae18fd37736827e1b19a79d3557e2e8177dbfd05c9685be22502402b,125a8602a684939576278093b306add6a6fa7a0157389f71a5c0029455ab9ba0,480fbdc991679f2b06340bd4609dc08b3fd8c920cc4bc5eae1d03b93a39fbeab,5.1.0,E0.2,insumo_incompleto,ok,sesion,0,0,2026-09-24T03:30:04.490654+00:00
380,2026-09-23,2026-09-23,2026-09-24T03:30:04.334215+00:00,2026-09-23T20:00:00+00:00,XNYS,2026-09-24,2026-09-24T13:30:00+00:00,MKSI,nada,0,0,262.7200012207031,-2.068002495978616,-17.792763845035886,13.656758853078655,"sorteo sin información (contabilidad.senales_sin_informacion, semilla 20260906, desde 2023-09-05): prueba de maquinaria, no track record",conservador,500.0,0.2.0-PROPUESTA,señal -2.07 pp bajo el umbral +1.35 pp,2026-09-23,2026-09-23T20:00:00+00:00,7a49b32d2d20722b09ef128ba534b61d4a36addd715e492310b30075b3939963,ext_2026-09-23.csv,69ca7283ae18fd37736827e1b19a79d3557e2e8177dbfd05c9685be22502402b,125a8602a684939576278093b306add6a6fa7a0157389f71a5c0029455ab9ba0,480fbdc991679f2b06340bd4609dc08b3fd8c920cc4bc5eae1d03b93a39fbeab,5.1.0,E0.2,insumo_incompleto,ok,sesion,0,0,2026-09-24T03:30:04.490654+00:00
381,2026-09-23,2026-09-23,2026-09-24T03:30:04.334215+00:00,2026-09-23T20:00:00+00:00,XNYS,2026-09-24,2026-09-24T13:30:00+00:00,MSFT,nada,0,0,500.5899963378906,4.210054541738706,-4.548035056471444,12.968144139948855,"sorteo sin información (contabilidad.senales_sin_informacion, semilla 20260906, desde 2023-09-05): prueba de maquinaria, no track record",conservador,500.0,0.2.0-PROPUESTA,"su intervalo [-4.55, +12.97] contiene el cero",2026-09-23,2026-09-23T20:00:00+00:00,7a49b32d2d20722b09ef128ba534b61d4a36addd715e492310b30075b3939963,ext_2026-09-23.csv,69ca7283ae18fd37736827e1b19a79d3557e2e8177dbfd05c9685be22502402b,125a8602a684939576278093b306add6a6fa7a0157389f71a5c0029455ab9ba0,480fbdc991679f2b06340bd4609dc08b3fd8c920cc4bc5eae1d03b93a39fbeab,5.1.0,E0.2,insumo_incompleto,ok,sesion,0,0,2026-09-24T03:30:04.490654+00:00
382,2026-09-23,2026-09-23,2026-09-24T03:30:04.334215+00:00,2026-09-23T20:00:00+00:00,XNYS,2026-09-24,2026-09-24T13:30:00+00:00,MU,nada,0,0,1071.8800048828125,-4.742286685016095,-19.69436543059971,10.209792060567517,"sorteo sin información (contabilidad.senales_sin_informacion, semilla 20260906, desde 2023-09-05): prueba de maquinaria, no track record",conservador,500.0,0.2.0-PROPUESTA,señal -4.74 pp bajo el umbral +1.35 pp,2026-09-23,2026-09-23T20:00:00+00:00,7a49b32d2d20722b09ef128ba534b61d4a36addd715e492310b30075b3939963,ext_2026-09-23.csv,69ca7283ae18fd37736827e1b19a79d3557e2e8177dbfd05c9685be22502402b,125a8602a684939576278093b306add6a6fa7a0157389f71a5c0029455ab9ba0,480fbdc991679f2b06340bd4609dc08b3fd8c920cc4bc5eae1d03b93a39fbeab,5.1.0,E0.2,insumo_incompleto,ok,sesion,0,0,2026-09-24T03:30:04.490654+00:00
383,2026-09-23,2026-09-23,2026-09-24T03:30:04.334215+00:00,2026-09-23T20:00:00+00:00,XNYS,2026-09-24,2026-09-24T13:30:00+00:00,NVDA,nada,0,0,225.50999450683597,-4.750996807387542,-24.216408100317985,14.714414485542902,"sorteo sin información (contabilidad.senales_sin_informacion, semilla 20260906, desde 2023-09-05): prueba de maquinaria, no track record",conservador,500.0,0.2.0-PROPUESTA,señal -4.75 pp bajo el umbral +1.35 pp,2026-09-23,2026-09-23T20:00:00+00:00,7a49b32d2d20722b09ef128ba534b61d4a36addd715e492310b30075b3939963,ext_2026-09-23.csv,69ca7283ae18fd37736827e1b19a79d3557e2e8177dbfd05c9685be22502402b,125a8602a684939576278093b306add6a6fa7a0157389f71a5c0029455ab9ba0,480fbdc991679f2b06340bd4609dc08b3fd8c920cc4bc5eae1d03b93a39fbeab,5.1.0,E0.2,insumo_incompleto,ok,sesion,0,0,2026-09-24T03:30:04.490654+00:00
384,2026-09-23,2026-09-23,2026-09-24T03:30:04.334215+00:00,2026-09-23T20:00:00+00:00,XNYS,2026-09-24,2026-09-24T13:30:00+00:00,QCOM,nada,0,0,197.2400054931641,12.227522910755217,-3.271435493189605,27.726481314700038,"sorteo sin información (contabilidad.senales_sin_informacion, semilla 20260906, desde 2023-09-05): prueba de maquinaria, no track record",conservador,500.0,0.2.0-PROPUESTA,"su intervalo [-3.27, +27.73] contiene el cero",2026-09-23,2026-09-23T20:00:00+00:00,7a49b32d2d20722b09ef128ba534b61d4a36addd715e492310b30075b3939963,ext_2026-09-23.csv,69ca7283ae18fd37736827e1b19a79d3557e2e8177dbfd05c9685be22502402b,125a8602a684939576278093b306add6a6fa7a0157389f71a5c0029455ab9ba0,480fbdc991679f2b06340bd4609dc08b3fd8c920cc4bc5eae1d03b93a39fbeab,5.1.0,E0.2,insumo_incompleto,ok,sesion,0,0,2026-09-24T03:30:04.490654+00:00
385,2026-09-23,2026-09-23,2026-09-24T03:30:04.334215+00:00,2026-09-23T20:00:00+00:00,XNYS,2026-09-24,2026-09-24T13:30:00+00:00,SHECY,nada,0,0,18.63999938964844,-4.919538794357125,-16.163771577145454,6.3246939884312035,"sorteo sin información (contabilidad.senales_sin_informacion, semilla 20260906, desde 2023-09-05): prueba de maquinaria, no track record",conservador,500.0,0.2.0-PROPUESTA,señal -4.92 pp bajo el umbral +1.35 pp,2026-09-23,2026-09-23T20:00:00+00:00,7a49b32d2d20722b09ef128ba534b61d4a36addd715e492310b30075b3939963,ext_2026-09-23.csv,69ca7283ae18fd37736827e1b19a79d3557e2e8177dbfd05c9685be22502402b,125a8602a684939576278093b306add6a6fa7a0157389f71a5c0029455ab9ba0,480fbdc991679f2b06340bd4609dc08b3fd8c920cc4bc5eae1d03b93a39fbeab,5.1.0,E0.2,insumo_incompleto,ok,sesion,0,0,2026-09-24T03:30:04.490654+00:00
386,2026-09-23,2026-09-23,2026-09-24T03:30:04.334215+00:00,2026-09-23T20:00:00+00:00,XNYS,2026-09-24,2026-09-24T13:30:00+00:00,SMH,nada,0,0,601.4099731445312,2.2111189195619163,-9.090014489254106,13.51225232837794,"sorteo sin información (contabilidad.senales_sin_informacion, semilla 20260906, desde 2023-09-05): prueba de maquinaria, no track record",conservador,500.0,0.2.0-PROPUESTA,"su intervalo [-9.09, +13.51] contiene el cero",2026-09-23,2026-09-23T20:00:00+00:00,7a49b32d2d20722b09ef128ba534b61d4a36addd715e492310b30075b3939963,ext_2026-09-23.csv,69ca7283ae18fd37736827e1b19a79d3557e2e8177dbfd05c9685be22502402b,125a8602a684939576278093b306add6a6fa7a0157389f71a5c0029455ab9ba0,480fbdc991679f2b06340bd4609dc08b3fd8c920cc4bc5eae1d03b93a39fbeab,5.1.0,E0.2,insumo_incompleto,ok,sesion,0,0,2026-09-24T03:30:04.490654+00:00
387,2026-09-23,2026-09-23,2026-09-24T03:30:04.334215+00:00,2026-09-23T20:00:00+00:00,XNYS,2026-09-24,2026-09-24T13:30:00+00:00,SNPS,nada,0,0,413.05999755859375,2.192869249663576,-9.731927238256372,14.117665737583522,"sorteo sin información (contabilidad.senales_sin_informacion, semilla 20260906, desde 2023-09-05): prueba de maquinaria, no track record",conservador,500.0,0.2.0-PROPUESTA,"su intervalo [-9.73, +14.12] contiene el cero",2026-09-23,2026-09-23T20:00:00+00:00,7a49b32d2d20722b09ef128ba534b61d4a36addd715e492310b30075b3939963,ext_2026-09-23.csv,69ca7283ae18fd37736827e1b19a79d3557e2e8177dbfd05c9685be22502402b,125a8602a684939576278093b306add6a6fa7a0157389f71a5c0029455ab9ba0,480fbdc991679f2b06340bd4609dc08b3fd8c920cc4bc5eae1d03b93a39fbeab,5.1.0,E0.2,insumo_incompleto,ok,sesion,0,0,2026-09-24T03:30:04.490654+00:00
388,2026-09-23,2026-09-23,2026-09-24T03:30:04.334215+00:00,2026-09-23T20:00:00+00:00,XNYS,2026-09-24,2026-09-24T13:30:00+00:00,SOXX,nada,0,0,565.719970703125,6.913978012137201,-4.334116773800132,18.162072798074533,"sorteo sin información (contabilidad.senales_sin_informacion, semilla 20260906, desde 2023-09-05): prueba de maquinaria, no track record",conservador,500.0,0.2.0-PROPUESTA,"su intervalo [-4.33, +18.16] contiene el cero",2026-09-23,2026-09-23T20:00:00+00:00,7a49b32d2d20722b09ef128ba534b61d4a36addd715e492310b30075b3939963,ext_2026-09-23.csv,69ca7283ae18fd37736827e1b19a79d3557e2e8177dbfd05c9685be22502402b,125a8602a684939576278093b306add6a6fa7a0157389f71a5c0029455ab9ba0,480fbdc991679f2b06340bd4609dc08b3fd8c920cc4bc5eae1d03b93a39fbeab,5.1.0,E0.2,insumo_incompleto,ok,sesion,0,0,2026-09-24T03:30:04.490654+00:00
389,2026-09-23,2026-09-23,2026-09-24T03:30:04.334215+00:00,2026-09-23T20:00:00+00:00,XNYS,2026-09-24,2026-09-24T13:30:00+00:00,TER,nada,0,0,389.1400146484375,27.480754068899493,12.042585979116796,42.91892215868219,"sorteo sin información (contabilidad.senales_sin_informacion, semilla 20260906, desde 2023-09-05): prueba de maquinaria, no track record",conservador,500.0,0.2.0-PROPUESTA,una acción cuesta 389.14 USD y el margen disponible es 125.00 USD; el riel no compra fracciones,2026-09-23,2026-09-23T20:00:00+00:00,7a49b32d2d20722b09ef128ba534b61d4a36addd715e492310b30075b3939963,ext_2026-09-23.csv,69ca7283ae18fd37736827e1b19a79d3557e2e8177dbfd05c9685be22502402b,125a8602a684939576278093b306add6a6fa7a0157389f71a5c0029455ab9ba0,480fbdc991679f2b06340bd4609dc08b3fd8c920cc4bc5eae1d03b93a39fbeab,5.1.0,E0.2,insumo_incompleto,ok,sesion,0,0,2026-09-24T03:30:04.490654+00:00
390,2026-09-23,2026-09-23,2026-09-24T03:30:04.334215+00:00,2026-09-23T20:00:00+00:00,XNYS,2026-09-24,2026-09-24T13:30:00+00:00,TOELY,nada,0,0,,4.313659550079585,-10.483845546062323,19.111164646221493,"sorteo sin información (contabilidad.senales_sin_informacion, semilla 20260906, desde 2023-09-05): prueba de maquinaria, no track record",conservador,500.0,0.2.0-PROPUESTA,sin dato en el insumo para la sesión 2026-09-23 (último cierre: 2026-09-22),2026-09-22,2026-09-22T20:00:00+00:00,7a49b32d2d20722b09ef128ba534b61d4a36addd715e492310b30075b3939963,ext_2026-09-23.csv,69ca7283ae18fd37736827e1b19a79d3557e2e8177dbfd05c9685be22502402b,125a8602a684939576278093b306add6a6fa7a0157389f71a5c0029455ab9ba0,480fbdc991679f2b06340bd4609dc08b3fd8c920cc4bc5eae1d03b93a39fbeab,5.1.0,E0.2,insumo_incompleto,ok,sesion,0,0,2026-09-24T03:30:04.490654+00:00
391,2026-09-23,2026-09-23,2026-09-24T03:30:04.334215+00:00,2026-09-23T20:00:00+00:00,XNYS,2026-09-24,2026-09-24T13:30:00+00:00,TSEM,nada,0,0,230.5,33.796819750691576,19.247690189275097,48.345949312108054,"sorteo sin información (contabilidad.senales_sin_informacion, semilla 20260906, desde 2023-09-05): prueba de maquinaria, no track record",conservador,500.0,0.2.0-PROPUESTA,una acción cuesta 230.50 USD y el margen disponible es 125.00 USD; el riel no compra fracciones,2026-09-23,2026-09-23T20:00:00+00:00,7a49b32d2d20722b09ef128ba534b61d4a36addd715e492310b30075b3939963,ext_2026-09-23.csv,69ca7283ae18fd37736827e1b19a79d3557e2e8177dbfd05c9685be22502402b,125a8602a684939576278093b306add6a6fa7a0157389f71a5c0029455ab9ba0,480fbdc991679f2b06340bd4609dc08b3fd8c920cc4bc5eae1d03b93a39fbeab,5.1.0,E0.2,insumo_incompleto,ok,sesion,0,0,2026-09-24T03:30:04.490654+00:00
392,2026-09-23,2026-09-23,2026-09-24T03:30:04.334215+00:00,2026-09-23T20:00:00+00:00,XNYS,2026-09-24,2026-09-24T13:30:00+00:00,TSM,nada,0,0,446.5700073242188,1.7339971954915434,-11.314299742574145,14.782294133557231,"sorteo sin información (contabilidad.senales_sin_informacion, semilla 20260906, desde 2023-09-05): prueba de maquinaria, no track record",conservador,500.0,0.2.0-PROPUESTA,"su intervalo [-11.31, +14.78] contiene el cero",2026-09-23,2026-09-23T20:00:00+00:00,7a49b32d2d20722b09ef128ba534b61d4a36addd715e492310b30075b3939963,ext_2026-09-23.csv,69ca7283ae18fd37736827e1b19a79d3557e2e8177dbfd05c9685be22502402b,125a8602a684939576278093b306add6a6fa7a0157389f71a5c0029455ab9ba0,480fbdc991679f2b06340bd4609dc08b3fd8c920cc4bc5eae1d03b93a39fbeab,5.1.0,E0.2,insumo_incompleto,ok,sesion,0,0,2026-09-24T03:30:04.490654+00:00
393,2026-09-23,2026-09-23,2026-09-24T03:30:04.334215+00:00,2026-09-23T20:00:00+00:00,XNYS,2026-09-24,2026-09-24T13:30:00+00:00,UMC,nada,0,0,24.68000030517578,5.0991536902880386,-12.094539167899729,22.292846548475804,"sorteo sin información (contabilidad.senales_sin_informacion, semilla 20260906, desde 2023-09-05): prueba de maquinaria, no track record",conservador,500.0,0.2.0-PROPUESTA,"su intervalo [-12.09, +22.29] contiene el cero",2026-09-23,2026-09-23T20:00:00+00:00,7a49b32d2d20722b09ef128ba534b61d4a36addd715e492310b30075b3939963,ext_2026-09-23.csv,69ca7283ae18fd37736827e1b19a79d3557e2e8177dbfd05c9685be22502402b,125a8602a684939576278093b306add6a6fa7a0157389f71a5c0029455ab9ba0,480fbdc991679f2b06340bd4609dc08b3fd8c920cc4bc5eae1d03b93a39fbeab,5.1.0,E0.2,insumo_incompleto,ok,sesion,0,0,2026-09-24T03:30:04.490654+00:00
394,2026-09-23,2026-09-23,2026-09-24T03:30:04.334215+00:00,2026-09-23T20:00:00+00:00,XNYS,2026-09-24,2026-09-24T13:30:00+00:00,VRT,nada,0,0,248.77999877929688,-5.3067948199196024,-24.9950075840103,14.381417944171094,"sorteo sin información (contabilidad.senales_sin_informacion, semilla 20260906, desde 2023-09-05): prueba de maquinaria, no track record",conservador,500.0,0.2.0-PROPUESTA,señal -5.31 pp bajo el umbral +1.35 pp,2026-09-23,2026-09-23T20:00:00+00:00,7a49b32d2d20722b09ef128ba534b61d4a36addd715e492310b30075b3939963,ext_2026-09-23.csv,69ca7283ae18fd37736827e1b19a79d3557e2e8177dbfd05c9685be22502402b,125a8602a684939576278093b306add6a6fa7a0157389f71a5c0029455ab9ba0,480fbdc991679f2b06340bd4609dc08b3fd8c920cc4bc5eae1d03b93a39fbeab,5.1.0,E0.2,insumo_incompleto,ok,sesion,0,0,2026-09-24T03:30:04.490654+00:00
395,2026-09-23,2026-09-23,2026-09-24T03:30:04.334215+00:00,2026-09-23T20:00:00+00:00,XNYS,2026-09-24,2026-09-24T13:30:00+00:00,WDC,nada,0,0,473.6900024414063,-17.05575718916664,-35.93879785865286,1.8272834803195828,"sorteo sin información (contabilidad.senales_sin_informacion, semilla 20260906, desde 2023-09-05): prueba de maquinaria, no track record",conservador,500.0,0.2.0-PROPUESTA,señal -17.06 pp bajo el umbral +1.35 pp,2026-09-23,2026-09-23T20:00:00+00:00,7a49b32d2d20722b09ef128ba534b61d4a36addd715e492310b30075b3939963,ext_2026-09-23.csv,69ca7283ae18fd37736827e1b19a79d3557e2e8177dbfd05c9685be22502402b,125a8602a684939576278093b306add6a6fa7a0157389f71a5c0029455ab9ba0,480fbdc991679f2b06340bd4609dc08b3fd8c920cc4bc5eae1d03b93a39fbeab,5.1.0,E0.2,insumo_incompleto,ok,sesion,0,0,2026-09-24T03:30:04.490654+00:00
396,2026-09-23,2026-09-23,2026-09-24T03:30:04.334215+00:00,2026-09-23T20:00:00+00:00,XNYS,2026-09-24,2026-09-24T13:30:00+00:00,XSD,nada,0,0,527.4400024414062,6.300683180320865,-5.916363098133658,18.51772945877539,"sorteo sin información (contabilidad.senales_sin_informacion, semilla 20260906, desde 2023-09-05): prueba de maquinaria, no track record",conservador,500.0,0.2.0-PROPUESTA,"su intervalo [-5.92, +18.52] contiene el cero",2026-09-23,2026-09-23T20:00:00+00:00,7a49b32d2d20722b09ef128ba534b61d4a36addd715e492310b30075b3939963,ext_2026-09-23.csv,69ca7283ae18fd37736827e1b19a79d3557e2e8177dbfd05c9685be22502402b,125a8602a684939576278093b306add6a6fa7a0157389f71a5c0029455ab9ba0,480fbdc991679f2b06340bd4609dc08b3fd8c920cc4bc5eae1d03b93a39fbeab,5.1.0,E0.2,insumo_incompleto,ok,sesion,0,0,2026-09-24T03:30:04.490654+00:00
