timestamp_utc,hora_ny,sesion_ny,ticker,ultima_fecha_close,es_sesion_de_hoy,close_ultimo,n_filas_respuesta
2026-09-22T00:05:00.791993+00:00,20:05,2026-09-21,UMC,2026-09-18,0,24.610001,7
2026-09-22T00:05:00.791993+00:00,20:05,2026-09-21,GFS,2026-09-18,0,47.820000,7
2026-09-22T00:05:00.791993+00:00,20:05,2026-09-21,TSEM,2026-09-18,0,223.600006,7
2026-09-22T00:05:00.791993+00:00,20:05,2026-09-21,GSM,2026-09-18,0,4.180000,7
2026-09-22T00:05:00.791993+00:00,20:05,2026-09-21,ENTG,2026-09-18,0,142.250000,7
2026-09-22T00:05:00.791993+00:00,20:05,2026-09-21,MKSI,2026-09-18,0,252.080002,7
2026-09-22T00:05:00.791993+00:00,20:05,2026-09-21,LIN,2026-09-18,0,460.399994,7
2026-09-22T00:05:00.791993+00:00,20:05,2026-09-21,SHECY,2026-09-21,1,18.750000,7
2026-09-22T00:05:00.791993+00:00,20:05,2026-09-21,ASML,2026-09-18,0,1679.920044,7
2026-09-22T00:05:00.791993+00:00,20:05,2026-09-21,AMAT,2026-09-18,0,444.570007,7
2026-09-22T00:05:00.791993+00:00,20:05,2026-09-21,LRCX,2026-09-18,0,288.109985,7
2026-09-22T00:05:00.791993+00:00,20:05,2026-09-21,KLAC,2026-09-18,0,176.990005,7
2026-09-22T00:05:00.791993+00:00,20:05,2026-09-21,TER,2026-09-18,0,371.470001,7
2026-09-22T00:05:00.791993+00:00,20:05,2026-09-21,TOELY,2026-09-18,0,169.070007,7
2026-09-22T00:05:00.791993+00:00,20:05,2026-09-21,TSM,2026-09-18,0,434.670013,7
2026-09-22T00:05:00.791993+00:00,20:05,2026-09-21,INTC,2026-09-18,0,108.599998,7
2026-09-22T00:05:00.791993+00:00,20:05,2026-09-21,MU,2026-09-18,0,1015.799988,7
2026-09-22T00:05:00.791993+00:00,20:05,2026-09-21,SNDK,2026-09-18,0,1791.819946,7
2026-09-22T00:05:00.791993+00:00,20:05,2026-09-21,WDC,2026-09-18,0,441.359985,7
2026-09-22T00:05:00.791993+00:00,20:05,2026-09-21,ASX,2026-09-18,0,41.630001,7
2026-09-22T00:05:00.791993+00:00,20:05,2026-09-21,AMKR,2026-09-18,0,50.299999,7
2026-09-22T00:05:00.791993+00:00,20:05,2026-09-21,NVDA,2026-09-18,0,222.270004,7
2026-09-22T00:05:00.791993+00:00,20:05,2026-09-21,AVGO,2026-09-18,0,357.609985,7
2026-09-22T00:05:00.791993+00:00,20:05,2026-09-21,AMD,2026-09-18,0,559.820007,7
2026-09-22T00:05:00.791993+00:00,20:05,2026-09-21,QCOM,2026-09-18,0,177.720001,7
2026-09-22T00:05:00.791993+00:00,20:05,2026-09-21,ARM,2026-09-18,0,275.609985,7
2026-09-22T00:05:00.791993+00:00,20:05,2026-09-21,SNPS,2026-09-18,0,384.970001,7
2026-09-22T00:05:00.791993+00:00,20:05,2026-09-21,CDNS,2026-09-18,0,282.899994,7
2026-09-22T00:05:00.791993+00:00,20:05,2026-09-21,MSFT,2026-09-18,0,493.779999,7
2026-09-22T00:05:00.791993+00:00,20:05,2026-09-21,GOOGL,2026-09-18,0,349.540009,7
2026-09-22T00:05:00.791993+00:00,20:05,2026-09-21,META,2026-09-18,0,665.750000,7
2026-09-22T00:05:00.791993+00:00,20:05,2026-09-21,AMZN,2026-09-18,0,253.710007,7
2026-09-22T00:05:00.791993+00:00,20:05,2026-09-21,VRT,2026-09-18,0,249.389999,7
2026-09-22T00:05:00.791993+00:00,20:05,2026-09-21,SMH,2026-09-18,0,573.000000,7
2026-09-22T00:05:00.791993+00:00,20:05,2026-09-21,SOXX,2026-09-18,0,533.070007,7
2026-09-22T00:05:00.791993+00:00,20:05,2026-09-21,XSD,2026-09-18,0,506.660004,7
2026-09-22T00:35:00.789576+00:00,20:35,2026-09-21,UMC,2026-09-18,0,24.610001,7
2026-09-22T00:35:00.789576+00:00,20:35,2026-09-21,GFS,2026-09-18,0,47.820000,7
2026-09-22T00:35:00.789576+00:00,20:35,2026-09-21,TSEM,2026-09-18,0,223.600006,7
2026-09-22T00:35:00.789576+00:00,20:35,2026-09-21,GSM,2026-09-18,0,4.180000,7
2026-09-22T00:35:00.789576+00:00,20:35,2026-09-21,ENTG,2026-09-18,0,142.250000,7
2026-09-22T00:35:00.789576+00:00,20:35,2026-09-21,MKSI,2026-09-18,0,252.080002,7
2026-09-22T00:35:00.789576+00:00,20:35,2026-09-21,LIN,2026-09-18,0,460.399994,7
2026-09-22T00:35:00.789576+00:00,20:35,2026-09-21,SHECY,2026-09-21,1,18.750000,7
2026-09-22T00:35:00.789576+00:00,20:35,2026-09-21,ASML,2026-09-18,0,1679.920044,7
2026-09-22T00:35:00.789576+00:00,20:35,2026-09-21,AMAT,2026-09-18,0,444.570007,7
2026-09-22T00:35:00.789576+00:00,20:35,2026-09-21,LRCX,2026-09-18,0,288.109985,7
2026-09-22T00:35:00.789576+00:00,20:35,2026-09-21,KLAC,2026-09-18,0,176.990005,7
2026-09-22T00:35:00.789576+00:00,20:35,2026-09-21,TER,2026-09-18,0,371.470001,7
2026-09-22T00:35:00.789576+00:00,20:35,2026-09-21,TOELY,2026-09-18,0,169.070007,7
2026-09-22T00:35:00.789576+00:00,20:35,2026-09-21,TSM,2026-09-18,0,434.670013,7
2026-09-22T00:35:00.789576+00:00,20:35,2026-09-21,INTC,2026-09-18,0,108.599998,7
2026-09-22T00:35:00.789576+00:00,20:35,2026-09-21,MU,2026-09-18,0,1015.799988,7
2026-09-22T00:35:00.789576+00:00,20:35,2026-09-21,SNDK,2026-09-18,0,1791.819946,7
2026-09-22T00:35:00.789576+00:00,20:35,2026-09-21,WDC,2026-09-18,0,441.359985,7
2026-09-22T00:35:00.789576+00:00,20:35,2026-09-21,ASX,2026-09-18,0,41.630001,7
2026-09-22T00:35:00.789576+00:00,20:35,2026-09-21,AMKR,2026-09-18,0,50.299999,7
2026-09-22T00:35:00.789576+00:00,20:35,2026-09-21,NVDA,2026-09-18,0,222.270004,7
2026-09-22T00:35:00.789576+00:00,20:35,2026-09-21,AVGO,2026-09-18,0,357.609985,7
2026-09-22T00:35:00.789576+00:00,20:35,2026-09-21,AMD,2026-09-18,0,559.820007,7
2026-09-22T00:35:00.789576+00:00,20:35,2026-09-21,QCOM,2026-09-18,0,177.720001,7
2026-09-22T00:35:00.789576+00:00,20:35,2026-09-21,ARM,2026-09-18,0,275.609985,7
2026-09-22T00:35:00.789576+00:00,20:35,2026-09-21,SNPS,2026-09-18,0,384.970001,7
2026-09-22T00:35:00.789576+00:00,20:35,2026-09-21,CDNS,2026-09-18,0,282.899994,7
2026-09-22T00:35:00.789576+00:00,20:35,2026-09-21,MSFT,2026-09-18,0,493.779999,7
2026-09-22T00:35:00.789576+00:00,20:35,2026-09-21,GOOGL,2026-09-18,0,349.540009,7
2026-09-22T00:35:00.789576+00:00,20:35,2026-09-21,META,2026-09-18,0,665.750000,7
2026-09-22T00:35:00.789576+00:00,20:35,2026-09-21,AMZN,2026-09-18,0,253.710007,7
2026-09-22T00:35:00.789576+00:00,20:35,2026-09-21,VRT,2026-09-18,0,249.389999,7
2026-09-22T00:35:00.789576+00:00,20:35,2026-09-21,SMH,2026-09-18,0,573.000000,7
2026-09-22T00:35:00.789576+00:00,20:35,2026-09-21,SOXX,2026-09-18,0,533.070007,7
2026-09-22T00:35:00.789576+00:00,20:35,2026-09-21,XSD,2026-09-18,0,506.660004,7
2026-09-22T01:05:00.815672+00:00,21:05,2026-09-21,UMC,2026-09-18,0,24.610001,7
2026-09-22T01:05:00.815672+00:00,21:05,2026-09-21,GFS,2026-09-18,0,47.820000,7
2026-09-22T01:05:00.815672+00:00,21:05,2026-09-21,TSEM,2026-09-18,0,223.600006,7
2026-09-22T01:05:00.815672+00:00,21:05,2026-09-21,GSM,2026-09-18,0,4.180000,7
2026-09-22T01:05:00.815672+00:00,21:05,2026-09-21,ENTG,2026-09-18,0,142.250000,7
2026-09-22T01:05:00.815672+00:00,21:05,2026-09-21,MKSI,2026-09-18,0,252.080002,7
2026-09-22T01:05:00.815672+00:00,21:05,2026-09-21,LIN,2026-09-18,0,460.399994,7
2026-09-22T01:05:00.815672+00:00,21:05,2026-09-21,SHECY,2026-09-21,1,18.750000,7
2026-09-22T01:05:00.815672+00:00,21:05,2026-09-21,ASML,2026-09-18,0,1679.920044,7
2026-09-22T01:05:00.815672+00:00,21:05,2026-09-21,AMAT,2026-09-18,0,444.570007,7
2026-09-22T01:05:00.815672+00:00,21:05,2026-09-21,LRCX,2026-09-18,0,288.109985,7
2026-09-22T01:05:00.815672+00:00,21:05,2026-09-21,KLAC,2026-09-18,0,176.990005,7
2026-09-22T01:05:00.815672+00:00,21:05,2026-09-21,TER,2026-09-18,0,371.470001,7
2026-09-22T01:05:00.815672+00:00,21:05,2026-09-21,TOELY,2026-09-18,0,169.070007,7
2026-09-22T01:05:00.815672+00:00,21:05,2026-09-21,TSM,2026-09-18,0,434.670013,7
2026-09-22T01:05:00.815672+00:00,21:05,2026-09-21,INTC,2026-09-18,0,108.599998,7
2026-09-22T01:05:00.815672+00:00,21:05,2026-09-21,MU,2026-09-18,0,1015.799988,7
2026-09-22T01:05:00.815672+00:00,21:05,2026-09-21,SNDK,2026-09-18,0,1791.819946,7
2026-09-22T01:05:00.815672+00:00,21:05,2026-09-21,WDC,2026-09-18,0,441.359985,7
2026-09-22T01:05:00.815672+00:00,21:05,2026-09-21,ASX,2026-09-18,0,41.630001,7
2026-09-22T01:05:00.815672+00:00,21:05,2026-09-21,AMKR,2026-09-18,0,50.299999,7
2026-09-22T01:05:00.815672+00:00,21:05,2026-09-21,NVDA,2026-09-18,0,222.270004,7
2026-09-22T01:05:00.815672+00:00,21:05,2026-09-21,AVGO,2026-09-18,0,357.609985,7
2026-09-22T01:05:00.815672+00:00,21:05,2026-09-21,AMD,2026-09-18,0,559.820007,7
2026-09-22T01:05:00.815672+00:00,21:05,2026-09-21,QCOM,2026-09-18,0,177.720001,7
2026-09-22T01:05:00.815672+00:00,21:05,2026-09-21,ARM,2026-09-18,0,275.609985,7
2026-09-22T01:05:00.815672+00:00,21:05,2026-09-21,SNPS,2026-09-18,0,384.970001,7
2026-09-22T01:05:00.815672+00:00,21:05,2026-09-21,CDNS,2026-09-18,0,282.899994,7
2026-09-22T01:05:00.815672+00:00,21:05,2026-09-21,MSFT,2026-09-18,0,493.779999,7
2026-09-22T01:05:00.815672+00:00,21:05,2026-09-21,GOOGL,2026-09-18,0,349.540009,7
2026-09-22T01:05:00.815672+00:00,21:05,2026-09-21,META,2026-09-18,0,665.750000,7
2026-09-22T01:05:00.815672+00:00,21:05,2026-09-21,AMZN,2026-09-18,0,253.710007,7
2026-09-22T01:05:00.815672+00:00,21:05,2026-09-21,VRT,2026-09-18,0,249.389999,7
2026-09-22T01:05:00.815672+00:00,21:05,2026-09-21,SMH,2026-09-18,0,573.000000,7
2026-09-22T01:05:00.815672+00:00,21:05,2026-09-21,SOXX,2026-09-18,0,533.070007,7
2026-09-22T01:05:00.815672+00:00,21:05,2026-09-21,XSD,2026-09-18,0,506.660004,7
2026-09-22T01:35:00.777490+00:00,21:35,2026-09-21,UMC,2026-09-21,1,25.430000,7
2026-09-22T01:35:00.777490+00:00,21:35,2026-09-21,GFS,2026-09-21,1,48.570000,7
2026-09-22T01:35:00.777490+00:00,21:35,2026-09-21,TSEM,2026-09-21,1,233.820007,7
2026-09-22T01:35:00.777490+00:00,21:35,2026-09-21,GSM,2026-09-21,1,4.160000,7
2026-09-22T01:35:00.777490+00:00,21:35,2026-09-21,ENTG,2026-09-21,1,143.139999,7
2026-09-22T01:35:00.777490+00:00,21:35,2026-09-21,MKSI,2026-09-21,1,256.920013,7
2026-09-22T01:35:00.777490+00:00,21:35,2026-09-21,LIN,2026-09-21,1,457.500000,7
2026-09-22T01:35:00.777490+00:00,21:35,2026-09-21,SHECY,2026-09-21,1,18.750000,7
2026-09-22T01:35:00.777490+00:00,21:35,2026-09-21,ASML,2026-09-21,1,1711.319946,7
2026-09-22T01:35:00.777490+00:00,21:35,2026-09-21,AMAT,2026-09-21,1,464.239990,7
2026-09-22T01:35:00.777490+00:00,21:35,2026-09-21,LRCX,2026-09-21,1,302.279999,7
2026-09-22T01:35:00.777490+00:00,21:35,2026-09-21,KLAC,2026-09-21,1,183.970001,7
2026-09-22T01:35:00.777490+00:00,21:35,2026-09-21,TER,2026-09-21,1,381.540009,7
2026-09-22T01:35:00.777490+00:00,21:35,2026-09-21,TOELY,2026-09-18,0,169.070007,7
2026-09-22T01:35:00.777490+00:00,21:35,2026-09-21,TSM,2026-09-21,1,445.140015,7
2026-09-22T01:35:00.777490+00:00,21:35,2026-09-21,INTC,2026-09-21,1,121.779999,7
2026-09-22T01:35:00.777490+00:00,21:35,2026-09-21,MU,2026-09-21,1,1043.959961,7
2026-09-22T01:35:00.777490+00:00,21:35,2026-09-21,SNDK,2026-09-21,1,1766.640015,7
2026-09-22T01:35:00.777490+00:00,21:35,2026-09-21,WDC,2026-09-21,1,448.170013,7
2026-09-22T01:35:00.777490+00:00,21:35,2026-09-21,ASX,2026-09-21,1,43.730000,7
2026-09-22T01:35:00.777490+00:00,21:35,2026-09-21,AMKR,2026-09-21,1,52.189999,7
2026-09-22T01:35:00.777490+00:00,21:35,2026-09-21,NVDA,2026-09-21,1,227.380005,7
2026-09-22T01:35:00.777490+00:00,21:35,2026-09-21,AVGO,2026-09-21,1,362.660004,7
2026-09-22T01:35:00.777490+00:00,21:35,2026-09-21,AMD,2026-09-21,1,615.520020,7
2026-09-22T01:35:00.777490+00:00,21:35,2026-09-21,QCOM,2026-09-21,1,194.229996,7
2026-09-22T01:35:00.777490+00:00,21:35,2026-09-21,ARM,2026-09-21,1,322.899994,7
2026-09-22T01:35:00.777490+00:00,21:35,2026-09-21,SNPS,2026-09-21,1,401.850006,7
2026-09-22T01:35:00.777490+00:00,21:35,2026-09-21,CDNS,2026-09-21,1,294.899994,7
2026-09-22T01:35:00.777490+00:00,21:35,2026-09-21,MSFT,2026-09-21,1,501.609985,7
2026-09-22T01:35:00.777490+00:00,21:35,2026-09-21,GOOGL,2026-09-21,1,354.970001,7
2026-09-22T01:35:00.777490+00:00,21:35,2026-09-21,META,2026-09-21,1,741.250000,7
2026-09-22T01:35:00.777490+00:00,21:35,2026-09-21,AMZN,2026-09-21,1,258.450012,7
2026-09-22T01:35:00.777490+00:00,21:35,2026-09-21,VRT,2026-09-21,1,250.860001,7
2026-09-22T01:35:00.777490+00:00,21:35,2026-09-21,SMH,2026-09-21,1,596.030029,7
2026-09-22T01:35:00.777490+00:00,21:35,2026-09-21,SOXX,2026-09-21,1,559.340027,7
2026-09-22T01:35:00.777490+00:00,21:35,2026-09-21,XSD,2026-09-21,1,524.559998,7
2026-09-22T02:05:00.811968+00:00,22:05,2026-09-21,UMC,2026-09-21,1,25.430000,7
2026-09-22T02:05:00.811968+00:00,22:05,2026-09-21,GFS,2026-09-21,1,48.570000,7
2026-09-22T02:05:00.811968+00:00,22:05,2026-09-21,TSEM,2026-09-21,1,233.820007,7
2026-09-22T02:05:00.811968+00:00,22:05,2026-09-21,GSM,2026-09-21,1,4.160000,7
2026-09-22T02:05:00.811968+00:00,22:05,2026-09-21,ENTG,2026-09-21,1,143.139999,7
2026-09-22T02:05:00.811968+00:00,22:05,2026-09-21,MKSI,2026-09-21,1,256.920013,7
2026-09-22T02:05:00.811968+00:00,22:05,2026-09-21,LIN,2026-09-21,1,457.500000,7
2026-09-22T02:05:00.811968+00:00,22:05,2026-09-21,SHECY,2026-09-21,1,18.750000,7
2026-09-22T02:05:00.811968+00:00,22:05,2026-09-21,ASML,2026-09-21,1,1711.319946,7
2026-09-22T02:05:00.811968+00:00,22:05,2026-09-21,AMAT,2026-09-21,1,464.239990,7
2026-09-22T02:05:00.811968+00:00,22:05,2026-09-21,LRCX,2026-09-21,1,302.279999,7
2026-09-22T02:05:00.811968+00:00,22:05,2026-09-21,KLAC,2026-09-21,1,183.970001,7
2026-09-22T02:05:00.811968+00:00,22:05,2026-09-21,TER,2026-09-21,1,381.540009,7
2026-09-22T02:05:00.811968+00:00,22:05,2026-09-21,TOELY,2026-09-18,0,169.070007,7
2026-09-22T02:05:00.811968+00:00,22:05,2026-09-21,TSM,2026-09-21,1,445.140015,7
2026-09-22T02:05:00.811968+00:00,22:05,2026-09-21,INTC,2026-09-21,1,121.779999,7
2026-09-22T02:05:00.811968+00:00,22:05,2026-09-21,MU,2026-09-21,1,1043.959961,7
2026-09-22T02:05:00.811968+00:00,22:05,2026-09-21,SNDK,2026-09-21,1,1766.640015,7
2026-09-22T02:05:00.811968+00:00,22:05,2026-09-21,WDC,2026-09-21,1,448.170013,7
2026-09-22T02:05:00.811968+00:00,22:05,2026-09-21,ASX,2026-09-21,1,43.730000,7
2026-09-22T02:05:00.811968+00:00,22:05,2026-09-21,AMKR,2026-09-21,1,52.189999,7
2026-09-22T02:05:00.811968+00:00,22:05,2026-09-21,NVDA,2026-09-21,1,227.380005,7
2026-09-22T02:05:00.811968+00:00,22:05,2026-09-21,AVGO,2026-09-21,1,362.660004,7
2026-09-22T02:05:00.811968+00:00,22:05,2026-09-21,AMD,2026-09-21,1,615.520020,7
2026-09-22T02:05:00.811968+00:00,22:05,2026-09-21,QCOM,2026-09-21,1,194.229996,7
2026-09-22T02:05:00.811968+00:00,22:05,2026-09-21,ARM,2026-09-21,1,322.899994,7
2026-09-22T02:05:00.811968+00:00,22:05,2026-09-21,SNPS,2026-09-21,1,401.850006,7
2026-09-22T02:05:00.811968+00:00,22:05,2026-09-21,CDNS,2026-09-21,1,294.899994,7
2026-09-22T02:05:00.811968+00:00,22:05,2026-09-21,MSFT,2026-09-21,1,501.609985,7
2026-09-22T02:05:00.811968+00:00,22:05,2026-09-21,GOOGL,2026-09-21,1,354.970001,7
2026-09-22T02:05:00.811968+00:00,22:05,2026-09-21,META,2026-09-21,1,741.250000,7
2026-09-22T02:05:00.811968+00:00,22:05,2026-09-21,AMZN,2026-09-21,1,258.450012,7
2026-09-22T02:05:00.811968+00:00,22:05,2026-09-21,VRT,2026-09-21,1,250.860001,7
2026-09-22T02:05:00.811968+00:00,22:05,2026-09-21,SMH,2026-09-21,1,596.030029,7
2026-09-22T02:05:00.811968+00:00,22:05,2026-09-21,SOXX,2026-09-21,1,559.340027,7
2026-09-22T02:05:00.811968+00:00,22:05,2026-09-21,XSD,2026-09-21,1,524.559998,7
2026-09-22T02:35:00.787668+00:00,22:35,2026-09-21,UMC,2026-09-21,1,25.430000,7
2026-09-22T02:35:00.787668+00:00,22:35,2026-09-21,GFS,2026-09-21,1,48.570000,7
2026-09-22T02:35:00.787668+00:00,22:35,2026-09-21,TSEM,2026-09-21,1,233.820007,7
2026-09-22T02:35:00.787668+00:00,22:35,2026-09-21,GSM,2026-09-21,1,4.160000,7
2026-09-22T02:35:00.787668+00:00,22:35,2026-09-21,ENTG,2026-09-21,1,143.139999,7
2026-09-22T02:35:00.787668+00:00,22:35,2026-09-21,MKSI,2026-09-21,1,256.920013,7
2026-09-22T02:35:00.787668+00:00,22:35,2026-09-21,LIN,2026-09-21,1,457.500000,7
2026-09-22T02:35:00.787668+00:00,22:35,2026-09-21,SHECY,2026-09-21,1,18.750000,7
2026-09-22T02:35:00.787668+00:00,22:35,2026-09-21,ASML,2026-09-21,1,1711.319946,7
2026-09-22T02:35:00.787668+00:00,22:35,2026-09-21,AMAT,2026-09-21,1,464.239990,7
2026-09-22T02:35:00.787668+00:00,22:35,2026-09-21,LRCX,2026-09-21,1,302.279999,7
2026-09-22T02:35:00.787668+00:00,22:35,2026-09-21,KLAC,2026-09-21,1,183.970001,7
2026-09-22T02:35:00.787668+00:00,22:35,2026-09-21,TER,2026-09-21,1,381.540009,7
2026-09-22T02:35:00.787668+00:00,22:35,2026-09-21,TOELY,2026-09-18,0,169.070007,7
2026-09-22T02:35:00.787668+00:00,22:35,2026-09-21,TSM,2026-09-21,1,445.140015,7
2026-09-22T02:35:00.787668+00:00,22:35,2026-09-21,INTC,2026-09-21,1,121.779999,7
2026-09-22T02:35:00.787668+00:00,22:35,2026-09-21,MU,2026-09-21,1,1043.959961,7
2026-09-22T02:35:00.787668+00:00,22:35,2026-09-21,SNDK,2026-09-21,1,1766.640015,7
2026-09-22T02:35:00.787668+00:00,22:35,2026-09-21,WDC,2026-09-21,1,448.170013,7
2026-09-22T02:35:00.787668+00:00,22:35,2026-09-21,ASX,2026-09-21,1,43.730000,7
2026-09-22T02:35:00.787668+00:00,22:35,2026-09-21,AMKR,2026-09-21,1,52.189999,7
2026-09-22T02:35:00.787668+00:00,22:35,2026-09-21,NVDA,2026-09-21,1,227.380005,7
2026-09-22T02:35:00.787668+00:00,22:35,2026-09-21,AVGO,2026-09-21,1,362.660004,7
2026-09-22T02:35:00.787668+00:00,22:35,2026-09-21,AMD,2026-09-21,1,615.520020,7
2026-09-22T02:35:00.787668+00:00,22:35,2026-09-21,QCOM,2026-09-21,1,194.229996,7
2026-09-22T02:35:00.787668+00:00,22:35,2026-09-21,ARM,2026-09-21,1,322.899994,7
2026-09-22T02:35:00.787668+00:00,22:35,2026-09-21,SNPS,2026-09-21,1,401.850006,7
2026-09-22T02:35:00.787668+00:00,22:35,2026-09-21,CDNS,2026-09-21,1,294.899994,7
2026-09-22T02:35:00.787668+00:00,22:35,2026-09-21,MSFT,2026-09-21,1,501.609985,7
2026-09-22T02:35:00.787668+00:00,22:35,2026-09-21,GOOGL,2026-09-21,1,354.970001,7
2026-09-22T02:35:00.787668+00:00,22:35,2026-09-21,META,2026-09-21,1,741.250000,7
2026-09-22T02:35:00.787668+00:00,22:35,2026-09-21,AMZN,2026-09-21,1,258.450012,7
2026-09-22T02:35:00.787668+00:00,22:35,2026-09-21,VRT,2026-09-21,1,250.860001,7
2026-09-22T02:35:00.787668+00:00,22:35,2026-09-21,SMH,2026-09-21,1,596.030029,7
2026-09-22T02:35:00.787668+00:00,22:35,2026-09-21,SOXX,2026-09-21,1,559.340027,7
2026-09-22T02:35:00.787668+00:00,22:35,2026-09-21,XSD,2026-09-21,1,524.559998,7
2026-09-22T03:05:00.784269+00:00,23:05,2026-09-21,UMC,2026-09-21,1,25.430000,7
2026-09-22T03:05:00.784269+00:00,23:05,2026-09-21,GFS,2026-09-21,1,48.570000,7
2026-09-22T03:05:00.784269+00:00,23:05,2026-09-21,TSEM,2026-09-21,1,233.820007,7
2026-09-22T03:05:00.784269+00:00,23:05,2026-09-21,GSM,2026-09-21,1,4.160000,7
2026-09-22T03:05:00.784269+00:00,23:05,2026-09-21,ENTG,2026-09-21,1,143.139999,7
2026-09-22T03:05:00.784269+00:00,23:05,2026-09-21,MKSI,2026-09-21,1,256.920013,7
2026-09-22T03:05:00.784269+00:00,23:05,2026-09-21,LIN,2026-09-21,1,457.500000,7
2026-09-22T03:05:00.784269+00:00,23:05,2026-09-21,SHECY,2026-09-21,1,18.750000,7
2026-09-22T03:05:00.784269+00:00,23:05,2026-09-21,ASML,2026-09-21,1,1711.319946,7
2026-09-22T03:05:00.784269+00:00,23:05,2026-09-21,AMAT,2026-09-21,1,464.239990,7
2026-09-22T03:05:00.784269+00:00,23:05,2026-09-21,LRCX,2026-09-21,1,302.279999,7
2026-09-22T03:05:00.784269+00:00,23:05,2026-09-21,KLAC,2026-09-21,1,183.970001,7
2026-09-22T03:05:00.784269+00:00,23:05,2026-09-21,TER,2026-09-21,1,381.540009,7
2026-09-22T03:05:00.784269+00:00,23:05,2026-09-21,TOELY,2026-09-18,0,169.070007,7
2026-09-22T03:05:00.784269+00:00,23:05,2026-09-21,TSM,2026-09-21,1,445.140015,7
2026-09-22T03:05:00.784269+00:00,23:05,2026-09-21,INTC,2026-09-21,1,121.779999,7
2026-09-22T03:05:00.784269+00:00,23:05,2026-09-21,MU,2026-09-21,1,1043.959961,7
2026-09-22T03:05:00.784269+00:00,23:05,2026-09-21,SNDK,2026-09-21,1,1766.640015,7
2026-09-22T03:05:00.784269+00:00,23:05,2026-09-21,WDC,2026-09-21,1,448.170013,7
2026-09-22T03:05:00.784269+00:00,23:05,2026-09-21,ASX,2026-09-21,1,43.730000,7
2026-09-22T03:05:00.784269+00:00,23:05,2026-09-21,AMKR,2026-09-21,1,52.189999,7
2026-09-22T03:05:00.784269+00:00,23:05,2026-09-21,NVDA,2026-09-21,1,227.380005,7
2026-09-22T03:05:00.784269+00:00,23:05,2026-09-21,AVGO,2026-09-21,1,362.660004,7
2026-09-22T03:05:00.784269+00:00,23:05,2026-09-21,AMD,2026-09-21,1,615.520020,7
2026-09-22T03:05:00.784269+00:00,23:05,2026-09-21,QCOM,2026-09-21,1,194.229996,7
2026-09-22T03:05:00.784269+00:00,23:05,2026-09-21,ARM,2026-09-21,1,322.899994,7
2026-09-22T03:05:00.784269+00:00,23:05,2026-09-21,SNPS,2026-09-21,1,401.850006,7
2026-09-22T03:05:00.784269+00:00,23:05,2026-09-21,CDNS,2026-09-21,1,294.899994,7
2026-09-22T03:05:00.784269+00:00,23:05,2026-09-21,MSFT,2026-09-21,1,501.609985,7
2026-09-22T03:05:00.784269+00:00,23:05,2026-09-21,GOOGL,2026-09-21,1,354.970001,7
2026-09-22T03:05:00.784269+00:00,23:05,2026-09-21,META,2026-09-21,1,741.250000,7
2026-09-22T03:05:00.784269+00:00,23:05,2026-09-21,AMZN,2026-09-21,1,258.450012,7
2026-09-22T03:05:00.784269+00:00,23:05,2026-09-21,VRT,2026-09-21,1,250.860001,7
2026-09-22T03:05:00.784269+00:00,23:05,2026-09-21,SMH,2026-09-21,1,596.030029,7
2026-09-22T03:05:00.784269+00:00,23:05,2026-09-21,SOXX,2026-09-21,1,559.340027,7
2026-09-22T03:05:00.784269+00:00,23:05,2026-09-21,XSD,2026-09-21,1,524.559998,7
2026-09-22T03:35:01.047725+00:00,23:35,2026-09-21,UMC,2026-09-21,1,25.430000,7
2026-09-22T03:35:01.047725+00:00,23:35,2026-09-21,GFS,2026-09-21,1,48.570000,7
2026-09-22T03:35:01.047725+00:00,23:35,2026-09-21,TSEM,2026-09-21,1,233.820007,7
2026-09-22T03:35:01.047725+00:00,23:35,2026-09-21,GSM,2026-09-21,1,4.160000,7
2026-09-22T03:35:01.047725+00:00,23:35,2026-09-21,ENTG,2026-09-21,1,143.139999,7
2026-09-22T03:35:01.047725+00:00,23:35,2026-09-21,MKSI,2026-09-21,1,256.920013,7
2026-09-22T03:35:01.047725+00:00,23:35,2026-09-21,LIN,2026-09-21,1,457.500000,7
2026-09-22T03:35:01.047725+00:00,23:35,2026-09-21,SHECY,2026-09-21,1,18.780001,7
2026-09-22T03:35:01.047725+00:00,23:35,2026-09-21,ASML,2026-09-21,1,1711.319946,7
2026-09-22T03:35:01.047725+00:00,23:35,2026-09-21,AMAT,2026-09-21,1,464.239990,7
2026-09-22T03:35:01.047725+00:00,23:35,2026-09-21,LRCX,2026-09-21,1,302.279999,7
2026-09-22T03:35:01.047725+00:00,23:35,2026-09-21,KLAC,2026-09-21,1,183.970001,7
2026-09-22T03:35:01.047725+00:00,23:35,2026-09-21,TER,2026-09-21,1,381.540009,7
2026-09-22T03:35:01.047725+00:00,23:35,2026-09-21,TOELY,2026-09-21,1,175.949997,7
2026-09-22T03:35:01.047725+00:00,23:35,2026-09-21,TSM,2026-09-21,1,445.140015,7
2026-09-22T03:35:01.047725+00:00,23:35,2026-09-21,INTC,2026-09-21,1,121.779999,7
2026-09-22T03:35:01.047725+00:00,23:35,2026-09-21,MU,2026-09-21,1,1043.959961,7
2026-09-22T03:35:01.047725+00:00,23:35,2026-09-21,SNDK,2026-09-21,1,1766.640015,7
2026-09-22T03:35:01.047725+00:00,23:35,2026-09-21,WDC,2026-09-21,1,448.170013,7
2026-09-22T03:35:01.047725+00:00,23:35,2026-09-21,ASX,2026-09-21,1,43.730000,7
2026-09-22T03:35:01.047725+00:00,23:35,2026-09-21,AMKR,2026-09-21,1,52.189999,7
2026-09-22T03:35:01.047725+00:00,23:35,2026-09-21,NVDA,2026-09-21,1,227.380005,7
2026-09-22T03:35:01.047725+00:00,23:35,2026-09-21,AVGO,2026-09-21,1,362.660004,7
2026-09-22T03:35:01.047725+00:00,23:35,2026-09-21,AMD,2026-09-21,1,615.520020,7
2026-09-22T03:35:01.047725+00:00,23:35,2026-09-21,QCOM,2026-09-21,1,194.229996,7
2026-09-22T03:35:01.047725+00:00,23:35,2026-09-21,ARM,2026-09-21,1,322.899994,7
2026-09-22T03:35:01.047725+00:00,23:35,2026-09-21,SNPS,2026-09-21,1,401.850006,7
2026-09-22T03:35:01.047725+00:00,23:35,2026-09-21,CDNS,2026-09-21,1,294.899994,7
2026-09-22T03:35:01.047725+00:00,23:35,2026-09-21,MSFT,2026-09-21,1,501.609985,7
2026-09-22T03:35:01.047725+00:00,23:35,2026-09-21,GOOGL,2026-09-21,1,354.970001,7
2026-09-22T03:35:01.047725+00:00,23:35,2026-09-21,META,2026-09-21,1,741.250000,7
2026-09-22T03:35:01.047725+00:00,23:35,2026-09-21,AMZN,2026-09-21,1,258.450012,7
2026-09-22T03:35:01.047725+00:00,23:35,2026-09-21,VRT,2026-09-21,1,250.860001,7
2026-09-22T03:35:01.047725+00:00,23:35,2026-09-21,SMH,2026-09-21,1,596.030029,7
2026-09-22T03:35:01.047725+00:00,23:35,2026-09-21,SOXX,2026-09-21,1,559.340027,7
2026-09-22T03:35:01.047725+00:00,23:35,2026-09-21,XSD,2026-09-21,1,524.559998,7
2026-09-23T00:05:00.832364+00:00,20:05,2026-09-22,UMC,2026-09-21,0,25.430000,7
2026-09-23T00:05:00.832364+00:00,20:05,2026-09-22,GFS,2026-09-21,0,48.570000,7
2026-09-23T00:05:00.832364+00:00,20:05,2026-09-22,TSEM,2026-09-21,0,233.820007,7
2026-09-23T00:05:00.832364+00:00,20:05,2026-09-22,GSM,2026-09-21,0,4.160000,7
2026-09-23T00:05:00.832364+00:00,20:05,2026-09-22,ENTG,2026-09-21,0,143.139999,7
2026-09-23T00:05:00.832364+00:00,20:05,2026-09-22,MKSI,2026-09-21,0,256.920013,7
2026-09-23T00:05:00.832364+00:00,20:05,2026-09-22,LIN,2026-09-21,0,457.500000,7
2026-09-23T00:05:00.832364+00:00,20:05,2026-09-22,SHECY,2026-09-22,1,18.860001,7
2026-09-23T00:05:00.832364+00:00,20:05,2026-09-22,ASML,2026-09-21,0,1711.319946,7
2026-09-23T00:05:00.832364+00:00,20:05,2026-09-22,AMAT,2026-09-21,0,464.239990,7
2026-09-23T00:05:00.832364+00:00,20:05,2026-09-22,LRCX,2026-09-21,0,302.279999,7
2026-09-23T00:05:00.832364+00:00,20:05,2026-09-22,KLAC,2026-09-21,0,183.970001,7
2026-09-23T00:05:00.832364+00:00,20:05,2026-09-22,TER,2026-09-21,0,381.540009,7
2026-09-23T00:05:00.832364+00:00,20:05,2026-09-22,TOELY,2026-09-21,0,175.949997,7
2026-09-23T00:05:00.832364+00:00,20:05,2026-09-22,TSM,2026-09-21,0,445.140015,7
2026-09-23T00:05:00.832364+00:00,20:05,2026-09-22,INTC,2026-09-21,0,121.779999,7
2026-09-23T00:05:00.832364+00:00,20:05,2026-09-22,MU,2026-09-21,0,1043.959961,7
2026-09-23T00:05:00.832364+00:00,20:05,2026-09-22,SNDK,2026-09-21,0,1766.640015,7
2026-09-23T00:05:00.832364+00:00,20:05,2026-09-22,WDC,2026-09-21,0,448.170013,7
2026-09-23T00:05:00.832364+00:00,20:05,2026-09-22,ASX,2026-09-21,0,43.730000,7
2026-09-23T00:05:00.832364+00:00,20:05,2026-09-22,AMKR,2026-09-21,0,52.189999,7
2026-09-23T00:05:00.832364+00:00,20:05,2026-09-22,NVDA,2026-09-21,0,227.380005,7
2026-09-23T00:05:00.832364+00:00,20:05,2026-09-22,AVGO,2026-09-21,0,362.660004,7
2026-09-23T00:05:00.832364+00:00,20:05,2026-09-22,AMD,2026-09-21,0,615.520020,7
2026-09-23T00:05:00.832364+00:00,20:05,2026-09-22,QCOM,2026-09-21,0,194.229996,7
2026-09-23T00:05:00.832364+00:00,20:05,2026-09-22,ARM,2026-09-21,0,322.899994,7
2026-09-23T00:05:00.832364+00:00,20:05,2026-09-22,SNPS,2026-09-21,0,401.850006,7
2026-09-23T00:05:00.832364+00:00,20:05,2026-09-22,CDNS,2026-09-21,0,294.899994,7
2026-09-23T00:05:00.832364+00:00,20:05,2026-09-22,MSFT,2026-09-21,0,501.609985,7
2026-09-23T00:05:00.832364+00:00,20:05,2026-09-22,GOOGL,2026-09-21,0,354.970001,7
2026-09-23T00:05:00.832364+00:00,20:05,2026-09-22,META,2026-09-21,0,741.250000,7
2026-09-23T00:05:00.832364+00:00,20:05,2026-09-22,AMZN,2026-09-21,0,258.450012,7
2026-09-23T00:05:00.832364+00:00,20:05,2026-09-22,VRT,2026-09-21,0,250.860001,7
2026-09-23T00:05:00.832364+00:00,20:05,2026-09-22,SMH,2026-09-21,0,596.030029,7
2026-09-23T00:05:00.832364+00:00,20:05,2026-09-22,SOXX,2026-09-21,0,559.340027,7
2026-09-23T00:05:00.832364+00:00,20:05,2026-09-22,XSD,2026-09-21,0,524.559998,7
2026-09-23T00:35:00.781015+00:00,20:35,2026-09-22,UMC,2026-09-21,0,25.430000,7
2026-09-23T00:35:00.781015+00:00,20:35,2026-09-22,GFS,2026-09-21,0,48.570000,7
2026-09-23T00:35:00.781015+00:00,20:35,2026-09-22,TSEM,2026-09-21,0,233.820007,7
2026-09-23T00:35:00.781015+00:00,20:35,2026-09-22,GSM,2026-09-21,0,4.160000,7
2026-09-23T00:35:00.781015+00:00,20:35,2026-09-22,ENTG,2026-09-21,0,143.139999,7
2026-09-23T00:35:00.781015+00:00,20:35,2026-09-22,MKSI,2026-09-21,0,256.920013,7
2026-09-23T00:35:00.781015+00:00,20:35,2026-09-22,LIN,2026-09-21,0,457.500000,7
2026-09-23T00:35:00.781015+00:00,20:35,2026-09-22,SHECY,2026-09-22,1,18.860001,7
2026-09-23T00:35:00.781015+00:00,20:35,2026-09-22,ASML,2026-09-21,0,1711.319946,7
2026-09-23T00:35:00.781015+00:00,20:35,2026-09-22,AMAT,2026-09-21,0,464.239990,7
2026-09-23T00:35:00.781015+00:00,20:35,2026-09-22,LRCX,2026-09-21,0,302.279999,7
2026-09-23T00:35:00.781015+00:00,20:35,2026-09-22,KLAC,2026-09-21,0,183.970001,7
2026-09-23T00:35:00.781015+00:00,20:35,2026-09-22,TER,2026-09-21,0,381.540009,7
2026-09-23T00:35:00.781015+00:00,20:35,2026-09-22,TOELY,2026-09-21,0,175.949997,7
2026-09-23T00:35:00.781015+00:00,20:35,2026-09-22,TSM,2026-09-21,0,445.140015,7
2026-09-23T00:35:00.781015+00:00,20:35,2026-09-22,INTC,2026-09-21,0,121.779999,7
2026-09-23T00:35:00.781015+00:00,20:35,2026-09-22,MU,2026-09-21,0,1043.959961,7
2026-09-23T00:35:00.781015+00:00,20:35,2026-09-22,SNDK,2026-09-21,0,1766.640015,7
2026-09-23T00:35:00.781015+00:00,20:35,2026-09-22,WDC,2026-09-21,0,448.170013,7
2026-09-23T00:35:00.781015+00:00,20:35,2026-09-22,ASX,2026-09-21,0,43.730000,7
2026-09-23T00:35:00.781015+00:00,20:35,2026-09-22,AMKR,2026-09-21,0,52.189999,7
2026-09-23T00:35:00.781015+00:00,20:35,2026-09-22,NVDA,2026-09-21,0,227.380005,7
2026-09-23T00:35:00.781015+00:00,20:35,2026-09-22,AVGO,2026-09-21,0,362.660004,7
2026-09-23T00:35:00.781015+00:00,20:35,2026-09-22,AMD,2026-09-21,0,615.520020,7
2026-09-23T00:35:00.781015+00:00,20:35,2026-09-22,QCOM,2026-09-21,0,194.229996,7
2026-09-23T00:35:00.781015+00:00,20:35,2026-09-22,ARM,2026-09-21,0,322.899994,7
2026-09-23T00:35:00.781015+00:00,20:35,2026-09-22,SNPS,2026-09-21,0,401.850006,7
2026-09-23T00:35:00.781015+00:00,20:35,2026-09-22,CDNS,2026-09-21,0,294.899994,7
2026-09-23T00:35:00.781015+00:00,20:35,2026-09-22,MSFT,2026-09-21,0,501.609985,7
2026-09-23T00:35:00.781015+00:00,20:35,2026-09-22,GOOGL,2026-09-21,0,354.970001,7
2026-09-23T00:35:00.781015+00:00,20:35,2026-09-22,META,2026-09-21,0,741.250000,7
2026-09-23T00:35:00.781015+00:00,20:35,2026-09-22,AMZN,2026-09-21,0,258.450012,7
2026-09-23T00:35:00.781015+00:00,20:35,2026-09-22,VRT,2026-09-21,0,250.860001,7
2026-09-23T00:35:00.781015+00:00,20:35,2026-09-22,SMH,2026-09-21,0,596.030029,7
2026-09-23T00:35:00.781015+00:00,20:35,2026-09-22,SOXX,2026-09-21,0,559.340027,7
2026-09-23T00:35:00.781015+00:00,20:35,2026-09-22,XSD,2026-09-21,0,524.559998,7
2026-09-23T01:05:00.798640+00:00,21:05,2026-09-22,UMC,2026-09-21,0,25.430000,7
2026-09-23T01:05:00.798640+00:00,21:05,2026-09-22,GFS,2026-09-21,0,48.570000,7
2026-09-23T01:05:00.798640+00:00,21:05,2026-09-22,TSEM,2026-09-21,0,233.820007,7
2026-09-23T01:05:00.798640+00:00,21:05,2026-09-22,GSM,2026-09-21,0,4.160000,7
2026-09-23T01:05:00.798640+00:00,21:05,2026-09-22,ENTG,2026-09-21,0,143.139999,7
2026-09-23T01:05:00.798640+00:00,21:05,2026-09-22,MKSI,2026-09-21,0,256.920013,7
2026-09-23T01:05:00.798640+00:00,21:05,2026-09-22,LIN,2026-09-21,0,457.500000,7
2026-09-23T01:05:00.798640+00:00,21:05,2026-09-22,SHECY,2026-09-22,1,18.860001,7
2026-09-23T01:05:00.798640+00:00,21:05,2026-09-22,ASML,2026-09-21,0,1711.319946,7
2026-09-23T01:05:00.798640+00:00,21:05,2026-09-22,AMAT,2026-09-21,0,464.239990,7
2026-09-23T01:05:00.798640+00:00,21:05,2026-09-22,LRCX,2026-09-21,0,302.279999,7
2026-09-23T01:05:00.798640+00:00,21:05,2026-09-22,KLAC,2026-09-21,0,183.970001,7
2026-09-23T01:05:00.798640+00:00,21:05,2026-09-22,TER,2026-09-21,0,381.540009,7
2026-09-23T01:05:00.798640+00:00,21:05,2026-09-22,TOELY,2026-09-21,0,175.949997,7
2026-09-23T01:05:00.798640+00:00,21:05,2026-09-22,TSM,2026-09-21,0,445.140015,7
2026-09-23T01:05:00.798640+00:00,21:05,2026-09-22,INTC,2026-09-21,0,121.779999,7
2026-09-23T01:05:00.798640+00:00,21:05,2026-09-22,MU,2026-09-21,0,1043.959961,7
2026-09-23T01:05:00.798640+00:00,21:05,2026-09-22,SNDK,2026-09-21,0,1766.640015,7
2026-09-23T01:05:00.798640+00:00,21:05,2026-09-22,WDC,2026-09-21,0,448.170013,7
2026-09-23T01:05:00.798640+00:00,21:05,2026-09-22,ASX,2026-09-21,0,43.730000,7
2026-09-23T01:05:00.798640+00:00,21:05,2026-09-22,AMKR,2026-09-21,0,52.189999,7
2026-09-23T01:05:00.798640+00:00,21:05,2026-09-22,NVDA,2026-09-21,0,227.380005,7
2026-09-23T01:05:00.798640+00:00,21:05,2026-09-22,AVGO,2026-09-21,0,362.660004,7
2026-09-23T01:05:00.798640+00:00,21:05,2026-09-22,AMD,2026-09-21,0,615.520020,7
2026-09-23T01:05:00.798640+00:00,21:05,2026-09-22,QCOM,2026-09-21,0,194.229996,7
2026-09-23T01:05:00.798640+00:00,21:05,2026-09-22,ARM,2026-09-21,0,322.899994,7
2026-09-23T01:05:00.798640+00:00,21:05,2026-09-22,SNPS,2026-09-21,0,401.850006,7
2026-09-23T01:05:00.798640+00:00,21:05,2026-09-22,CDNS,2026-09-21,0,294.899994,7
2026-09-23T01:05:00.798640+00:00,21:05,2026-09-22,MSFT,2026-09-21,0,501.609985,7
2026-09-23T01:05:00.798640+00:00,21:05,2026-09-22,GOOGL,2026-09-21,0,354.970001,7
2026-09-23T01:05:00.798640+00:00,21:05,2026-09-22,META,2026-09-21,0,741.250000,7
2026-09-23T01:05:00.798640+00:00,21:05,2026-09-22,AMZN,2026-09-21,0,258.450012,7
2026-09-23T01:05:00.798640+00:00,21:05,2026-09-22,VRT,2026-09-21,0,250.860001,7
2026-09-23T01:05:00.798640+00:00,21:05,2026-09-22,SMH,2026-09-21,0,596.030029,7
2026-09-23T01:05:00.798640+00:00,21:05,2026-09-22,SOXX,2026-09-21,0,559.340027,7
2026-09-23T01:05:00.798640+00:00,21:05,2026-09-22,XSD,2026-09-21,0,524.559998,7
2026-09-23T01:35:00.784798+00:00,21:35,2026-09-22,UMC,2026-09-21,0,25.430000,7
2026-09-23T01:35:00.784798+00:00,21:35,2026-09-22,GFS,2026-09-21,0,48.570000,7
2026-09-23T01:35:00.784798+00:00,21:35,2026-09-22,TSEM,2026-09-21,0,233.820007,7
2026-09-23T01:35:00.784798+00:00,21:35,2026-09-22,GSM,2026-09-21,0,4.160000,7
2026-09-23T01:35:00.784798+00:00,21:35,2026-09-22,ENTG,2026-09-21,0,143.139999,7
2026-09-23T01:35:00.784798+00:00,21:35,2026-09-22,MKSI,2026-09-21,0,256.920013,7
2026-09-23T01:35:00.784798+00:00,21:35,2026-09-22,LIN,2026-09-21,0,457.500000,7
2026-09-23T01:35:00.784798+00:00,21:35,2026-09-22,SHECY,2026-09-22,1,18.860001,7
2026-09-23T01:35:00.784798+00:00,21:35,2026-09-22,ASML,2026-09-21,0,1711.319946,7
2026-09-23T01:35:00.784798+00:00,21:35,2026-09-22,AMAT,2026-09-21,0,464.239990,7
2026-09-23T01:35:00.784798+00:00,21:35,2026-09-22,LRCX,2026-09-21,0,302.279999,7
2026-09-23T01:35:00.784798+00:00,21:35,2026-09-22,KLAC,2026-09-21,0,183.970001,7
2026-09-23T01:35:00.784798+00:00,21:35,2026-09-22,TER,2026-09-21,0,381.540009,7
2026-09-23T01:35:00.784798+00:00,21:35,2026-09-22,TOELY,2026-09-21,0,175.949997,7
2026-09-23T01:35:00.784798+00:00,21:35,2026-09-22,TSM,2026-09-21,0,445.140015,7
2026-09-23T01:35:00.784798+00:00,21:35,2026-09-22,INTC,2026-09-21,0,121.779999,7
2026-09-23T01:35:00.784798+00:00,21:35,2026-09-22,MU,2026-09-21,0,1043.959961,7
2026-09-23T01:35:00.784798+00:00,21:35,2026-09-22,SNDK,2026-09-21,0,1766.640015,7
2026-09-23T01:35:00.784798+00:00,21:35,2026-09-22,WDC,2026-09-21,0,448.170013,7
2026-09-23T01:35:00.784798+00:00,21:35,2026-09-22,ASX,2026-09-21,0,43.730000,7
2026-09-23T01:35:00.784798+00:00,21:35,2026-09-22,AMKR,2026-09-21,0,52.189999,7
2026-09-23T01:35:00.784798+00:00,21:35,2026-09-22,NVDA,2026-09-21,0,227.380005,7
2026-09-23T01:35:00.784798+00:00,21:35,2026-09-22,AVGO,2026-09-21,0,362.660004,7
2026-09-23T01:35:00.784798+00:00,21:35,2026-09-22,AMD,2026-09-21,0,615.520020,7
2026-09-23T01:35:00.784798+00:00,21:35,2026-09-22,QCOM,2026-09-21,0,194.229996,7
2026-09-23T01:35:00.784798+00:00,21:35,2026-09-22,ARM,2026-09-21,0,322.899994,7
2026-09-23T01:35:00.784798+00:00,21:35,2026-09-22,SNPS,2026-09-21,0,401.850006,7
2026-09-23T01:35:00.784798+00:00,21:35,2026-09-22,CDNS,2026-09-21,0,294.899994,7
2026-09-23T01:35:00.784798+00:00,21:35,2026-09-22,MSFT,2026-09-21,0,501.609985,7
2026-09-23T01:35:00.784798+00:00,21:35,2026-09-22,GOOGL,2026-09-21,0,354.970001,7
2026-09-23T01:35:00.784798+00:00,21:35,2026-09-22,META,2026-09-21,0,741.250000,7
2026-09-23T01:35:00.784798+00:00,21:35,2026-09-22,AMZN,2026-09-21,0,258.450012,7
2026-09-23T01:35:00.784798+00:00,21:35,2026-09-22,VRT,2026-09-21,0,250.860001,7
2026-09-23T01:35:00.784798+00:00,21:35,2026-09-22,SMH,2026-09-21,0,596.030029,7
2026-09-23T01:35:00.784798+00:00,21:35,2026-09-22,SOXX,2026-09-21,0,559.340027,7
2026-09-23T01:35:00.784798+00:00,21:35,2026-09-22,XSD,2026-09-21,0,524.559998,7
2026-09-23T02:05:00.782565+00:00,22:05,2026-09-22,UMC,2026-09-21,0,25.430000,7
2026-09-23T02:05:00.782565+00:00,22:05,2026-09-22,GFS,2026-09-21,0,48.570000,7
2026-09-23T02:05:00.782565+00:00,22:05,2026-09-22,TSEM,2026-09-21,0,233.820007,7
2026-09-23T02:05:00.782565+00:00,22:05,2026-09-22,GSM,2026-09-21,0,4.160000,7
2026-09-23T02:05:00.782565+00:00,22:05,2026-09-22,ENTG,2026-09-21,0,143.139999,7
2026-09-23T02:05:00.782565+00:00,22:05,2026-09-22,MKSI,2026-09-21,0,256.920013,7
2026-09-23T02:05:00.782565+00:00,22:05,2026-09-22,LIN,2026-09-21,0,457.500000,7
2026-09-23T02:05:00.782565+00:00,22:05,2026-09-22,SHECY,2026-09-22,1,18.860001,7
2026-09-23T02:05:00.782565+00:00,22:05,2026-09-22,ASML,2026-09-21,0,1711.319946,7
2026-09-23T02:05:00.782565+00:00,22:05,2026-09-22,AMAT,2026-09-21,0,464.239990,7
2026-09-23T02:05:00.782565+00:00,22:05,2026-09-22,LRCX,2026-09-21,0,302.279999,7
2026-09-23T02:05:00.782565+00:00,22:05,2026-09-22,KLAC,2026-09-21,0,183.970001,7
2026-09-23T02:05:00.782565+00:00,22:05,2026-09-22,TER,2026-09-21,0,381.540009,7
2026-09-23T02:05:00.782565+00:00,22:05,2026-09-22,TOELY,2026-09-21,0,175.949997,7
2026-09-23T02:05:00.782565+00:00,22:05,2026-09-22,TSM,2026-09-21,0,445.140015,7
2026-09-23T02:05:00.782565+00:00,22:05,2026-09-22,INTC,2026-09-21,0,121.779999,7
2026-09-23T02:05:00.782565+00:00,22:05,2026-09-22,MU,2026-09-21,0,1043.959961,7
2026-09-23T02:05:00.782565+00:00,22:05,2026-09-22,SNDK,2026-09-21,0,1766.640015,7
2026-09-23T02:05:00.782565+00:00,22:05,2026-09-22,WDC,2026-09-21,0,448.170013,7
2026-09-23T02:05:00.782565+00:00,22:05,2026-09-22,ASX,2026-09-21,0,43.730000,7
2026-09-23T02:05:00.782565+00:00,22:05,2026-09-22,AMKR,2026-09-21,0,52.189999,7
2026-09-23T02:05:00.782565+00:00,22:05,2026-09-22,NVDA,2026-09-21,0,227.380005,7
2026-09-23T02:05:00.782565+00:00,22:05,2026-09-22,AVGO,2026-09-21,0,362.660004,7
2026-09-23T02:05:00.782565+00:00,22:05,2026-09-22,AMD,2026-09-21,0,615.520020,7
2026-09-23T02:05:00.782565+00:00,22:05,2026-09-22,QCOM,2026-09-21,0,194.229996,7
2026-09-23T02:05:00.782565+00:00,22:05,2026-09-22,ARM,2026-09-21,0,322.899994,7
2026-09-23T02:05:00.782565+00:00,22:05,2026-09-22,SNPS,2026-09-21,0,401.850006,7
2026-09-23T02:05:00.782565+00:00,22:05,2026-09-22,CDNS,2026-09-21,0,294.899994,7
2026-09-23T02:05:00.782565+00:00,22:05,2026-09-22,MSFT,2026-09-21,0,501.609985,7
2026-09-23T02:05:00.782565+00:00,22:05,2026-09-22,GOOGL,2026-09-21,0,354.970001,7
2026-09-23T02:05:00.782565+00:00,22:05,2026-09-22,META,2026-09-21,0,741.250000,7
2026-09-23T02:05:00.782565+00:00,22:05,2026-09-22,AMZN,2026-09-21,0,258.450012,7
2026-09-23T02:05:00.782565+00:00,22:05,2026-09-22,VRT,2026-09-21,0,250.860001,7
2026-09-23T02:05:00.782565+00:00,22:05,2026-09-22,SMH,2026-09-21,0,596.030029,7
2026-09-23T02:05:00.782565+00:00,22:05,2026-09-22,SOXX,2026-09-21,0,559.340027,7
2026-09-23T02:05:00.782565+00:00,22:05,2026-09-22,XSD,2026-09-21,0,524.559998,7
2026-09-23T02:35:00.786244+00:00,22:35,2026-09-22,UMC,2026-09-21,0,25.430000,7
2026-09-23T02:35:00.786244+00:00,22:35,2026-09-22,GFS,2026-09-21,0,48.570000,7
2026-09-23T02:35:00.786244+00:00,22:35,2026-09-22,TSEM,2026-09-21,0,233.820007,7
2026-09-23T02:35:00.786244+00:00,22:35,2026-09-22,GSM,2026-09-21,0,4.160000,7
2026-09-23T02:35:00.786244+00:00,22:35,2026-09-22,ENTG,2026-09-21,0,143.139999,7
2026-09-23T02:35:00.786244+00:00,22:35,2026-09-22,MKSI,2026-09-21,0,256.920013,7
2026-09-23T02:35:00.786244+00:00,22:35,2026-09-22,LIN,2026-09-21,0,457.500000,7
2026-09-23T02:35:00.786244+00:00,22:35,2026-09-22,SHECY,2026-09-22,1,18.860001,7
2026-09-23T02:35:00.786244+00:00,22:35,2026-09-22,ASML,2026-09-21,0,1711.319946,7
2026-09-23T02:35:00.786244+00:00,22:35,2026-09-22,AMAT,2026-09-21,0,464.239990,7
2026-09-23T02:35:00.786244+00:00,22:35,2026-09-22,LRCX,2026-09-21,0,302.279999,7
2026-09-23T02:35:00.786244+00:00,22:35,2026-09-22,KLAC,2026-09-21,0,183.970001,7
2026-09-23T02:35:00.786244+00:00,22:35,2026-09-22,TER,2026-09-21,0,381.540009,7
2026-09-23T02:35:00.786244+00:00,22:35,2026-09-22,TOELY,2026-09-21,0,175.949997,7
2026-09-23T02:35:00.786244+00:00,22:35,2026-09-22,TSM,2026-09-21,0,445.140015,7
2026-09-23T02:35:00.786244+00:00,22:35,2026-09-22,INTC,2026-09-21,0,121.779999,7
2026-09-23T02:35:00.786244+00:00,22:35,2026-09-22,MU,2026-09-21,0,1043.959961,7
2026-09-23T02:35:00.786244+00:00,22:35,2026-09-22,SNDK,2026-09-21,0,1766.640015,7
2026-09-23T02:35:00.786244+00:00,22:35,2026-09-22,WDC,2026-09-21,0,448.170013,7
2026-09-23T02:35:00.786244+00:00,22:35,2026-09-22,ASX,2026-09-21,0,43.730000,7
2026-09-23T02:35:00.786244+00:00,22:35,2026-09-22,AMKR,2026-09-21,0,52.189999,7
2026-09-23T02:35:00.786244+00:00,22:35,2026-09-22,NVDA,2026-09-21,0,227.380005,7
2026-09-23T02:35:00.786244+00:00,22:35,2026-09-22,AVGO,2026-09-21,0,362.660004,7
2026-09-23T02:35:00.786244+00:00,22:35,2026-09-22,AMD,2026-09-21,0,615.520020,7
2026-09-23T02:35:00.786244+00:00,22:35,2026-09-22,QCOM,2026-09-21,0,194.229996,7
2026-09-23T02:35:00.786244+00:00,22:35,2026-09-22,ARM,2026-09-21,0,322.899994,7
2026-09-23T02:35:00.786244+00:00,22:35,2026-09-22,SNPS,2026-09-21,0,401.850006,7
2026-09-23T02:35:00.786244+00:00,22:35,2026-09-22,CDNS,2026-09-21,0,294.899994,7
2026-09-23T02:35:00.786244+00:00,22:35,2026-09-22,MSFT,2026-09-21,0,501.609985,7
2026-09-23T02:35:00.786244+00:00,22:35,2026-09-22,GOOGL,2026-09-21,0,354.970001,7
2026-09-23T02:35:00.786244+00:00,22:35,2026-09-22,META,2026-09-21,0,741.250000,7
2026-09-23T02:35:00.786244+00:00,22:35,2026-09-22,AMZN,2026-09-21,0,258.450012,7
2026-09-23T02:35:00.786244+00:00,22:35,2026-09-22,VRT,2026-09-21,0,250.860001,7
2026-09-23T02:35:00.786244+00:00,22:35,2026-09-22,SMH,2026-09-21,0,596.030029,7
2026-09-23T02:35:00.786244+00:00,22:35,2026-09-22,SOXX,2026-09-21,0,559.340027,7
2026-09-23T02:35:00.786244+00:00,22:35,2026-09-22,XSD,2026-09-21,0,524.559998,7
2026-09-23T03:05:00.810976+00:00,23:05,2026-09-22,UMC,2026-09-21,0,25.430000,7
2026-09-23T03:05:00.810976+00:00,23:05,2026-09-22,GFS,2026-09-21,0,48.570000,7
2026-09-23T03:05:00.810976+00:00,23:05,2026-09-22,TSEM,2026-09-21,0,233.820007,7
2026-09-23T03:05:00.810976+00:00,23:05,2026-09-22,GSM,2026-09-21,0,4.145000,7
2026-09-23T03:05:00.810976+00:00,23:05,2026-09-22,ENTG,2026-09-21,0,143.139999,7
2026-09-23T03:05:00.810976+00:00,23:05,2026-09-22,MKSI,2026-09-21,0,256.920013,7
2026-09-23T03:05:00.810976+00:00,23:05,2026-09-22,LIN,2026-09-21,0,457.500000,7
2026-09-23T03:05:00.810976+00:00,23:05,2026-09-22,SHECY,2026-09-22,1,18.860001,7
2026-09-23T03:05:00.810976+00:00,23:05,2026-09-22,ASML,2026-09-21,0,1711.319946,7
2026-09-23T03:05:00.810976+00:00,23:05,2026-09-22,AMAT,2026-09-21,0,464.239990,7
2026-09-23T03:05:00.810976+00:00,23:05,2026-09-22,LRCX,2026-09-21,0,302.279999,7
2026-09-23T03:05:00.810976+00:00,23:05,2026-09-22,KLAC,2026-09-21,0,183.970001,7
2026-09-23T03:05:00.810976+00:00,23:05,2026-09-22,TER,2026-09-21,0,381.540009,7
2026-09-23T03:05:00.810976+00:00,23:05,2026-09-22,TOELY,2026-09-21,0,175.949997,7
2026-09-23T03:05:00.810976+00:00,23:05,2026-09-22,TSM,2026-09-21,0,445.140015,7
2026-09-23T03:05:00.810976+00:00,23:05,2026-09-22,INTC,2026-09-21,0,121.779999,7
2026-09-23T03:05:00.810976+00:00,23:05,2026-09-22,MU,2026-09-21,0,1043.959961,7
2026-09-23T03:05:00.810976+00:00,23:05,2026-09-22,SNDK,2026-09-21,0,1766.640015,7
2026-09-23T03:05:00.810976+00:00,23:05,2026-09-22,WDC,2026-09-21,0,448.170013,7
2026-09-23T03:05:00.810976+00:00,23:05,2026-09-22,ASX,2026-09-21,0,43.730000,7
2026-09-23T03:05:00.810976+00:00,23:05,2026-09-22,AMKR,2026-09-21,0,52.189999,7
2026-09-23T03:05:00.810976+00:00,23:05,2026-09-22,NVDA,2026-09-21,0,227.380005,7
2026-09-23T03:05:00.810976+00:00,23:05,2026-09-22,AVGO,2026-09-21,0,362.660004,7
2026-09-23T03:05:00.810976+00:00,23:05,2026-09-22,AMD,2026-09-21,0,615.520020,7
2026-09-23T03:05:00.810976+00:00,23:05,2026-09-22,QCOM,2026-09-21,0,194.229996,7
2026-09-23T03:05:00.810976+00:00,23:05,2026-09-22,ARM,2026-09-21,0,322.899994,7
2026-09-23T03:05:00.810976+00:00,23:05,2026-09-22,SNPS,2026-09-21,0,401.850006,7
2026-09-23T03:05:00.810976+00:00,23:05,2026-09-22,CDNS,2026-09-21,0,294.899994,7
2026-09-23T03:05:00.810976+00:00,23:05,2026-09-22,MSFT,2026-09-21,0,501.609985,7
2026-09-23T03:05:00.810976+00:00,23:05,2026-09-22,GOOGL,2026-09-21,0,354.970001,7
2026-09-23T03:05:00.810976+00:00,23:05,2026-09-22,META,2026-09-21,0,741.250000,7
2026-09-23T03:05:00.810976+00:00,23:05,2026-09-22,AMZN,2026-09-21,0,258.450012,7
2026-09-23T03:05:00.810976+00:00,23:05,2026-09-22,VRT,2026-09-21,0,250.860001,7
2026-09-23T03:05:00.810976+00:00,23:05,2026-09-22,SMH,2026-09-21,0,596.030029,7
2026-09-23T03:05:00.810976+00:00,23:05,2026-09-22,SOXX,2026-09-21,0,559.340027,7
2026-09-23T03:05:00.810976+00:00,23:05,2026-09-22,XSD,2026-09-21,0,524.559998,7
2026-09-23T03:35:01.011368+00:00,23:35,2026-09-22,UMC,2026-09-21,0,25.430000,7
2026-09-23T03:35:01.011368+00:00,23:35,2026-09-22,GFS,2026-09-21,0,48.570000,7
2026-09-23T03:35:01.011368+00:00,23:35,2026-09-22,TSEM,2026-09-21,0,233.820007,7
2026-09-23T03:35:01.011368+00:00,23:35,2026-09-22,GSM,2026-09-21,0,4.145000,7
2026-09-23T03:35:01.011368+00:00,23:35,2026-09-22,ENTG,2026-09-21,0,143.139999,7
2026-09-23T03:35:01.011368+00:00,23:35,2026-09-22,MKSI,2026-09-21,0,256.920013,7
2026-09-23T03:35:01.011368+00:00,23:35,2026-09-22,LIN,2026-09-21,0,457.500000,7
2026-09-23T03:35:01.011368+00:00,23:35,2026-09-22,SHECY,2026-09-22,1,18.870001,7
2026-09-23T03:35:01.011368+00:00,23:35,2026-09-22,ASML,2026-09-21,0,1711.319946,7
2026-09-23T03:35:01.011368+00:00,23:35,2026-09-22,AMAT,2026-09-21,0,464.239990,7
2026-09-23T03:35:01.011368+00:00,23:35,2026-09-22,LRCX,2026-09-21,0,302.279999,7
2026-09-23T03:35:01.011368+00:00,23:35,2026-09-22,KLAC,2026-09-21,0,183.970001,7
2026-09-23T03:35:01.011368+00:00,23:35,2026-09-22,TER,2026-09-21,0,381.540009,7
2026-09-23T03:35:01.011368+00:00,23:35,2026-09-22,TOELY,2026-09-22,1,177.000000,7
2026-09-23T03:35:01.011368+00:00,23:35,2026-09-22,TSM,2026-09-21,0,445.140015,7
2026-09-23T03:35:01.011368+00:00,23:35,2026-09-22,INTC,2026-09-21,0,121.779999,7
2026-09-23T03:35:01.011368+00:00,23:35,2026-09-22,MU,2026-09-21,0,1043.959961,7
2026-09-23T03:35:01.011368+00:00,23:35,2026-09-22,SNDK,2026-09-21,0,1766.640015,7
2026-09-23T03:35:01.011368+00:00,23:35,2026-09-22,WDC,2026-09-21,0,448.170013,7
2026-09-23T03:35:01.011368+00:00,23:35,2026-09-22,ASX,2026-09-21,0,43.730000,7
2026-09-23T03:35:01.011368+00:00,23:35,2026-09-22,AMKR,2026-09-21,0,52.189999,7
2026-09-23T03:35:01.011368+00:00,23:35,2026-09-22,NVDA,2026-09-21,0,227.380005,7
2026-09-23T03:35:01.011368+00:00,23:35,2026-09-22,AVGO,2026-09-21,0,362.660004,7
2026-09-23T03:35:01.011368+00:00,23:35,2026-09-22,AMD,2026-09-21,0,615.520020,7
2026-09-23T03:35:01.011368+00:00,23:35,2026-09-22,QCOM,2026-09-21,0,194.229996,7
2026-09-23T03:35:01.011368+00:00,23:35,2026-09-22,ARM,2026-09-21,0,322.899994,7
2026-09-23T03:35:01.011368+00:00,23:35,2026-09-22,SNPS,2026-09-21,0,401.850006,7
2026-09-23T03:35:01.011368+00:00,23:35,2026-09-22,CDNS,2026-09-21,0,294.899994,7
2026-09-23T03:35:01.011368+00:00,23:35,2026-09-22,MSFT,2026-09-21,0,501.609985,7
2026-09-23T03:35:01.011368+00:00,23:35,2026-09-22,GOOGL,2026-09-21,0,354.970001,7
2026-09-23T03:35:01.011368+00:00,23:35,2026-09-22,META,2026-09-21,0,741.250000,7
2026-09-23T03:35:01.011368+00:00,23:35,2026-09-22,AMZN,2026-09-21,0,258.450012,7
2026-09-23T03:35:01.011368+00:00,23:35,2026-09-22,VRT,2026-09-21,0,250.860001,7
2026-09-23T03:35:01.011368+00:00,23:35,2026-09-22,SMH,2026-09-21,0,596.030029,7
2026-09-23T03:35:01.011368+00:00,23:35,2026-09-22,SOXX,2026-09-21,0,559.340027,7
2026-09-23T03:35:01.011368+00:00,23:35,2026-09-22,XSD,2026-09-21,0,524.559998,7
2026-09-24T00:05:00.801927+00:00,20:05,2026-09-23,UMC,2026-09-22,0,25.770000,7
2026-09-24T00:05:00.801927+00:00,20:05,2026-09-23,GFS,2026-09-21,0,48.570000,7
2026-09-24T00:05:00.801927+00:00,20:05,2026-09-23,TSEM,2026-09-21,0,233.820007,7
2026-09-24T00:05:00.801927+00:00,20:05,2026-09-23,GSM,2026-09-21,0,4.145000,7
2026-09-24T00:05:00.801927+00:00,20:05,2026-09-23,ENTG,2026-09-21,0,143.139999,7
2026-09-24T00:05:00.801927+00:00,20:05,2026-09-23,MKSI,2026-09-21,0,256.920013,7
2026-09-24T00:05:00.801927+00:00,20:05,2026-09-23,LIN,2026-09-21,0,457.500000,7
2026-09-24T00:05:00.801927+00:00,20:05,2026-09-23,SHECY,2026-09-23,1,18.549999,7
2026-09-24T00:05:00.801927+00:00,20:05,2026-09-23,ASML,2026-09-21,0,1711.319946,7
2026-09-24T00:05:00.801927+00:00,20:05,2026-09-23,AMAT,2026-09-22,0,472.459991,7
2026-09-24T00:05:00.801927+00:00,20:05,2026-09-23,LRCX,2026-09-22,0,310.959991,7
2026-09-24T00:05:00.801927+00:00,20:05,2026-09-23,KLAC,2026-09-21,0,183.970001,7
2026-09-24T00:05:00.801927+00:00,20:05,2026-09-23,TER,2026-09-21,0,381.540009,7
2026-09-24T00:05:00.801927+00:00,20:05,2026-09-23,TOELY,2026-09-22,0,177.000000,7
2026-09-24T00:05:00.801927+00:00,20:05,2026-09-23,TSM,2026-09-22,0,452.000000,7
2026-09-24T00:05:00.801927+00:00,20:05,2026-09-23,INTC,2026-09-22,0,123.860001,7
2026-09-24T00:05:00.801927+00:00,20:05,2026-09-23,MU,2026-09-22,0,1096.160034,7
2026-09-24T00:05:00.801927+00:00,20:05,2026-09-23,SNDK,2026-09-22,0,1887.040039,7
2026-09-24T00:05:00.801927+00:00,20:05,2026-09-23,WDC,2026-09-22,0,464.600006,7
2026-09-24T00:05:00.801927+00:00,20:05,2026-09-23,ASX,2026-09-21,0,43.730000,7
2026-09-24T00:05:00.801927+00:00,20:05,2026-09-23,AMKR,2026-09-21,0,52.189999,7
2026-09-24T00:05:00.801927+00:00,20:05,2026-09-23,NVDA,2026-09-22,0,228.869995,7
2026-09-24T00:05:00.801927+00:00,20:05,2026-09-23,AVGO,2026-09-22,0,364.540009,7
2026-09-24T00:05:00.801927+00:00,20:05,2026-09-23,AMD,2026-09-22,0,623.770020,7
2026-09-24T00:05:00.801927+00:00,20:05,2026-09-23,QCOM,2026-09-22,0,198.270004,7
2026-09-24T00:05:00.801927+00:00,20:05,2026-09-23,ARM,2026-09-22,0,333.200012,7
2026-09-24T00:05:00.801927+00:00,20:05,2026-09-23,SNPS,2026-09-21,0,401.850006,7
2026-09-24T00:05:00.801927+00:00,20:05,2026-09-23,CDNS,2026-09-21,0,294.899994,7
2026-09-24T00:05:00.801927+00:00,20:05,2026-09-23,MSFT,2026-09-22,0,498.000000,7
2026-09-24T00:05:00.801927+00:00,20:05,2026-09-23,GOOGL,2026-09-22,0,351.160004,7
2026-09-24T00:05:00.801927+00:00,20:05,2026-09-23,META,2026-09-22,0,736.599976,7
2026-09-24T00:05:00.801927+00:00,20:05,2026-09-23,AMZN,2026-09-22,0,254.979996,7
2026-09-24T00:05:00.801927+00:00,20:05,2026-09-23,VRT,2026-09-21,0,250.860001,7
2026-09-24T00:05:00.801927+00:00,20:05,2026-09-23,SMH,2026-09-22,0,607.460022,7
2026-09-24T00:05:00.801927+00:00,20:05,2026-09-23,SOXX,2026-09-22,0,572.780029,7
2026-09-24T00:05:00.801927+00:00,20:05,2026-09-23,XSD,2026-09-21,0,524.559998,7
2026-09-24T00:35:00.788118+00:00,20:35,2026-09-23,UMC,2026-09-22,0,25.770000,7
2026-09-24T00:35:00.788118+00:00,20:35,2026-09-23,GFS,2026-09-21,0,48.570000,7
2026-09-24T00:35:00.788118+00:00,20:35,2026-09-23,TSEM,2026-09-21,0,233.820007,7
2026-09-24T00:35:00.788118+00:00,20:35,2026-09-23,GSM,2026-09-21,0,4.145000,7
2026-09-24T00:35:00.788118+00:00,20:35,2026-09-23,ENTG,2026-09-21,0,143.139999,7
2026-09-24T00:35:00.788118+00:00,20:35,2026-09-23,MKSI,2026-09-21,0,256.920013,7
2026-09-24T00:35:00.788118+00:00,20:35,2026-09-23,LIN,2026-09-21,0,457.500000,7
2026-09-24T00:35:00.788118+00:00,20:35,2026-09-23,SHECY,2026-09-23,1,18.549999,7
2026-09-24T00:35:00.788118+00:00,20:35,2026-09-23,ASML,2026-09-21,0,1711.319946,7
2026-09-24T00:35:00.788118+00:00,20:35,2026-09-23,AMAT,2026-09-22,0,472.459991,7
2026-09-24T00:35:00.788118+00:00,20:35,2026-09-23,LRCX,2026-09-22,0,310.959991,7
2026-09-24T00:35:00.788118+00:00,20:35,2026-09-23,KLAC,2026-09-21,0,183.970001,7
2026-09-24T00:35:00.788118+00:00,20:35,2026-09-23,TER,2026-09-21,0,381.540009,7
2026-09-24T00:35:00.788118+00:00,20:35,2026-09-23,TOELY,2026-09-22,0,177.000000,7
2026-09-24T00:35:00.788118+00:00,20:35,2026-09-23,TSM,2026-09-22,0,452.000000,7
2026-09-24T00:35:00.788118+00:00,20:35,2026-09-23,INTC,2026-09-22,0,123.860001,7
2026-09-24T00:35:00.788118+00:00,20:35,2026-09-23,MU,2026-09-22,0,1096.160034,7
2026-09-24T00:35:00.788118+00:00,20:35,2026-09-23,SNDK,2026-09-22,0,1887.040039,7
2026-09-24T00:35:00.788118+00:00,20:35,2026-09-23,WDC,2026-09-22,0,464.600006,7
2026-09-24T00:35:00.788118+00:00,20:35,2026-09-23,ASX,2026-09-21,0,43.730000,7
2026-09-24T00:35:00.788118+00:00,20:35,2026-09-23,AMKR,2026-09-21,0,52.189999,7
2026-09-24T00:35:00.788118+00:00,20:35,2026-09-23,NVDA,2026-09-22,0,228.869995,7
2026-09-24T00:35:00.788118+00:00,20:35,2026-09-23,AVGO,2026-09-22,0,364.540009,7
2026-09-24T00:35:00.788118+00:00,20:35,2026-09-23,AMD,2026-09-22,0,623.770020,7
2026-09-24T00:35:00.788118+00:00,20:35,2026-09-23,QCOM,2026-09-22,0,198.270004,7
2026-09-24T00:35:00.788118+00:00,20:35,2026-09-23,ARM,2026-09-22,0,333.200012,7
2026-09-24T00:35:00.788118+00:00,20:35,2026-09-23,SNPS,2026-09-21,0,401.850006,7
2026-09-24T00:35:00.788118+00:00,20:35,2026-09-23,CDNS,2026-09-21,0,294.899994,7
2026-09-24T00:35:00.788118+00:00,20:35,2026-09-23,MSFT,2026-09-22,0,498.000000,7
2026-09-24T00:35:00.788118+00:00,20:35,2026-09-23,GOOGL,2026-09-22,0,351.160004,7
2026-09-24T00:35:00.788118+00:00,20:35,2026-09-23,META,2026-09-22,0,736.599976,7
2026-09-24T00:35:00.788118+00:00,20:35,2026-09-23,AMZN,2026-09-22,0,254.979996,7
2026-09-24T00:35:00.788118+00:00,20:35,2026-09-23,VRT,2026-09-21,0,250.860001,7
2026-09-24T00:35:00.788118+00:00,20:35,2026-09-23,SMH,2026-09-22,0,607.460022,7
2026-09-24T00:35:00.788118+00:00,20:35,2026-09-23,SOXX,2026-09-22,0,572.780029,7
2026-09-24T00:35:00.788118+00:00,20:35,2026-09-23,XSD,2026-09-21,0,524.559998,7
2026-09-24T01:05:00.777865+00:00,21:05,2026-09-23,UMC,2026-09-22,0,25.770000,7
2026-09-24T01:05:00.777865+00:00,21:05,2026-09-23,GFS,2026-09-21,0,48.570000,7
2026-09-24T01:05:00.777865+00:00,21:05,2026-09-23,TSEM,2026-09-21,0,233.820007,7
2026-09-24T01:05:00.777865+00:00,21:05,2026-09-23,GSM,2026-09-21,0,4.145000,7
2026-09-24T01:05:00.777865+00:00,21:05,2026-09-23,ENTG,2026-09-21,0,143.139999,7
2026-09-24T01:05:00.777865+00:00,21:05,2026-09-23,MKSI,2026-09-21,0,256.920013,7
2026-09-24T01:05:00.777865+00:00,21:05,2026-09-23,LIN,2026-09-21,0,457.500000,7
2026-09-24T01:05:00.777865+00:00,21:05,2026-09-23,SHECY,2026-09-23,1,18.549999,7
2026-09-24T01:05:00.777865+00:00,21:05,2026-09-23,ASML,2026-09-21,0,1711.319946,7
2026-09-24T01:05:00.777865+00:00,21:05,2026-09-23,AMAT,2026-09-22,0,472.459991,7
2026-09-24T01:05:00.777865+00:00,21:05,2026-09-23,LRCX,2026-09-22,0,310.959991,7
2026-09-24T01:05:00.777865+00:00,21:05,2026-09-23,KLAC,2026-09-21,0,183.970001,7
2026-09-24T01:05:00.777865+00:00,21:05,2026-09-23,TER,2026-09-21,0,381.540009,7
2026-09-24T01:05:00.777865+00:00,21:05,2026-09-23,TOELY,2026-09-22,0,177.000000,7
2026-09-24T01:05:00.777865+00:00,21:05,2026-09-23,TSM,2026-09-22,0,452.000000,7
2026-09-24T01:05:00.777865+00:00,21:05,2026-09-23,INTC,2026-09-22,0,123.860001,7
2026-09-24T01:05:00.777865+00:00,21:05,2026-09-23,MU,2026-09-22,0,1096.160034,7
2026-09-24T01:05:00.777865+00:00,21:05,2026-09-23,SNDK,2026-09-22,0,1887.040039,7
2026-09-24T01:05:00.777865+00:00,21:05,2026-09-23,WDC,2026-09-22,0,464.600006,7
2026-09-24T01:05:00.777865+00:00,21:05,2026-09-23,ASX,2026-09-21,0,43.730000,7
2026-09-24T01:05:00.777865+00:00,21:05,2026-09-23,AMKR,2026-09-21,0,52.189999,7
2026-09-24T01:05:00.777865+00:00,21:05,2026-09-23,NVDA,2026-09-22,0,228.869995,7
2026-09-24T01:05:00.777865+00:00,21:05,2026-09-23,AVGO,2026-09-22,0,364.540009,7
2026-09-24T01:05:00.777865+00:00,21:05,2026-09-23,AMD,2026-09-22,0,623.770020,7
2026-09-24T01:05:00.777865+00:00,21:05,2026-09-23,QCOM,2026-09-22,0,198.270004,7
2026-09-24T01:05:00.777865+00:00,21:05,2026-09-23,ARM,2026-09-22,0,333.200012,7
2026-09-24T01:05:00.777865+00:00,21:05,2026-09-23,SNPS,2026-09-21,0,401.850006,7
2026-09-24T01:05:00.777865+00:00,21:05,2026-09-23,CDNS,2026-09-21,0,294.899994,7
2026-09-24T01:05:00.777865+00:00,21:05,2026-09-23,MSFT,2026-09-22,0,498.000000,7
2026-09-24T01:05:00.777865+00:00,21:05,2026-09-23,GOOGL,2026-09-22,0,351.160004,7
2026-09-24T01:05:00.777865+00:00,21:05,2026-09-23,META,2026-09-22,0,736.599976,7
2026-09-24T01:05:00.777865+00:00,21:05,2026-09-23,AMZN,2026-09-22,0,254.979996,7
2026-09-24T01:05:00.777865+00:00,21:05,2026-09-23,VRT,2026-09-21,0,250.860001,7
2026-09-24T01:05:00.777865+00:00,21:05,2026-09-23,SMH,2026-09-22,0,607.460022,7
2026-09-24T01:05:00.777865+00:00,21:05,2026-09-23,SOXX,2026-09-22,0,572.780029,7
2026-09-24T01:05:00.777865+00:00,21:05,2026-09-23,XSD,2026-09-21,0,524.559998,7
2026-09-24T01:35:00.784990+00:00,21:35,2026-09-23,UMC,2026-09-23,1,24.680000,7
2026-09-24T01:35:00.784990+00:00,21:35,2026-09-23,GFS,2026-09-23,1,46.419998,7
2026-09-24T01:35:00.784990+00:00,21:35,2026-09-23,TSEM,2026-09-23,1,230.500000,7
2026-09-24T01:35:00.784990+00:00,21:35,2026-09-23,GSM,2026-09-23,1,4.190000,7
2026-09-24T01:35:00.784990+00:00,21:35,2026-09-23,ENTG,2026-09-23,1,150.929993,7
2026-09-24T01:35:00.784990+00:00,21:35,2026-09-23,MKSI,2026-09-23,1,262.720001,7
2026-09-24T01:35:00.784990+00:00,21:35,2026-09-23,LIN,2026-09-23,1,469.720001,7
2026-09-24T01:35:00.784990+00:00,21:35,2026-09-23,SHECY,2026-09-23,1,18.549999,7
2026-09-24T01:35:00.784990+00:00,21:35,2026-09-23,ASML,2026-09-23,1,1744.609985,7
2026-09-24T01:35:00.784990+00:00,21:35,2026-09-23,AMAT,2026-09-23,1,474.380005,7
2026-09-24T01:35:00.784990+00:00,21:35,2026-09-23,LRCX,2026-09-23,1,307.279999,7
2026-09-24T01:35:00.784990+00:00,21:35,2026-09-23,KLAC,2026-09-23,1,187.860001,7
2026-09-24T01:35:00.784990+00:00,21:35,2026-09-23,TER,2026-09-23,1,389.140015,7
2026-09-24T01:35:00.784990+00:00,21:35,2026-09-23,TOELY,2026-09-22,0,177.000000,7
2026-09-24T01:35:00.784990+00:00,21:35,2026-09-23,TSM,2026-09-23,1,446.570007,7
2026-09-24T01:35:00.784990+00:00,21:35,2026-09-23,INTC,2026-09-23,1,122.599998,7
2026-09-24T01:35:00.784990+00:00,21:35,2026-09-23,MU,2026-09-23,1,1071.880005,7
2026-09-24T01:35:00.784990+00:00,21:35,2026-09-23,SNDK,2026-09-23,1,1816.569946,7
2026-09-24T01:35:00.784990+00:00,21:35,2026-09-23,WDC,2026-09-23,1,473.690002,7
2026-09-24T01:35:00.784990+00:00,21:35,2026-09-23,ASX,2026-09-23,1,43.930000,7
2026-09-24T01:35:00.784990+00:00,21:35,2026-09-23,AMKR,2026-09-23,1,53.320000,7
2026-09-24T01:35:00.784990+00:00,21:35,2026-09-23,NVDA,2026-09-23,1,225.509995,7
2026-09-24T01:35:00.784990+00:00,21:35,2026-09-23,AVGO,2026-09-23,1,354.989990,7
2026-09-24T01:35:00.784990+00:00,21:35,2026-09-23,AMD,2026-09-23,1,614.609985,7
2026-09-24T01:35:00.784990+00:00,21:35,2026-09-23,QCOM,2026-09-23,1,197.240005,7
2026-09-24T01:35:00.784990+00:00,21:35,2026-09-23,ARM,2026-09-23,1,332.559998,7
2026-09-24T01:35:00.784990+00:00,21:35,2026-09-23,SNPS,2026-09-23,1,413.059998,7
2026-09-24T01:35:00.784990+00:00,21:35,2026-09-23,CDNS,2026-09-23,1,309.089996,7
2026-09-24T01:35:00.784990+00:00,21:35,2026-09-23,MSFT,2026-09-23,1,500.589996,7
2026-09-24T01:35:00.784990+00:00,21:35,2026-09-23,GOOGL,2026-09-23,1,337.829987,7
2026-09-24T01:35:00.784990+00:00,21:35,2026-09-23,META,2026-09-23,1,744.099976,7
2026-09-24T01:35:00.784990+00:00,21:35,2026-09-23,AMZN,2026-09-23,1,249.270004,7
2026-09-24T01:35:00.784990+00:00,21:35,2026-09-23,VRT,2026-09-23,1,248.779999,7
2026-09-24T01:35:00.784990+00:00,21:35,2026-09-23,SMH,2026-09-23,1,601.409973,7
2026-09-24T01:35:00.784990+00:00,21:35,2026-09-23,SOXX,2026-09-23,1,565.719971,7
2026-09-24T01:35:00.784990+00:00,21:35,2026-09-23,XSD,2026-09-23,1,527.440002,7
2026-09-24T02:05:00.792308+00:00,22:05,2026-09-23,UMC,2026-09-23,1,24.680000,7
2026-09-24T02:05:00.792308+00:00,22:05,2026-09-23,GFS,2026-09-23,1,46.419998,7
2026-09-24T02:05:00.792308+00:00,22:05,2026-09-23,TSEM,2026-09-23,1,230.500000,7
2026-09-24T02:05:00.792308+00:00,22:05,2026-09-23,GSM,2026-09-23,1,4.190000,7
2026-09-24T02:05:00.792308+00:00,22:05,2026-09-23,ENTG,2026-09-23,1,150.929993,7
2026-09-24T02:05:00.792308+00:00,22:05,2026-09-23,MKSI,2026-09-23,1,262.720001,7
2026-09-24T02:05:00.792308+00:00,22:05,2026-09-23,LIN,2026-09-23,1,469.720001,7
2026-09-24T02:05:00.792308+00:00,22:05,2026-09-23,SHECY,2026-09-23,1,18.549999,7
2026-09-24T02:05:00.792308+00:00,22:05,2026-09-23,ASML,2026-09-23,1,1744.609985,7
2026-09-24T02:05:00.792308+00:00,22:05,2026-09-23,AMAT,2026-09-23,1,474.380005,7
2026-09-24T02:05:00.792308+00:00,22:05,2026-09-23,LRCX,2026-09-23,1,307.279999,7
2026-09-24T02:05:00.792308+00:00,22:05,2026-09-23,KLAC,2026-09-23,1,187.860001,7
2026-09-24T02:05:00.792308+00:00,22:05,2026-09-23,TER,2026-09-23,1,389.140015,7
2026-09-24T02:05:00.792308+00:00,22:05,2026-09-23,TOELY,2026-09-22,0,177.000000,7
2026-09-24T02:05:00.792308+00:00,22:05,2026-09-23,TSM,2026-09-23,1,446.570007,7
2026-09-24T02:05:00.792308+00:00,22:05,2026-09-23,INTC,2026-09-23,1,122.599998,7
2026-09-24T02:05:00.792308+00:00,22:05,2026-09-23,MU,2026-09-23,1,1071.880005,7
2026-09-24T02:05:00.792308+00:00,22:05,2026-09-23,SNDK,2026-09-23,1,1816.569946,7
2026-09-24T02:05:00.792308+00:00,22:05,2026-09-23,WDC,2026-09-23,1,473.690002,7
2026-09-24T02:05:00.792308+00:00,22:05,2026-09-23,ASX,2026-09-23,1,43.930000,7
2026-09-24T02:05:00.792308+00:00,22:05,2026-09-23,AMKR,2026-09-23,1,53.320000,7
2026-09-24T02:05:00.792308+00:00,22:05,2026-09-23,NVDA,2026-09-23,1,225.509995,7
2026-09-24T02:05:00.792308+00:00,22:05,2026-09-23,AVGO,2026-09-23,1,354.989990,7
2026-09-24T02:05:00.792308+00:00,22:05,2026-09-23,AMD,2026-09-23,1,614.609985,7
2026-09-24T02:05:00.792308+00:00,22:05,2026-09-23,QCOM,2026-09-23,1,197.240005,7
2026-09-24T02:05:00.792308+00:00,22:05,2026-09-23,ARM,2026-09-23,1,332.559998,7
2026-09-24T02:05:00.792308+00:00,22:05,2026-09-23,SNPS,2026-09-23,1,413.059998,7
2026-09-24T02:05:00.792308+00:00,22:05,2026-09-23,CDNS,2026-09-23,1,309.089996,7
2026-09-24T02:05:00.792308+00:00,22:05,2026-09-23,MSFT,2026-09-23,1,500.589996,7
2026-09-24T02:05:00.792308+00:00,22:05,2026-09-23,GOOGL,2026-09-23,1,337.829987,7
2026-09-24T02:05:00.792308+00:00,22:05,2026-09-23,META,2026-09-23,1,744.099976,7
2026-09-24T02:05:00.792308+00:00,22:05,2026-09-23,AMZN,2026-09-23,1,249.270004,7
2026-09-24T02:05:00.792308+00:00,22:05,2026-09-23,VRT,2026-09-23,1,248.779999,7
2026-09-24T02:05:00.792308+00:00,22:05,2026-09-23,SMH,2026-09-23,1,601.409973,7
2026-09-24T02:05:00.792308+00:00,22:05,2026-09-23,SOXX,2026-09-23,1,565.719971,7
2026-09-24T02:05:00.792308+00:00,22:05,2026-09-23,XSD,2026-09-23,1,527.440002,7
2026-09-24T02:35:00.774606+00:00,22:35,2026-09-23,UMC,2026-09-23,1,24.680000,7
2026-09-24T02:35:00.774606+00:00,22:35,2026-09-23,GFS,2026-09-23,1,46.419998,7
2026-09-24T02:35:00.774606+00:00,22:35,2026-09-23,TSEM,2026-09-23,1,230.500000,7
2026-09-24T02:35:00.774606+00:00,22:35,2026-09-23,GSM,2026-09-23,1,4.190000,7
2026-09-24T02:35:00.774606+00:00,22:35,2026-09-23,ENTG,2026-09-23,1,150.929993,7
2026-09-24T02:35:00.774606+00:00,22:35,2026-09-23,MKSI,2026-09-23,1,262.720001,7
2026-09-24T02:35:00.774606+00:00,22:35,2026-09-23,LIN,2026-09-23,1,469.720001,7
2026-09-24T02:35:00.774606+00:00,22:35,2026-09-23,SHECY,2026-09-23,1,18.549999,7
2026-09-24T02:35:00.774606+00:00,22:35,2026-09-23,ASML,2026-09-23,1,1744.609985,7
2026-09-24T02:35:00.774606+00:00,22:35,2026-09-23,AMAT,2026-09-23,1,474.380005,7
2026-09-24T02:35:00.774606+00:00,22:35,2026-09-23,LRCX,2026-09-23,1,307.279999,7
2026-09-24T02:35:00.774606+00:00,22:35,2026-09-23,KLAC,2026-09-23,1,187.860001,7
2026-09-24T02:35:00.774606+00:00,22:35,2026-09-23,TER,2026-09-23,1,389.140015,7
2026-09-24T02:35:00.774606+00:00,22:35,2026-09-23,TOELY,2026-09-22,0,177.000000,7
2026-09-24T02:35:00.774606+00:00,22:35,2026-09-23,TSM,2026-09-23,1,446.570007,7
2026-09-24T02:35:00.774606+00:00,22:35,2026-09-23,INTC,2026-09-23,1,122.599998,7
2026-09-24T02:35:00.774606+00:00,22:35,2026-09-23,MU,2026-09-23,1,1071.880005,7
2026-09-24T02:35:00.774606+00:00,22:35,2026-09-23,SNDK,2026-09-23,1,1816.569946,7
2026-09-24T02:35:00.774606+00:00,22:35,2026-09-23,WDC,2026-09-23,1,473.690002,7
2026-09-24T02:35:00.774606+00:00,22:35,2026-09-23,ASX,2026-09-23,1,43.930000,7
2026-09-24T02:35:00.774606+00:00,22:35,2026-09-23,AMKR,2026-09-23,1,53.320000,7
2026-09-24T02:35:00.774606+00:00,22:35,2026-09-23,NVDA,2026-09-23,1,225.509995,7
2026-09-24T02:35:00.774606+00:00,22:35,2026-09-23,AVGO,2026-09-23,1,354.989990,7
2026-09-24T02:35:00.774606+00:00,22:35,2026-09-23,AMD,2026-09-23,1,614.609985,7
2026-09-24T02:35:00.774606+00:00,22:35,2026-09-23,QCOM,2026-09-23,1,197.240005,7
2026-09-24T02:35:00.774606+00:00,22:35,2026-09-23,ARM,2026-09-23,1,332.559998,7
2026-09-24T02:35:00.774606+00:00,22:35,2026-09-23,SNPS,2026-09-23,1,413.059998,7
2026-09-24T02:35:00.774606+00:00,22:35,2026-09-23,CDNS,2026-09-23,1,309.089996,7
2026-09-24T02:35:00.774606+00:00,22:35,2026-09-23,MSFT,2026-09-23,1,500.589996,7
2026-09-24T02:35:00.774606+00:00,22:35,2026-09-23,GOOGL,2026-09-23,1,337.829987,7
2026-09-24T02:35:00.774606+00:00,22:35,2026-09-23,META,2026-09-23,1,744.099976,7
2026-09-24T02:35:00.774606+00:00,22:35,2026-09-23,AMZN,2026-09-23,1,249.270004,7
2026-09-24T02:35:00.774606+00:00,22:35,2026-09-23,VRT,2026-09-23,1,248.779999,7
2026-09-24T02:35:00.774606+00:00,22:35,2026-09-23,SMH,2026-09-23,1,601.409973,7
2026-09-24T02:35:00.774606+00:00,22:35,2026-09-23,SOXX,2026-09-23,1,565.719971,7
2026-09-24T02:35:00.774606+00:00,22:35,2026-09-23,XSD,2026-09-23,1,527.440002,7
2026-09-24T03:05:00.780017+00:00,23:05,2026-09-23,UMC,2026-09-23,1,24.680000,7
2026-09-24T03:05:00.780017+00:00,23:05,2026-09-23,GFS,2026-09-23,1,46.419998,7
2026-09-24T03:05:00.780017+00:00,23:05,2026-09-23,TSEM,2026-09-23,1,230.500000,7
2026-09-24T03:05:00.780017+00:00,23:05,2026-09-23,GSM,2026-09-23,1,4.190000,7
2026-09-24T03:05:00.780017+00:00,23:05,2026-09-23,ENTG,2026-09-23,1,150.929993,7
2026-09-24T03:05:00.780017+00:00,23:05,2026-09-23,MKSI,2026-09-23,1,262.720001,7
2026-09-24T03:05:00.780017+00:00,23:05,2026-09-23,LIN,2026-09-23,1,469.720001,7
2026-09-24T03:05:00.780017+00:00,23:05,2026-09-23,SHECY,2026-09-23,1,18.549999,7
2026-09-24T03:05:00.780017+00:00,23:05,2026-09-23,ASML,2026-09-23,1,1744.609985,7
2026-09-24T03:05:00.780017+00:00,23:05,2026-09-23,AMAT,2026-09-23,1,474.380005,7
2026-09-24T03:05:00.780017+00:00,23:05,2026-09-23,LRCX,2026-09-23,1,307.279999,7
2026-09-24T03:05:00.780017+00:00,23:05,2026-09-23,KLAC,2026-09-23,1,187.860001,7
2026-09-24T03:05:00.780017+00:00,23:05,2026-09-23,TER,2026-09-23,1,389.140015,7
2026-09-24T03:05:00.780017+00:00,23:05,2026-09-23,TOELY,2026-09-22,0,177.000000,7
2026-09-24T03:05:00.780017+00:00,23:05,2026-09-23,TSM,2026-09-23,1,446.570007,7
2026-09-24T03:05:00.780017+00:00,23:05,2026-09-23,INTC,2026-09-23,1,122.599998,7
2026-09-24T03:05:00.780017+00:00,23:05,2026-09-23,MU,2026-09-23,1,1071.880005,7
2026-09-24T03:05:00.780017+00:00,23:05,2026-09-23,SNDK,2026-09-23,1,1816.569946,7
2026-09-24T03:05:00.780017+00:00,23:05,2026-09-23,WDC,2026-09-23,1,473.690002,7
2026-09-24T03:05:00.780017+00:00,23:05,2026-09-23,ASX,2026-09-23,1,43.930000,7
2026-09-24T03:05:00.780017+00:00,23:05,2026-09-23,AMKR,2026-09-23,1,53.320000,7
2026-09-24T03:05:00.780017+00:00,23:05,2026-09-23,NVDA,2026-09-23,1,225.509995,7
2026-09-24T03:05:00.780017+00:00,23:05,2026-09-23,AVGO,2026-09-23,1,354.989990,7
2026-09-24T03:05:00.780017+00:00,23:05,2026-09-23,AMD,2026-09-23,1,614.609985,7
2026-09-24T03:05:00.780017+00:00,23:05,2026-09-23,QCOM,2026-09-23,1,197.240005,7
2026-09-24T03:05:00.780017+00:00,23:05,2026-09-23,ARM,2026-09-23,1,332.559998,7
2026-09-24T03:05:00.780017+00:00,23:05,2026-09-23,SNPS,2026-09-23,1,413.059998,7
2026-09-24T03:05:00.780017+00:00,23:05,2026-09-23,CDNS,2026-09-23,1,309.089996,7
2026-09-24T03:05:00.780017+00:00,23:05,2026-09-23,MSFT,2026-09-23,1,500.589996,7
2026-09-24T03:05:00.780017+00:00,23:05,2026-09-23,GOOGL,2026-09-23,1,337.829987,7
2026-09-24T03:05:00.780017+00:00,23:05,2026-09-23,META,2026-09-23,1,744.099976,7
2026-09-24T03:05:00.780017+00:00,23:05,2026-09-23,AMZN,2026-09-23,1,249.270004,7
2026-09-24T03:05:00.780017+00:00,23:05,2026-09-23,VRT,2026-09-23,1,248.779999,7
2026-09-24T03:05:00.780017+00:00,23:05,2026-09-23,SMH,2026-09-23,1,601.409973,7
2026-09-24T03:05:00.780017+00:00,23:05,2026-09-23,SOXX,2026-09-23,1,565.719971,7
2026-09-24T03:05:00.780017+00:00,23:05,2026-09-23,XSD,2026-09-23,1,527.440002,7
2026-09-24T03:35:01.056068+00:00,23:35,2026-09-23,UMC,2026-09-23,1,24.680000,7
2026-09-24T03:35:01.056068+00:00,23:35,2026-09-23,GFS,2026-09-23,1,46.419998,7
2026-09-24T03:35:01.056068+00:00,23:35,2026-09-23,TSEM,2026-09-23,1,230.500000,7
2026-09-24T03:35:01.056068+00:00,23:35,2026-09-23,GSM,2026-09-23,1,4.190000,7
2026-09-24T03:35:01.056068+00:00,23:35,2026-09-23,ENTG,2026-09-23,1,150.929993,7
2026-09-24T03:35:01.056068+00:00,23:35,2026-09-23,MKSI,2026-09-23,1,262.720001,7
2026-09-24T03:35:01.056068+00:00,23:35,2026-09-23,LIN,2026-09-23,1,469.720001,7
2026-09-24T03:35:01.056068+00:00,23:35,2026-09-23,SHECY,2026-09-23,1,18.639999,7
2026-09-24T03:35:01.056068+00:00,23:35,2026-09-23,ASML,2026-09-23,1,1744.609985,7
2026-09-24T03:35:01.056068+00:00,23:35,2026-09-23,AMAT,2026-09-23,1,474.380005,7
2026-09-24T03:35:01.056068+00:00,23:35,2026-09-23,LRCX,2026-09-23,1,307.279999,7
2026-09-24T03:35:01.056068+00:00,23:35,2026-09-23,KLAC,2026-09-23,1,187.860001,7
2026-09-24T03:35:01.056068+00:00,23:35,2026-09-23,TER,2026-09-23,1,389.140015,7
2026-09-24T03:35:01.056068+00:00,23:35,2026-09-23,TOELY,2026-09-22,0,177.000000,7
2026-09-24T03:35:01.056068+00:00,23:35,2026-09-23,TSM,2026-09-23,1,446.570007,7
2026-09-24T03:35:01.056068+00:00,23:35,2026-09-23,INTC,2026-09-23,1,122.599998,7
2026-09-24T03:35:01.056068+00:00,23:35,2026-09-23,MU,2026-09-23,1,1071.880005,7
2026-09-24T03:35:01.056068+00:00,23:35,2026-09-23,SNDK,2026-09-23,1,1816.569946,7
2026-09-24T03:35:01.056068+00:00,23:35,2026-09-23,WDC,2026-09-23,1,473.690002,7
2026-09-24T03:35:01.056068+00:00,23:35,2026-09-23,ASX,2026-09-23,1,43.930000,7
2026-09-24T03:35:01.056068+00:00,23:35,2026-09-23,AMKR,2026-09-23,1,53.320000,7
2026-09-24T03:35:01.056068+00:00,23:35,2026-09-23,NVDA,2026-09-23,1,225.509995,7
2026-09-24T03:35:01.056068+00:00,23:35,2026-09-23,AVGO,2026-09-23,1,354.989990,7
2026-09-24T03:35:01.056068+00:00,23:35,2026-09-23,AMD,2026-09-23,1,614.609985,7
2026-09-24T03:35:01.056068+00:00,23:35,2026-09-23,QCOM,2026-09-23,1,197.240005,7
2026-09-24T03:35:01.056068+00:00,23:35,2026-09-23,ARM,2026-09-23,1,332.559998,7
2026-09-24T03:35:01.056068+00:00,23:35,2026-09-23,SNPS,2026-09-23,1,413.059998,7
2026-09-24T03:35:01.056068+00:00,23:35,2026-09-23,CDNS,2026-09-23,1,309.089996,7
2026-09-24T03:35:01.056068+00:00,23:35,2026-09-23,MSFT,2026-09-23,1,500.589996,7
2026-09-24T03:35:01.056068+00:00,23:35,2026-09-23,GOOGL,2026-09-23,1,337.829987,7
2026-09-24T03:35:01.056068+00:00,23:35,2026-09-23,META,2026-09-23,1,744.099976,7
2026-09-24T03:35:01.056068+00:00,23:35,2026-09-23,AMZN,2026-09-23,1,249.270004,7
2026-09-24T03:35:01.056068+00:00,23:35,2026-09-23,VRT,2026-09-23,1,248.779999,7
2026-09-24T03:35:01.056068+00:00,23:35,2026-09-23,SMH,2026-09-23,1,601.409973,7
2026-09-24T03:35:01.056068+00:00,23:35,2026-09-23,SOXX,2026-09-23,1,565.719971,7
2026-09-24T03:35:01.056068+00:00,23:35,2026-09-23,XSD,2026-09-23,1,527.440002,7
2026-09-25T00:05:00.814364+00:00,20:05,2026-09-24,UMC,2026-09-23,0,24.680000,7
2026-09-25T00:05:00.814364+00:00,20:05,2026-09-24,GFS,2026-09-23,0,46.419998,7
2026-09-25T00:05:00.814364+00:00,20:05,2026-09-24,TSEM,2026-09-23,0,230.500000,7
2026-09-25T00:05:00.814364+00:00,20:05,2026-09-24,GSM,2026-09-23,0,4.190000,7
2026-09-25T00:05:00.814364+00:00,20:05,2026-09-24,ENTG,2026-09-23,0,150.929993,7
2026-09-25T00:05:00.814364+00:00,20:05,2026-09-24,MKSI,2026-09-23,0,262.720001,7
2026-09-25T00:05:00.814364+00:00,20:05,2026-09-24,LIN,2026-09-23,0,469.720001,7
2026-09-25T00:05:00.814364+00:00,20:05,2026-09-24,SHECY,2026-09-24,1,18.559999,7
2026-09-25T00:05:00.814364+00:00,20:05,2026-09-24,ASML,2026-09-23,0,1744.609985,7
2026-09-25T00:05:00.814364+00:00,20:05,2026-09-24,AMAT,2026-09-23,0,474.380005,7
2026-09-25T00:05:00.814364+00:00,20:05,2026-09-24,LRCX,2026-09-23,0,307.279999,7
2026-09-25T00:05:00.814364+00:00,20:05,2026-09-24,KLAC,2026-09-23,0,187.860001,7
2026-09-25T00:05:00.814364+00:00,20:05,2026-09-24,TER,2026-09-23,0,389.140015,7
2026-09-25T00:05:00.814364+00:00,20:05,2026-09-24,TOELY,2026-09-24,1,172.149994,7
2026-09-25T00:05:00.814364+00:00,20:05,2026-09-24,TSM,2026-09-23,0,446.570007,7
2026-09-25T00:05:00.814364+00:00,20:05,2026-09-24,INTC,2026-09-23,0,122.599998,7
2026-09-25T00:05:00.814364+00:00,20:05,2026-09-24,MU,2026-09-23,0,1071.880005,7
2026-09-25T00:05:00.814364+00:00,20:05,2026-09-24,SNDK,2026-09-23,0,1816.569946,7
2026-09-25T00:05:00.814364+00:00,20:05,2026-09-24,WDC,2026-09-23,0,473.690002,7
2026-09-25T00:05:00.814364+00:00,20:05,2026-09-24,ASX,2026-09-23,0,43.930000,7
2026-09-25T00:05:00.814364+00:00,20:05,2026-09-24,AMKR,2026-09-23,0,53.320000,7
2026-09-25T00:05:00.814364+00:00,20:05,2026-09-24,NVDA,2026-09-23,0,225.509995,7
2026-09-25T00:05:00.814364+00:00,20:05,2026-09-24,AVGO,2026-09-23,0,354.989990,7
2026-09-25T00:05:00.814364+00:00,20:05,2026-09-24,AMD,2026-09-23,0,614.609985,7
2026-09-25T00:05:00.814364+00:00,20:05,2026-09-24,QCOM,2026-09-23,0,197.240005,7
2026-09-25T00:05:00.814364+00:00,20:05,2026-09-24,ARM,2026-09-23,0,332.559998,7
2026-09-25T00:05:00.814364+00:00,20:05,2026-09-24,SNPS,2026-09-23,0,413.059998,7
2026-09-25T00:05:00.814364+00:00,20:05,2026-09-24,CDNS,2026-09-23,0,309.089996,7
2026-09-25T00:05:00.814364+00:00,20:05,2026-09-24,MSFT,2026-09-23,0,500.589996,7
2026-09-25T00:05:00.814364+00:00,20:05,2026-09-24,GOOGL,2026-09-23,0,337.829987,7
2026-09-25T00:05:00.814364+00:00,20:05,2026-09-24,META,2026-09-23,0,744.099976,7
2026-09-25T00:05:00.814364+00:00,20:05,2026-09-24,AMZN,2026-09-23,0,249.270004,7
2026-09-25T00:05:00.814364+00:00,20:05,2026-09-24,VRT,2026-09-23,0,248.779999,7
2026-09-25T00:05:00.814364+00:00,20:05,2026-09-24,SMH,2026-09-23,0,601.409973,7
2026-09-25T00:05:00.814364+00:00,20:05,2026-09-24,SOXX,2026-09-23,0,565.719971,7
2026-09-25T00:05:00.814364+00:00,20:05,2026-09-24,XSD,2026-09-23,0,527.440002,7
2026-09-25T00:35:00.866095+00:00,20:35,2026-09-24,UMC,2026-09-23,0,24.680000,7
2026-09-25T00:35:00.866095+00:00,20:35,2026-09-24,GFS,2026-09-23,0,46.419998,7
2026-09-25T00:35:00.866095+00:00,20:35,2026-09-24,TSEM,2026-09-23,0,230.500000,7
2026-09-25T00:35:00.866095+00:00,20:35,2026-09-24,GSM,2026-09-23,0,4.190000,7
2026-09-25T00:35:00.866095+00:00,20:35,2026-09-24,ENTG,2026-09-23,0,150.929993,7
2026-09-25T00:35:00.866095+00:00,20:35,2026-09-24,MKSI,2026-09-23,0,262.720001,7
2026-09-25T00:35:00.866095+00:00,20:35,2026-09-24,LIN,2026-09-23,0,469.720001,7
2026-09-25T00:35:00.866095+00:00,20:35,2026-09-24,SHECY,2026-09-24,1,18.559999,7
2026-09-25T00:35:00.866095+00:00,20:35,2026-09-24,ASML,2026-09-23,0,1744.609985,7
2026-09-25T00:35:00.866095+00:00,20:35,2026-09-24,AMAT,2026-09-23,0,474.380005,7
2026-09-25T00:35:00.866095+00:00,20:35,2026-09-24,LRCX,2026-09-23,0,307.279999,7
2026-09-25T00:35:00.866095+00:00,20:35,2026-09-24,KLAC,2026-09-23,0,187.860001,7
2026-09-25T00:35:00.866095+00:00,20:35,2026-09-24,TER,2026-09-23,0,389.140015,7
2026-09-25T00:35:00.866095+00:00,20:35,2026-09-24,TOELY,2026-09-24,1,172.149994,7
2026-09-25T00:35:00.866095+00:00,20:35,2026-09-24,TSM,2026-09-23,0,446.570007,7
2026-09-25T00:35:00.866095+00:00,20:35,2026-09-24,INTC,2026-09-23,0,122.599998,7
2026-09-25T00:35:00.866095+00:00,20:35,2026-09-24,MU,2026-09-23,0,1071.880005,7
2026-09-25T00:35:00.866095+00:00,20:35,2026-09-24,SNDK,2026-09-23,0,1816.569946,7
2026-09-25T00:35:00.866095+00:00,20:35,2026-09-24,WDC,2026-09-23,0,473.690002,7
2026-09-25T00:35:00.866095+00:00,20:35,2026-09-24,ASX,2026-09-23,0,43.930000,7
2026-09-25T00:35:00.866095+00:00,20:35,2026-09-24,AMKR,2026-09-23,0,53.320000,7
2026-09-25T00:35:00.866095+00:00,20:35,2026-09-24,NVDA,2026-09-23,0,225.509995,7
2026-09-25T00:35:00.866095+00:00,20:35,2026-09-24,AVGO,2026-09-23,0,354.989990,7
2026-09-25T00:35:00.866095+00:00,20:35,2026-09-24,AMD,2026-09-23,0,614.609985,7
2026-09-25T00:35:00.866095+00:00,20:35,2026-09-24,QCOM,2026-09-23,0,197.240005,7
2026-09-25T00:35:00.866095+00:00,20:35,2026-09-24,ARM,2026-09-23,0,332.559998,7
2026-09-25T00:35:00.866095+00:00,20:35,2026-09-24,SNPS,2026-09-23,0,413.059998,7
2026-09-25T00:35:00.866095+00:00,20:35,2026-09-24,CDNS,2026-09-23,0,309.089996,7
2026-09-25T00:35:00.866095+00:00,20:35,2026-09-24,MSFT,2026-09-23,0,500.589996,7
2026-09-25T00:35:00.866095+00:00,20:35,2026-09-24,GOOGL,2026-09-23,0,337.829987,7
2026-09-25T00:35:00.866095+00:00,20:35,2026-09-24,META,2026-09-23,0,744.099976,7
2026-09-25T00:35:00.866095+00:00,20:35,2026-09-24,AMZN,2026-09-23,0,249.270004,7
2026-09-25T00:35:00.866095+00:00,20:35,2026-09-24,VRT,2026-09-23,0,248.779999,7
2026-09-25T00:35:00.866095+00:00,20:35,2026-09-24,SMH,2026-09-23,0,601.409973,7
2026-09-25T00:35:00.866095+00:00,20:35,2026-09-24,SOXX,2026-09-23,0,565.719971,7
2026-09-25T00:35:00.866095+00:00,20:35,2026-09-24,XSD,2026-09-23,0,527.440002,7
2026-09-25T01:05:00.860406+00:00,21:05,2026-09-24,UMC,2026-09-23,0,24.680000,7
2026-09-25T01:05:00.860406+00:00,21:05,2026-09-24,GFS,2026-09-23,0,46.419998,7
2026-09-25T01:05:00.860406+00:00,21:05,2026-09-24,TSEM,2026-09-23,0,230.500000,7
2026-09-25T01:05:00.860406+00:00,21:05,2026-09-24,GSM,2026-09-23,0,4.190000,7
2026-09-25T01:05:00.860406+00:00,21:05,2026-09-24,ENTG,2026-09-23,0,150.929993,7
2026-09-25T01:05:00.860406+00:00,21:05,2026-09-24,MKSI,2026-09-23,0,262.720001,7
2026-09-25T01:05:00.860406+00:00,21:05,2026-09-24,LIN,2026-09-23,0,469.720001,7
2026-09-25T01:05:00.860406+00:00,21:05,2026-09-24,SHECY,2026-09-24,1,18.559999,7
2026-09-25T01:05:00.860406+00:00,21:05,2026-09-24,ASML,2026-09-23,0,1744.609985,7
2026-09-25T01:05:00.860406+00:00,21:05,2026-09-24,AMAT,2026-09-23,0,474.380005,7
2026-09-25T01:05:00.860406+00:00,21:05,2026-09-24,LRCX,2026-09-23,0,307.279999,7
2026-09-25T01:05:00.860406+00:00,21:05,2026-09-24,KLAC,2026-09-23,0,187.860001,7
2026-09-25T01:05:00.860406+00:00,21:05,2026-09-24,TER,2026-09-23,0,389.140015,7
2026-09-25T01:05:00.860406+00:00,21:05,2026-09-24,TOELY,2026-09-24,1,172.149994,7
2026-09-25T01:05:00.860406+00:00,21:05,2026-09-24,TSM,2026-09-23,0,446.570007,7
2026-09-25T01:05:00.860406+00:00,21:05,2026-09-24,INTC,2026-09-23,0,122.599998,7
2026-09-25T01:05:00.860406+00:00,21:05,2026-09-24,MU,2026-09-23,0,1071.880005,7
2026-09-25T01:05:00.860406+00:00,21:05,2026-09-24,SNDK,2026-09-23,0,1816.569946,7
2026-09-25T01:05:00.860406+00:00,21:05,2026-09-24,WDC,2026-09-23,0,473.690002,7
2026-09-25T01:05:00.860406+00:00,21:05,2026-09-24,ASX,2026-09-23,0,43.930000,7
2026-09-25T01:05:00.860406+00:00,21:05,2026-09-24,AMKR,2026-09-23,0,53.320000,7
2026-09-25T01:05:00.860406+00:00,21:05,2026-09-24,NVDA,2026-09-23,0,225.509995,7
2026-09-25T01:05:00.860406+00:00,21:05,2026-09-24,AVGO,2026-09-23,0,354.989990,7
2026-09-25T01:05:00.860406+00:00,21:05,2026-09-24,AMD,2026-09-23,0,614.609985,7
2026-09-25T01:05:00.860406+00:00,21:05,2026-09-24,QCOM,2026-09-23,0,197.240005,7
2026-09-25T01:05:00.860406+00:00,21:05,2026-09-24,ARM,2026-09-23,0,332.559998,7
2026-09-25T01:05:00.860406+00:00,21:05,2026-09-24,SNPS,2026-09-23,0,413.059998,7
2026-09-25T01:05:00.860406+00:00,21:05,2026-09-24,CDNS,2026-09-23,0,309.089996,7
2026-09-25T01:05:00.860406+00:00,21:05,2026-09-24,MSFT,2026-09-23,0,500.589996,7
2026-09-25T01:05:00.860406+00:00,21:05,2026-09-24,GOOGL,2026-09-23,0,337.829987,7
2026-09-25T01:05:00.860406+00:00,21:05,2026-09-24,META,2026-09-23,0,744.099976,7
2026-09-25T01:05:00.860406+00:00,21:05,2026-09-24,AMZN,2026-09-23,0,249.270004,7
2026-09-25T01:05:00.860406+00:00,21:05,2026-09-24,VRT,2026-09-23,0,248.779999,7
2026-09-25T01:05:00.860406+00:00,21:05,2026-09-24,SMH,2026-09-23,0,601.409973,7
2026-09-25T01:05:00.860406+00:00,21:05,2026-09-24,SOXX,2026-09-23,0,565.719971,7
2026-09-25T01:05:00.860406+00:00,21:05,2026-09-24,XSD,2026-09-23,0,527.440002,7
2026-09-25T01:35:00.872485+00:00,21:35,2026-09-24,UMC,2026-09-24,1,24.100000,7
2026-09-25T01:35:00.872485+00:00,21:35,2026-09-24,GFS,2026-09-24,1,47.049999,7
2026-09-25T01:35:00.872485+00:00,21:35,2026-09-24,TSEM,2026-09-24,1,217.279999,7
2026-09-25T01:35:00.872485+00:00,21:35,2026-09-24,GSM,2026-09-24,1,3.980000,7
2026-09-25T01:35:00.872485+00:00,21:35,2026-09-24,ENTG,2026-09-24,1,148.630005,7
2026-09-25T01:35:00.872485+00:00,21:35,2026-09-24,MKSI,2026-09-24,1,257.980011,7
2026-09-25T01:35:00.872485+00:00,21:35,2026-09-24,LIN,2026-09-24,1,468.140015,7
2026-09-25T01:35:00.872485+00:00,21:35,2026-09-24,SHECY,2026-09-24,1,18.559999,7
2026-09-25T01:35:00.872485+00:00,21:35,2026-09-24,ASML,2026-09-24,1,1722.500000,7
2026-09-25T01:35:00.872485+00:00,21:35,2026-09-24,AMAT,2026-09-24,1,474.250000,7
2026-09-25T01:35:00.872485+00:00,21:35,2026-09-24,LRCX,2026-09-24,1,307.160004,7
2026-09-25T01:35:00.872485+00:00,21:35,2026-09-24,KLAC,2026-09-24,1,187.110001,7
2026-09-25T01:35:00.872485+00:00,21:35,2026-09-24,TER,2026-09-24,1,387.700012,7
2026-09-25T01:35:00.872485+00:00,21:35,2026-09-24,TOELY,2026-09-24,1,172.149994,7
2026-09-25T01:35:00.872485+00:00,21:35,2026-09-24,TSM,2026-09-24,1,451.149994,7
2026-09-25T01:35:00.872485+00:00,21:35,2026-09-24,INTC,2026-09-24,1,127.389999,7
2026-09-25T01:35:00.872485+00:00,21:35,2026-09-24,MU,2026-09-24,1,1080.530029,7
2026-09-25T01:35:00.872485+00:00,21:35,2026-09-24,SNDK,2026-09-24,1,1753.619995,7
2026-09-25T01:35:00.872485+00:00,21:35,2026-09-24,WDC,2026-09-24,1,450.309998,7
2026-09-25T01:35:00.872485+00:00,21:35,2026-09-24,ASX,2026-09-24,1,43.500000,7
2026-09-25T01:35:00.872485+00:00,21:35,2026-09-24,AMKR,2026-09-24,1,52.689999,7
2026-09-25T01:35:00.872485+00:00,21:35,2026-09-24,NVDA,2026-09-24,1,224.580002,7
2026-09-25T01:35:00.872485+00:00,21:35,2026-09-24,AVGO,2026-09-24,1,350.359985,7
2026-09-25T01:35:00.872485+00:00,21:35,2026-09-24,AMD,2026-09-24,1,629.260010,7
2026-09-25T01:35:00.872485+00:00,21:35,2026-09-24,QCOM,2026-09-24,1,194.259995,7
2026-09-25T01:35:00.872485+00:00,21:35,2026-09-24,ARM,2026-09-24,1,306.339996,7
2026-09-25T01:35:00.872485+00:00,21:35,2026-09-24,SNPS,2026-09-24,1,424.910004,7
2026-09-25T01:35:00.872485+00:00,21:35,2026-09-24,CDNS,2026-09-24,1,322.000000,7
2026-09-25T01:35:00.872485+00:00,21:35,2026-09-24,MSFT,2026-09-24,1,497.929993,7
2026-09-25T01:35:00.872485+00:00,21:35,2026-09-24,GOOGL,2026-09-24,1,342.359985,7
2026-09-25T01:35:00.872485+00:00,21:35,2026-09-24,META,2026-09-24,1,777.590027,7
2026-09-25T01:35:00.872485+00:00,21:35,2026-09-24,AMZN,2026-09-24,1,249.380005,7
2026-09-25T01:35:00.872485+00:00,21:35,2026-09-24,VRT,2026-09-24,1,245.300003,7
2026-09-25T01:35:00.872485+00:00,21:35,2026-09-24,SMH,2026-09-24,1,600.520020,7
2026-09-25T01:35:00.872485+00:00,21:35,2026-09-24,SOXX,2026-09-24,1,566.070007,7
2026-09-25T01:35:00.872485+00:00,21:35,2026-09-24,XSD,2026-09-24,1,526.700012,7
2026-09-25T02:05:00.857130+00:00,22:05,2026-09-24,UMC,2026-09-24,1,24.100000,7
2026-09-25T02:05:00.857130+00:00,22:05,2026-09-24,GFS,2026-09-24,1,47.049999,7
2026-09-25T02:05:00.857130+00:00,22:05,2026-09-24,TSEM,2026-09-24,1,217.279999,7
2026-09-25T02:05:00.857130+00:00,22:05,2026-09-24,GSM,2026-09-24,1,3.980000,7
2026-09-25T02:05:00.857130+00:00,22:05,2026-09-24,ENTG,2026-09-24,1,148.630005,7
2026-09-25T02:05:00.857130+00:00,22:05,2026-09-24,MKSI,2026-09-24,1,257.980011,7
2026-09-25T02:05:00.857130+00:00,22:05,2026-09-24,LIN,2026-09-24,1,468.140015,7
2026-09-25T02:05:00.857130+00:00,22:05,2026-09-24,SHECY,2026-09-24,1,18.559999,7
2026-09-25T02:05:00.857130+00:00,22:05,2026-09-24,ASML,2026-09-24,1,1722.500000,7
2026-09-25T02:05:00.857130+00:00,22:05,2026-09-24,AMAT,2026-09-24,1,474.250000,7
2026-09-25T02:05:00.857130+00:00,22:05,2026-09-24,LRCX,2026-09-24,1,307.160004,7
2026-09-25T02:05:00.857130+00:00,22:05,2026-09-24,KLAC,2026-09-24,1,187.110001,7
2026-09-25T02:05:00.857130+00:00,22:05,2026-09-24,TER,2026-09-24,1,387.700012,7
2026-09-25T02:05:00.857130+00:00,22:05,2026-09-24,TOELY,2026-09-24,1,172.149994,7
2026-09-25T02:05:00.857130+00:00,22:05,2026-09-24,TSM,2026-09-24,1,451.149994,7
2026-09-25T02:05:00.857130+00:00,22:05,2026-09-24,INTC,2026-09-24,1,127.389999,7
2026-09-25T02:05:00.857130+00:00,22:05,2026-09-24,MU,2026-09-24,1,1080.530029,7
2026-09-25T02:05:00.857130+00:00,22:05,2026-09-24,SNDK,2026-09-24,1,1753.619995,7
2026-09-25T02:05:00.857130+00:00,22:05,2026-09-24,WDC,2026-09-24,1,450.309998,7
2026-09-25T02:05:00.857130+00:00,22:05,2026-09-24,ASX,2026-09-24,1,43.500000,7
2026-09-25T02:05:00.857130+00:00,22:05,2026-09-24,AMKR,2026-09-24,1,52.689999,7
2026-09-25T02:05:00.857130+00:00,22:05,2026-09-24,NVDA,2026-09-24,1,224.580002,7
2026-09-25T02:05:00.857130+00:00,22:05,2026-09-24,AVGO,2026-09-24,1,350.359985,7
2026-09-25T02:05:00.857130+00:00,22:05,2026-09-24,AMD,2026-09-24,1,629.260010,7
2026-09-25T02:05:00.857130+00:00,22:05,2026-09-24,QCOM,2026-09-24,1,194.259995,7
2026-09-25T02:05:00.857130+00:00,22:05,2026-09-24,ARM,2026-09-24,1,306.339996,7
2026-09-25T02:05:00.857130+00:00,22:05,2026-09-24,SNPS,2026-09-24,1,424.910004,7
2026-09-25T02:05:00.857130+00:00,22:05,2026-09-24,CDNS,2026-09-24,1,322.000000,7
2026-09-25T02:05:00.857130+00:00,22:05,2026-09-24,MSFT,2026-09-24,1,497.929993,7
2026-09-25T02:05:00.857130+00:00,22:05,2026-09-24,GOOGL,2026-09-24,1,342.359985,7
2026-09-25T02:05:00.857130+00:00,22:05,2026-09-24,META,2026-09-24,1,777.590027,7
2026-09-25T02:05:00.857130+00:00,22:05,2026-09-24,AMZN,2026-09-24,1,249.380005,7
2026-09-25T02:05:00.857130+00:00,22:05,2026-09-24,VRT,2026-09-24,1,245.300003,7
2026-09-25T02:05:00.857130+00:00,22:05,2026-09-24,SMH,2026-09-24,1,600.520020,7
2026-09-25T02:05:00.857130+00:00,22:05,2026-09-24,SOXX,2026-09-24,1,566.070007,7
2026-09-25T02:05:00.857130+00:00,22:05,2026-09-24,XSD,2026-09-24,1,526.700012,7
2026-09-25T02:35:00.835721+00:00,22:35,2026-09-24,UMC,2026-09-24,1,24.100000,7
2026-09-25T02:35:00.835721+00:00,22:35,2026-09-24,GFS,2026-09-24,1,47.049999,7
2026-09-25T02:35:00.835721+00:00,22:35,2026-09-24,TSEM,2026-09-24,1,217.279999,7
2026-09-25T02:35:00.835721+00:00,22:35,2026-09-24,GSM,2026-09-24,1,3.980000,7
2026-09-25T02:35:00.835721+00:00,22:35,2026-09-24,ENTG,2026-09-24,1,148.630005,7
2026-09-25T02:35:00.835721+00:00,22:35,2026-09-24,MKSI,2026-09-24,1,257.980011,7
2026-09-25T02:35:00.835721+00:00,22:35,2026-09-24,LIN,2026-09-24,1,468.140015,7
2026-09-25T02:35:00.835721+00:00,22:35,2026-09-24,SHECY,2026-09-24,1,18.559999,7
2026-09-25T02:35:00.835721+00:00,22:35,2026-09-24,ASML,2026-09-24,1,1722.500000,7
2026-09-25T02:35:00.835721+00:00,22:35,2026-09-24,AMAT,2026-09-24,1,474.250000,7
2026-09-25T02:35:00.835721+00:00,22:35,2026-09-24,LRCX,2026-09-24,1,307.160004,7
2026-09-25T02:35:00.835721+00:00,22:35,2026-09-24,KLAC,2026-09-24,1,187.110001,7
2026-09-25T02:35:00.835721+00:00,22:35,2026-09-24,TER,2026-09-24,1,387.700012,7
2026-09-25T02:35:00.835721+00:00,22:35,2026-09-24,TOELY,2026-09-24,1,172.149994,7
2026-09-25T02:35:00.835721+00:00,22:35,2026-09-24,TSM,2026-09-24,1,451.149994,7
2026-09-25T02:35:00.835721+00:00,22:35,2026-09-24,INTC,2026-09-24,1,127.389999,7
2026-09-25T02:35:00.835721+00:00,22:35,2026-09-24,MU,2026-09-24,1,1080.530029,7
2026-09-25T02:35:00.835721+00:00,22:35,2026-09-24,SNDK,2026-09-24,1,1753.619995,7
2026-09-25T02:35:00.835721+00:00,22:35,2026-09-24,WDC,2026-09-24,1,450.309998,7
2026-09-25T02:35:00.835721+00:00,22:35,2026-09-24,ASX,2026-09-24,1,43.500000,7
2026-09-25T02:35:00.835721+00:00,22:35,2026-09-24,AMKR,2026-09-24,1,52.689999,7
2026-09-25T02:35:00.835721+00:00,22:35,2026-09-24,NVDA,2026-09-24,1,224.580002,7
2026-09-25T02:35:00.835721+00:00,22:35,2026-09-24,AVGO,2026-09-24,1,350.359985,7
2026-09-25T02:35:00.835721+00:00,22:35,2026-09-24,AMD,2026-09-24,1,629.260010,7
2026-09-25T02:35:00.835721+00:00,22:35,2026-09-24,QCOM,2026-09-24,1,194.259995,7
2026-09-25T02:35:00.835721+00:00,22:35,2026-09-24,ARM,2026-09-24,1,306.339996,7
2026-09-25T02:35:00.835721+00:00,22:35,2026-09-24,SNPS,2026-09-24,1,424.910004,7
2026-09-25T02:35:00.835721+00:00,22:35,2026-09-24,CDNS,2026-09-24,1,322.000000,7
2026-09-25T02:35:00.835721+00:00,22:35,2026-09-24,MSFT,2026-09-24,1,497.929993,7
2026-09-25T02:35:00.835721+00:00,22:35,2026-09-24,GOOGL,2026-09-24,1,342.359985,7
2026-09-25T02:35:00.835721+00:00,22:35,2026-09-24,META,2026-09-24,1,777.590027,7
2026-09-25T02:35:00.835721+00:00,22:35,2026-09-24,AMZN,2026-09-24,1,249.380005,7
2026-09-25T02:35:00.835721+00:00,22:35,2026-09-24,VRT,2026-09-24,1,245.300003,7
2026-09-25T02:35:00.835721+00:00,22:35,2026-09-24,SMH,2026-09-24,1,600.520020,7
2026-09-25T02:35:00.835721+00:00,22:35,2026-09-24,SOXX,2026-09-24,1,566.070007,7
2026-09-25T02:35:00.835721+00:00,22:35,2026-09-24,XSD,2026-09-24,1,526.700012,7
2026-09-25T03:05:00.837374+00:00,23:05,2026-09-24,UMC,2026-09-24,1,24.100000,7
2026-09-25T03:05:00.837374+00:00,23:05,2026-09-24,GFS,2026-09-24,1,47.049999,7
2026-09-25T03:05:00.837374+00:00,23:05,2026-09-24,TSEM,2026-09-24,1,217.279999,7
2026-09-25T03:05:00.837374+00:00,23:05,2026-09-24,GSM,2026-09-24,1,3.980000,7
2026-09-25T03:05:00.837374+00:00,23:05,2026-09-24,ENTG,2026-09-24,1,148.630005,7
2026-09-25T03:05:00.837374+00:00,23:05,2026-09-24,MKSI,2026-09-24,1,257.980011,7
2026-09-25T03:05:00.837374+00:00,23:05,2026-09-24,LIN,2026-09-24,1,468.140015,7
2026-09-25T03:05:00.837374+00:00,23:05,2026-09-24,SHECY,2026-09-24,1,18.559999,7
2026-09-25T03:05:00.837374+00:00,23:05,2026-09-24,ASML,2026-09-24,1,1722.500000,7
2026-09-25T03:05:00.837374+00:00,23:05,2026-09-24,AMAT,2026-09-24,1,474.250000,7
2026-09-25T03:05:00.837374+00:00,23:05,2026-09-24,LRCX,2026-09-24,1,307.160004,7
2026-09-25T03:05:00.837374+00:00,23:05,2026-09-24,KLAC,2026-09-24,1,187.110001,7
2026-09-25T03:05:00.837374+00:00,23:05,2026-09-24,TER,2026-09-24,1,387.700012,7
2026-09-25T03:05:00.837374+00:00,23:05,2026-09-24,TOELY,2026-09-24,1,172.149994,7
2026-09-25T03:05:00.837374+00:00,23:05,2026-09-24,TSM,2026-09-24,1,451.149994,7
2026-09-25T03:05:00.837374+00:00,23:05,2026-09-24,INTC,2026-09-24,1,127.389999,7
2026-09-25T03:05:00.837374+00:00,23:05,2026-09-24,MU,2026-09-24,1,1080.530029,7
2026-09-25T03:05:00.837374+00:00,23:05,2026-09-24,SNDK,2026-09-24,1,1753.619995,7
2026-09-25T03:05:00.837374+00:00,23:05,2026-09-24,WDC,2026-09-24,1,450.309998,7
2026-09-25T03:05:00.837374+00:00,23:05,2026-09-24,ASX,2026-09-24,1,43.500000,7
2026-09-25T03:05:00.837374+00:00,23:05,2026-09-24,AMKR,2026-09-24,1,52.689999,7
2026-09-25T03:05:00.837374+00:00,23:05,2026-09-24,NVDA,2026-09-24,1,224.580002,7
2026-09-25T03:05:00.837374+00:00,23:05,2026-09-24,AVGO,2026-09-24,1,350.359985,7
2026-09-25T03:05:00.837374+00:00,23:05,2026-09-24,AMD,2026-09-24,1,629.260010,7
2026-09-25T03:05:00.837374+00:00,23:05,2026-09-24,QCOM,2026-09-24,1,194.259995,7
2026-09-25T03:05:00.837374+00:00,23:05,2026-09-24,ARM,2026-09-24,1,306.339996,7
2026-09-25T03:05:00.837374+00:00,23:05,2026-09-24,SNPS,2026-09-24,1,424.910004,7
2026-09-25T03:05:00.837374+00:00,23:05,2026-09-24,CDNS,2026-09-24,1,322.000000,7
2026-09-25T03:05:00.837374+00:00,23:05,2026-09-24,MSFT,2026-09-24,1,497.929993,7
2026-09-25T03:05:00.837374+00:00,23:05,2026-09-24,GOOGL,2026-09-24,1,342.359985,7
2026-09-25T03:05:00.837374+00:00,23:05,2026-09-24,META,2026-09-24,1,777.590027,7
2026-09-25T03:05:00.837374+00:00,23:05,2026-09-24,AMZN,2026-09-24,1,249.380005,7
2026-09-25T03:05:00.837374+00:00,23:05,2026-09-24,VRT,2026-09-24,1,245.300003,7
2026-09-25T03:05:00.837374+00:00,23:05,2026-09-24,SMH,2026-09-24,1,600.520020,7
2026-09-25T03:05:00.837374+00:00,23:05,2026-09-24,SOXX,2026-09-24,1,566.070007,7
2026-09-25T03:05:00.837374+00:00,23:05,2026-09-24,XSD,2026-09-24,1,526.700012,7
2026-09-25T03:35:01.183672+00:00,23:35,2026-09-24,UMC,2026-09-24,1,24.100000,7
2026-09-25T03:35:01.183672+00:00,23:35,2026-09-24,GFS,2026-09-24,1,47.049999,7
2026-09-25T03:35:01.183672+00:00,23:35,2026-09-24,TSEM,2026-09-24,1,217.279999,7
2026-09-25T03:35:01.183672+00:00,23:35,2026-09-24,GSM,2026-09-24,1,3.980000,7
2026-09-25T03:35:01.183672+00:00,23:35,2026-09-24,ENTG,2026-09-24,1,148.630005,7
2026-09-25T03:35:01.183672+00:00,23:35,2026-09-24,MKSI,2026-09-24,1,257.980011,7
2026-09-25T03:35:01.183672+00:00,23:35,2026-09-24,LIN,2026-09-24,1,468.140015,7
2026-09-25T03:35:01.183672+00:00,23:35,2026-09-24,SHECY,2026-09-24,1,18.559999,7
2026-09-25T03:35:01.183672+00:00,23:35,2026-09-24,ASML,2026-09-24,1,1722.500000,7
2026-09-25T03:35:01.183672+00:00,23:35,2026-09-24,AMAT,2026-09-24,1,474.250000,7
2026-09-25T03:35:01.183672+00:00,23:35,2026-09-24,LRCX,2026-09-24,1,307.160004,7
2026-09-25T03:35:01.183672+00:00,23:35,2026-09-24,KLAC,2026-09-24,1,187.110001,7
2026-09-25T03:35:01.183672+00:00,23:35,2026-09-24,TER,2026-09-24,1,387.700012,7
2026-09-25T03:35:01.183672+00:00,23:35,2026-09-24,TOELY,2026-09-24,1,172.149994,7
2026-09-25T03:35:01.183672+00:00,23:35,2026-09-24,TSM,2026-09-24,1,451.149994,7
2026-09-25T03:35:01.183672+00:00,23:35,2026-09-24,INTC,2026-09-24,1,127.389999,7
2026-09-25T03:35:01.183672+00:00,23:35,2026-09-24,MU,2026-09-24,1,1080.530029,7
2026-09-25T03:35:01.183672+00:00,23:35,2026-09-24,SNDK,2026-09-24,1,1753.619995,7
2026-09-25T03:35:01.183672+00:00,23:35,2026-09-24,WDC,2026-09-24,1,450.309998,7
2026-09-25T03:35:01.183672+00:00,23:35,2026-09-24,ASX,2026-09-24,1,43.500000,7
2026-09-25T03:35:01.183672+00:00,23:35,2026-09-24,AMKR,2026-09-24,1,52.689999,7
2026-09-25T03:35:01.183672+00:00,23:35,2026-09-24,NVDA,2026-09-24,1,224.580002,7
2026-09-25T03:35:01.183672+00:00,23:35,2026-09-24,AVGO,2026-09-24,1,350.359985,7
2026-09-25T03:35:01.183672+00:00,23:35,2026-09-24,AMD,2026-09-24,1,629.260010,7
2026-09-25T03:35:01.183672+00:00,23:35,2026-09-24,QCOM,2026-09-24,1,194.259995,7
2026-09-25T03:35:01.183672+00:00,23:35,2026-09-24,ARM,2026-09-24,1,306.339996,7
2026-09-25T03:35:01.183672+00:00,23:35,2026-09-24,SNPS,2026-09-24,1,424.910004,7
2026-09-25T03:35:01.183672+00:00,23:35,2026-09-24,CDNS,2026-09-24,1,322.000000,7
2026-09-25T03:35:01.183672+00:00,23:35,2026-09-24,MSFT,2026-09-24,1,497.929993,7
2026-09-25T03:35:01.183672+00:00,23:35,2026-09-24,GOOGL,2026-09-24,1,342.359985,7
2026-09-25T03:35:01.183672+00:00,23:35,2026-09-24,META,2026-09-24,1,777.590027,7
2026-09-25T03:35:01.183672+00:00,23:35,2026-09-24,AMZN,2026-09-24,1,249.380005,7
2026-09-25T03:35:01.183672+00:00,23:35,2026-09-24,VRT,2026-09-24,1,245.300003,7
2026-09-25T03:35:01.183672+00:00,23:35,2026-09-24,SMH,2026-09-24,1,600.520020,7
2026-09-25T03:35:01.183672+00:00,23:35,2026-09-24,SOXX,2026-09-24,1,566.070007,7
2026-09-25T03:35:01.183672+00:00,23:35,2026-09-24,XSD,2026-09-24,1,526.700012,7
2026-09-28T17:42:55.212430+00:00,13:42,2026-09-28,UMC,2026-09-28,1,23.885000,7
2026-09-28T17:42:55.212430+00:00,13:42,2026-09-28,GFS,2026-09-28,1,47.610100,7
2026-09-28T17:42:55.212430+00:00,13:42,2026-09-28,TSEM,2026-09-28,1,226.214996,7
2026-09-28T17:42:55.212430+00:00,13:42,2026-09-28,GSM,2026-09-28,1,4.005000,7
2026-09-28T17:42:55.212430+00:00,13:42,2026-09-28,ENTG,2026-09-28,1,149.949997,7
2026-09-28T17:42:55.212430+00:00,13:42,2026-09-28,MKSI,2026-09-28,1,257.790009,7
2026-09-28T17:42:55.212430+00:00,13:42,2026-09-28,LIN,2026-09-28,1,471.649994,7
2026-09-28T17:42:55.212430+00:00,13:42,2026-09-28,SHECY,2026-09-28,1,18.510000,7
2026-09-28T17:42:55.212430+00:00,13:42,2026-09-28,ASML,2026-09-28,1,1778.380005,7
2026-09-28T17:42:55.212430+00:00,13:42,2026-09-28,AMAT,2026-09-28,1,482.109985,7
2026-09-28T17:42:55.212430+00:00,13:42,2026-09-28,LRCX,2026-09-28,1,313.959991,7
2026-09-28T17:42:55.212430+00:00,13:42,2026-09-28,KLAC,2026-09-28,1,188.929993,7
2026-09-28T17:42:55.212430+00:00,13:42,2026-09-28,TER,2026-09-28,1,397.144989,7
2026-09-28T17:42:55.212430+00:00,13:42,2026-09-28,TOELY,2026-09-24,0,172.149994,7
2026-09-28T17:42:55.212430+00:00,13:42,2026-09-28,TSM,2026-09-28,1,453.309998,7
2026-09-28T17:42:55.212430+00:00,13:42,2026-09-28,INTC,2026-09-28,1,115.875000,7
2026-09-28T17:42:55.212430+00:00,13:42,2026-09-28,MU,2026-09-28,1,1054.750000,7
2026-09-28T17:42:55.212430+00:00,13:42,2026-09-28,SNDK,2026-09-28,1,1711.239990,7
2026-09-28T17:42:55.212430+00:00,13:42,2026-09-28,WDC,2026-09-28,1,449.484985,7
2026-09-28T17:42:55.212430+00:00,13:42,2026-09-28,ASX,2026-09-28,1,43.779499,7
2026-09-28T17:42:55.212430+00:00,13:42,2026-09-28,AMKR,2026-09-28,1,52.919998,7
2026-09-28T17:42:55.212430+00:00,13:42,2026-09-28,NVDA,2026-09-28,1,230.115005,7
2026-09-28T17:42:55.212430+00:00,13:42,2026-09-28,AVGO,2026-09-28,1,351.250000,7
2026-09-28T17:42:55.212430+00:00,13:42,2026-09-28,AMD,2026-09-28,1,605.280029,7
2026-09-28T17:42:55.212430+00:00,13:42,2026-09-28,QCOM,2026-09-28,1,189.559998,7
2026-09-28T17:42:55.212430+00:00,13:42,2026-09-28,ARM,2026-09-28,1,285.049988,7
2026-09-28T17:42:55.212430+00:00,13:42,2026-09-28,SNPS,2026-09-28,1,418.149994,7
2026-09-28T17:42:55.212430+00:00,13:42,2026-09-28,CDNS,2026-09-28,1,327.089996,7
2026-09-28T17:42:55.212430+00:00,13:42,2026-09-28,MSFT,2026-09-28,1,511.940002,7
2026-09-28T17:42:55.212430+00:00,13:42,2026-09-28,GOOGL,2026-09-28,1,342.644989,7
2026-09-28T17:42:55.212430+00:00,13:42,2026-09-28,META,2026-09-28,1,722.700012,7
2026-09-28T17:42:55.212430+00:00,13:42,2026-09-28,AMZN,2026-09-28,1,247.119995,7
2026-09-28T17:42:55.212430+00:00,13:42,2026-09-28,VRT,2026-09-28,1,245.249893,7
2026-09-28T17:42:55.212430+00:00,13:42,2026-09-28,SMH,2026-09-28,1,600.859985,7
2026-09-28T17:42:55.212430+00:00,13:42,2026-09-28,SOXX,2026-09-28,1,560.299988,7
2026-09-28T17:42:55.212430+00:00,13:42,2026-09-28,XSD,2026-09-28,1,528.889893,7
2026-09-29T00:05:01.082076+00:00,20:05,2026-09-28,UMC,2026-09-25,0,24.309999,7
2026-09-29T00:05:01.082076+00:00,20:05,2026-09-28,GFS,2026-09-25,0,49.000000,7
2026-09-29T00:05:01.082076+00:00,20:05,2026-09-28,TSEM,2026-09-25,0,230.470001,7
2026-09-29T00:05:01.082076+00:00,20:05,2026-09-28,GSM,2026-09-25,0,4.070000,7
2026-09-29T00:05:01.082076+00:00,20:05,2026-09-28,ENTG,2026-09-25,0,151.889999,7
2026-09-29T00:05:01.082076+00:00,20:05,2026-09-28,MKSI,2026-09-25,0,260.820007,7
2026-09-29T00:05:01.082076+00:00,20:05,2026-09-28,LIN,2026-09-25,0,469.890015,7
2026-09-29T00:05:01.082076+00:00,20:05,2026-09-28,SHECY,2026-09-28,1,18.469999,7
2026-09-29T00:05:01.082076+00:00,20:05,2026-09-28,ASML,2026-09-25,0,1743.939941,7
2026-09-29T00:05:01.082076+00:00,20:05,2026-09-28,AMAT,2026-09-25,0,485.000000,7
2026-09-29T00:05:01.082076+00:00,20:05,2026-09-28,LRCX,2026-09-25,0,315.209991,7
2026-09-29T00:05:01.082076+00:00,20:05,2026-09-28,KLAC,2026-09-25,0,187.919998,7
2026-09-29T00:05:01.082076+00:00,20:05,2026-09-28,TER,2026-09-25,0,398.380005,7
2026-09-29T00:05:01.082076+00:00,20:05,2026-09-28,TOELY,2026-09-24,0,172.149994,7
2026-09-29T00:05:01.082076+00:00,20:05,2026-09-28,TSM,2026-09-25,0,450.609985,7
2026-09-29T00:05:01.082076+00:00,20:05,2026-09-28,INTC,2026-09-25,0,123.000000,7
2026-09-29T00:05:01.082076+00:00,20:05,2026-09-28,MU,2026-09-25,0,1082.280029,7
2026-09-29T00:05:01.082076+00:00,20:05,2026-09-28,SNDK,2026-09-25,0,1777.800049,7
2026-09-29T00:05:01.082076+00:00,20:05,2026-09-28,WDC,2026-09-25,0,456.809998,7
2026-09-29T00:05:01.082076+00:00,20:05,2026-09-28,ASX,2026-09-25,0,44.310001,7
2026-09-29T00:05:01.082076+00:00,20:05,2026-09-28,AMKR,2026-09-25,0,53.610001,7
2026-09-29T00:05:01.082076+00:00,20:05,2026-09-28,NVDA,2026-09-25,0,225.070007,7
2026-09-29T00:05:01.082076+00:00,20:05,2026-09-28,AVGO,2026-09-25,0,352.809998,7
2026-09-29T00:05:01.082076+00:00,20:05,2026-09-28,AMD,2026-09-25,0,630.630005,7
2026-09-29T00:05:01.082076+00:00,20:05,2026-09-28,QCOM,2026-09-25,0,201.970001,7
2026-09-29T00:05:01.082076+00:00,20:05,2026-09-28,ARM,2026-09-25,0,310.320007,7
2026-09-29T00:05:01.082076+00:00,20:05,2026-09-28,SNPS,2026-09-25,0,425.760010,7
2026-09-29T00:05:01.082076+00:00,20:05,2026-09-28,CDNS,2026-09-25,0,326.130005,7
2026-09-29T00:05:01.082076+00:00,20:05,2026-09-28,MSFT,2026-09-25,0,516.169983,7
2026-09-29T00:05:01.082076+00:00,20:05,2026-09-28,GOOGL,2026-09-25,0,343.920013,7
2026-09-29T00:05:01.082076+00:00,20:05,2026-09-28,META,2026-09-25,0,751.659973,7
2026-09-29T00:05:01.082076+00:00,20:05,2026-09-28,AMZN,2026-09-25,0,249.669998,7
2026-09-29T00:05:01.082076+00:00,20:05,2026-09-28,VRT,2026-09-25,0,253.279999,7
2026-09-29T00:05:01.082076+00:00,20:05,2026-09-28,SMH,2026-09-25,0,606.559998,7
2026-09-29T00:05:01.082076+00:00,20:05,2026-09-28,SOXX,2026-09-25,0,572.679993,7
2026-09-29T00:05:01.082076+00:00,20:05,2026-09-28,XSD,2026-09-25,0,540.739990,7
2026-09-29T00:35:00.772226+00:00,20:35,2026-09-28,UMC,2026-09-25,0,24.309999,7
2026-09-29T00:35:00.772226+00:00,20:35,2026-09-28,GFS,2026-09-25,0,49.000000,7
2026-09-29T00:35:00.772226+00:00,20:35,2026-09-28,TSEM,2026-09-25,0,230.470001,7
2026-09-29T00:35:00.772226+00:00,20:35,2026-09-28,GSM,2026-09-25,0,4.070000,7
2026-09-29T00:35:00.772226+00:00,20:35,2026-09-28,ENTG,2026-09-25,0,151.889999,7
2026-09-29T00:35:00.772226+00:00,20:35,2026-09-28,MKSI,2026-09-25,0,260.820007,7
2026-09-29T00:35:00.772226+00:00,20:35,2026-09-28,LIN,2026-09-25,0,469.890015,7
2026-09-29T00:35:00.772226+00:00,20:35,2026-09-28,SHECY,2026-09-28,1,18.469999,7
2026-09-29T00:35:00.772226+00:00,20:35,2026-09-28,ASML,2026-09-25,0,1743.939941,7
2026-09-29T00:35:00.772226+00:00,20:35,2026-09-28,AMAT,2026-09-25,0,485.000000,7
2026-09-29T00:35:00.772226+00:00,20:35,2026-09-28,LRCX,2026-09-25,0,315.209991,7
2026-09-29T00:35:00.772226+00:00,20:35,2026-09-28,KLAC,2026-09-25,0,187.919998,7
2026-09-29T00:35:00.772226+00:00,20:35,2026-09-28,TER,2026-09-25,0,398.380005,7
2026-09-29T00:35:00.772226+00:00,20:35,2026-09-28,TOELY,2026-09-24,0,172.149994,7
2026-09-29T00:35:00.772226+00:00,20:35,2026-09-28,TSM,2026-09-25,0,450.609985,7
2026-09-29T00:35:00.772226+00:00,20:35,2026-09-28,INTC,2026-09-25,0,123.000000,7
2026-09-29T00:35:00.772226+00:00,20:35,2026-09-28,MU,2026-09-25,0,1082.280029,7
2026-09-29T00:35:00.772226+00:00,20:35,2026-09-28,SNDK,2026-09-25,0,1777.800049,7
2026-09-29T00:35:00.772226+00:00,20:35,2026-09-28,WDC,2026-09-25,0,456.809998,7
2026-09-29T00:35:00.772226+00:00,20:35,2026-09-28,ASX,2026-09-25,0,44.310001,7
2026-09-29T00:35:00.772226+00:00,20:35,2026-09-28,AMKR,2026-09-25,0,53.610001,7
2026-09-29T00:35:00.772226+00:00,20:35,2026-09-28,NVDA,2026-09-25,0,225.070007,7
2026-09-29T00:35:00.772226+00:00,20:35,2026-09-28,AVGO,2026-09-25,0,352.809998,7
2026-09-29T00:35:00.772226+00:00,20:35,2026-09-28,AMD,2026-09-25,0,630.630005,7
2026-09-29T00:35:00.772226+00:00,20:35,2026-09-28,QCOM,2026-09-25,0,201.970001,7
2026-09-29T00:35:00.772226+00:00,20:35,2026-09-28,ARM,2026-09-25,0,310.320007,7
2026-09-29T00:35:00.772226+00:00,20:35,2026-09-28,SNPS,2026-09-25,0,425.760010,7
2026-09-29T00:35:00.772226+00:00,20:35,2026-09-28,CDNS,2026-09-25,0,326.130005,7
2026-09-29T00:35:00.772226+00:00,20:35,2026-09-28,MSFT,2026-09-25,0,516.169983,7
2026-09-29T00:35:00.772226+00:00,20:35,2026-09-28,GOOGL,2026-09-25,0,343.920013,7
2026-09-29T00:35:00.772226+00:00,20:35,2026-09-28,META,2026-09-25,0,751.659973,7
2026-09-29T00:35:00.772226+00:00,20:35,2026-09-28,AMZN,2026-09-25,0,249.669998,7
2026-09-29T00:35:00.772226+00:00,20:35,2026-09-28,VRT,2026-09-25,0,253.279999,7
2026-09-29T00:35:00.772226+00:00,20:35,2026-09-28,SMH,2026-09-25,0,606.559998,7
2026-09-29T00:35:00.772226+00:00,20:35,2026-09-28,SOXX,2026-09-25,0,572.679993,7
2026-09-29T00:35:00.772226+00:00,20:35,2026-09-28,XSD,2026-09-25,0,540.739990,7
2026-09-29T01:05:01.064611+00:00,21:05,2026-09-28,UMC,2026-09-25,0,24.309999,7
2026-09-29T01:05:01.064611+00:00,21:05,2026-09-28,GFS,2026-09-25,0,49.000000,7
2026-09-29T01:05:01.064611+00:00,21:05,2026-09-28,TSEM,2026-09-25,0,230.470001,7
2026-09-29T01:05:01.064611+00:00,21:05,2026-09-28,GSM,2026-09-25,0,4.070000,7
2026-09-29T01:05:01.064611+00:00,21:05,2026-09-28,ENTG,2026-09-25,0,151.889999,7
2026-09-29T01:05:01.064611+00:00,21:05,2026-09-28,MKSI,2026-09-25,0,260.820007,7
2026-09-29T01:05:01.064611+00:00,21:05,2026-09-28,LIN,2026-09-25,0,469.890015,7
2026-09-29T01:05:01.064611+00:00,21:05,2026-09-28,SHECY,2026-09-28,1,18.469999,7
2026-09-29T01:05:01.064611+00:00,21:05,2026-09-28,ASML,2026-09-25,0,1743.939941,7
2026-09-29T01:05:01.064611+00:00,21:05,2026-09-28,AMAT,2026-09-25,0,485.000000,7
2026-09-29T01:05:01.064611+00:00,21:05,2026-09-28,LRCX,2026-09-25,0,315.209991,7
2026-09-29T01:05:01.064611+00:00,21:05,2026-09-28,KLAC,2026-09-25,0,187.919998,7
2026-09-29T01:05:01.064611+00:00,21:05,2026-09-28,TER,2026-09-25,0,398.380005,7
2026-09-29T01:05:01.064611+00:00,21:05,2026-09-28,TOELY,2026-09-24,0,172.149994,7
2026-09-29T01:05:01.064611+00:00,21:05,2026-09-28,TSM,2026-09-25,0,450.609985,7
2026-09-29T01:05:01.064611+00:00,21:05,2026-09-28,INTC,2026-09-25,0,123.000000,7
2026-09-29T01:05:01.064611+00:00,21:05,2026-09-28,MU,2026-09-25,0,1082.280029,7
2026-09-29T01:05:01.064611+00:00,21:05,2026-09-28,SNDK,2026-09-25,0,1777.800049,7
2026-09-29T01:05:01.064611+00:00,21:05,2026-09-28,WDC,2026-09-25,0,456.809998,7
2026-09-29T01:05:01.064611+00:00,21:05,2026-09-28,ASX,2026-09-25,0,44.310001,7
2026-09-29T01:05:01.064611+00:00,21:05,2026-09-28,AMKR,2026-09-25,0,53.610001,7
2026-09-29T01:05:01.064611+00:00,21:05,2026-09-28,NVDA,2026-09-25,0,225.070007,7
2026-09-29T01:05:01.064611+00:00,21:05,2026-09-28,AVGO,2026-09-25,0,352.809998,7
2026-09-29T01:05:01.064611+00:00,21:05,2026-09-28,AMD,2026-09-25,0,630.630005,7
2026-09-29T01:05:01.064611+00:00,21:05,2026-09-28,QCOM,2026-09-25,0,201.970001,7
2026-09-29T01:05:01.064611+00:00,21:05,2026-09-28,ARM,2026-09-25,0,310.320007,7
2026-09-29T01:05:01.064611+00:00,21:05,2026-09-28,SNPS,2026-09-25,0,425.760010,7
2026-09-29T01:05:01.064611+00:00,21:05,2026-09-28,CDNS,2026-09-25,0,326.130005,7
2026-09-29T01:05:01.064611+00:00,21:05,2026-09-28,MSFT,2026-09-25,0,516.169983,7
2026-09-29T01:05:01.064611+00:00,21:05,2026-09-28,GOOGL,2026-09-25,0,343.920013,7
2026-09-29T01:05:01.064611+00:00,21:05,2026-09-28,META,2026-09-25,0,751.659973,7
2026-09-29T01:05:01.064611+00:00,21:05,2026-09-28,AMZN,2026-09-25,0,249.669998,7
2026-09-29T01:05:01.064611+00:00,21:05,2026-09-28,VRT,2026-09-25,0,253.279999,7
2026-09-29T01:05:01.064611+00:00,21:05,2026-09-28,SMH,2026-09-25,0,606.559998,7
2026-09-29T01:05:01.064611+00:00,21:05,2026-09-28,SOXX,2026-09-25,0,572.679993,7
2026-09-29T01:05:01.064611+00:00,21:05,2026-09-28,XSD,2026-09-25,0,540.739990,7
2026-09-29T01:35:00.801393+00:00,21:35,2026-09-28,UMC,2026-09-28,1,23.850000,7
2026-09-29T01:35:00.801393+00:00,21:35,2026-09-28,GFS,2026-09-28,1,47.779999,7
2026-09-29T01:35:00.801393+00:00,21:35,2026-09-28,TSEM,2026-09-28,1,226.039993,7
2026-09-29T01:35:00.801393+00:00,21:35,2026-09-28,GSM,2026-09-28,1,3.990000,7
2026-09-29T01:35:00.801393+00:00,21:35,2026-09-28,ENTG,2026-09-28,1,150.630005,7
2026-09-29T01:35:00.801393+00:00,21:35,2026-09-28,MKSI,2026-09-28,1,258.380005,7
2026-09-29T01:35:00.801393+00:00,21:35,2026-09-28,LIN,2026-09-28,1,472.040009,7
2026-09-29T01:35:00.801393+00:00,21:35,2026-09-28,SHECY,2026-09-28,1,18.469999,7
2026-09-29T01:35:00.801393+00:00,21:35,2026-09-28,ASML,2026-09-28,1,1771.410034,7
2026-09-29T01:35:00.801393+00:00,21:35,2026-09-28,AMAT,2026-09-28,1,486.760010,7
2026-09-29T01:35:00.801393+00:00,21:35,2026-09-28,LRCX,2026-09-28,1,314.470001,7
2026-09-29T01:35:00.801393+00:00,21:35,2026-09-28,KLAC,2026-09-28,1,189.169998,7
2026-09-29T01:35:00.801393+00:00,21:35,2026-09-28,TER,2026-09-28,1,401.299988,7
2026-09-29T01:35:00.801393+00:00,21:35,2026-09-28,TOELY,2026-09-24,0,172.149994,7
2026-09-29T01:35:00.801393+00:00,21:35,2026-09-28,TSM,2026-09-28,1,452.880005,7
2026-09-29T01:35:00.801393+00:00,21:35,2026-09-28,INTC,2026-09-28,1,116.029999,7
2026-09-29T01:35:00.801393+00:00,21:35,2026-09-28,MU,2026-09-28,1,1053.979980,7
2026-09-29T01:35:00.801393+00:00,21:35,2026-09-28,SNDK,2026-09-28,1,1712.890015,7
2026-09-29T01:35:00.801393+00:00,21:35,2026-09-28,WDC,2026-09-28,1,453.230011,7
2026-09-29T01:35:00.801393+00:00,21:35,2026-09-28,ASX,2026-09-28,1,43.790001,7
2026-09-29T01:35:00.801393+00:00,21:35,2026-09-28,AMKR,2026-09-28,1,53.180000,7
2026-09-29T01:35:00.801393+00:00,21:35,2026-09-28,NVDA,2026-09-28,1,228.860001,7
2026-09-29T01:35:00.801393+00:00,21:35,2026-09-28,AVGO,2026-09-28,1,349.570007,7
2026-09-29T01:35:00.801393+00:00,21:35,2026-09-28,AMD,2026-09-28,1,607.869995,7
2026-09-29T01:35:00.801393+00:00,21:35,2026-09-28,QCOM,2026-09-28,1,187.479996,7
2026-09-29T01:35:00.801393+00:00,21:35,2026-09-28,ARM,2026-09-28,1,283.329987,7
2026-09-29T01:35:00.801393+00:00,21:35,2026-09-28,SNPS,2026-09-28,1,417.609985,7
2026-09-29T01:35:00.801393+00:00,21:35,2026-09-28,CDNS,2026-09-28,1,326.700012,7
2026-09-29T01:35:00.801393+00:00,21:35,2026-09-28,MSFT,2026-09-28,1,509.220001,7
2026-09-29T01:35:00.801393+00:00,21:35,2026-09-28,GOOGL,2026-09-28,1,342.750000,7
2026-09-29T01:35:00.801393+00:00,21:35,2026-09-28,META,2026-09-28,1,715.619995,7
2026-09-29T01:35:00.801393+00:00,21:35,2026-09-28,AMZN,2026-09-28,1,246.149994,7
2026-09-29T01:35:00.801393+00:00,21:35,2026-09-28,VRT,2026-09-28,1,244.039993,7
2026-09-29T01:35:00.801393+00:00,21:35,2026-09-28,SMH,2026-09-28,1,600.010010,7
2026-09-29T01:35:00.801393+00:00,21:35,2026-09-28,SOXX,2026-09-28,1,560.789978,7
2026-09-29T01:35:00.801393+00:00,21:35,2026-09-28,XSD,2026-09-28,1,527.669983,7
2026-09-29T02:05:01.012274+00:00,22:05,2026-09-28,UMC,2026-09-28,1,23.850000,7
2026-09-29T02:05:01.012274+00:00,22:05,2026-09-28,GFS,2026-09-28,1,47.779999,7
2026-09-29T02:05:01.012274+00:00,22:05,2026-09-28,TSEM,2026-09-28,1,226.039993,7
2026-09-29T02:05:01.012274+00:00,22:05,2026-09-28,GSM,2026-09-28,1,3.990000,7
2026-09-29T02:05:01.012274+00:00,22:05,2026-09-28,ENTG,2026-09-28,1,150.630005,7
2026-09-29T02:05:01.012274+00:00,22:05,2026-09-28,MKSI,2026-09-28,1,258.380005,7
2026-09-29T02:05:01.012274+00:00,22:05,2026-09-28,LIN,2026-09-28,1,472.040009,7
2026-09-29T02:05:01.012274+00:00,22:05,2026-09-28,SHECY,2026-09-28,1,18.469999,7
2026-09-29T02:05:01.012274+00:00,22:05,2026-09-28,ASML,2026-09-28,1,1771.410034,7
2026-09-29T02:05:01.012274+00:00,22:05,2026-09-28,AMAT,2026-09-28,1,486.760010,7
2026-09-29T02:05:01.012274+00:00,22:05,2026-09-28,LRCX,2026-09-28,1,314.470001,7
2026-09-29T02:05:01.012274+00:00,22:05,2026-09-28,KLAC,2026-09-28,1,189.169998,7
2026-09-29T02:05:01.012274+00:00,22:05,2026-09-28,TER,2026-09-28,1,401.299988,7
2026-09-29T02:05:01.012274+00:00,22:05,2026-09-28,TOELY,2026-09-24,0,172.149994,7
2026-09-29T02:05:01.012274+00:00,22:05,2026-09-28,TSM,2026-09-28,1,452.880005,7
2026-09-29T02:05:01.012274+00:00,22:05,2026-09-28,INTC,2026-09-28,1,116.029999,7
2026-09-29T02:05:01.012274+00:00,22:05,2026-09-28,MU,2026-09-28,1,1053.979980,7
2026-09-29T02:05:01.012274+00:00,22:05,2026-09-28,SNDK,2026-09-28,1,1712.890015,7
2026-09-29T02:05:01.012274+00:00,22:05,2026-09-28,WDC,2026-09-28,1,453.230011,7
2026-09-29T02:05:01.012274+00:00,22:05,2026-09-28,ASX,2026-09-28,1,43.790001,7
2026-09-29T02:05:01.012274+00:00,22:05,2026-09-28,AMKR,2026-09-28,1,53.180000,7
2026-09-29T02:05:01.012274+00:00,22:05,2026-09-28,NVDA,2026-09-28,1,228.860001,7
2026-09-29T02:05:01.012274+00:00,22:05,2026-09-28,AVGO,2026-09-28,1,349.570007,7
2026-09-29T02:05:01.012274+00:00,22:05,2026-09-28,AMD,2026-09-28,1,607.869995,7
2026-09-29T02:05:01.012274+00:00,22:05,2026-09-28,QCOM,2026-09-28,1,187.479996,7
2026-09-29T02:05:01.012274+00:00,22:05,2026-09-28,ARM,2026-09-28,1,283.329987,7
2026-09-29T02:05:01.012274+00:00,22:05,2026-09-28,SNPS,2026-09-28,1,417.609985,7
2026-09-29T02:05:01.012274+00:00,22:05,2026-09-28,CDNS,2026-09-28,1,326.700012,7
2026-09-29T02:05:01.012274+00:00,22:05,2026-09-28,MSFT,2026-09-28,1,509.220001,7
2026-09-29T02:05:01.012274+00:00,22:05,2026-09-28,GOOGL,2026-09-28,1,342.750000,7
2026-09-29T02:05:01.012274+00:00,22:05,2026-09-28,META,2026-09-28,1,715.619995,7
2026-09-29T02:05:01.012274+00:00,22:05,2026-09-28,AMZN,2026-09-28,1,246.149994,7
2026-09-29T02:05:01.012274+00:00,22:05,2026-09-28,VRT,2026-09-28,1,244.039993,7
2026-09-29T02:05:01.012274+00:00,22:05,2026-09-28,SMH,2026-09-28,1,600.010010,7
2026-09-29T02:05:01.012274+00:00,22:05,2026-09-28,SOXX,2026-09-28,1,560.789978,7
2026-09-29T02:05:01.012274+00:00,22:05,2026-09-28,XSD,2026-09-28,1,527.669983,7
2026-09-29T02:35:00.785065+00:00,22:35,2026-09-28,UMC,2026-09-28,1,23.850000,7
2026-09-29T02:35:00.785065+00:00,22:35,2026-09-28,GFS,2026-09-28,1,47.779999,7
2026-09-29T02:35:00.785065+00:00,22:35,2026-09-28,TSEM,2026-09-28,1,226.039993,7
2026-09-29T02:35:00.785065+00:00,22:35,2026-09-28,GSM,2026-09-28,1,3.990000,7
2026-09-29T02:35:00.785065+00:00,22:35,2026-09-28,ENTG,2026-09-28,1,150.630005,7
2026-09-29T02:35:00.785065+00:00,22:35,2026-09-28,MKSI,2026-09-28,1,258.380005,7
2026-09-29T02:35:00.785065+00:00,22:35,2026-09-28,LIN,2026-09-28,1,472.040009,7
2026-09-29T02:35:00.785065+00:00,22:35,2026-09-28,SHECY,2026-09-28,1,18.469999,7
2026-09-29T02:35:00.785065+00:00,22:35,2026-09-28,ASML,2026-09-28,1,1771.410034,7
2026-09-29T02:35:00.785065+00:00,22:35,2026-09-28,AMAT,2026-09-28,1,486.760010,7
2026-09-29T02:35:00.785065+00:00,22:35,2026-09-28,LRCX,2026-09-28,1,314.470001,7
2026-09-29T02:35:00.785065+00:00,22:35,2026-09-28,KLAC,2026-09-28,1,189.169998,7
2026-09-29T02:35:00.785065+00:00,22:35,2026-09-28,TER,2026-09-28,1,401.299988,7
2026-09-29T02:35:00.785065+00:00,22:35,2026-09-28,TOELY,2026-09-24,0,172.149994,7
2026-09-29T02:35:00.785065+00:00,22:35,2026-09-28,TSM,2026-09-28,1,452.880005,7
2026-09-29T02:35:00.785065+00:00,22:35,2026-09-28,INTC,2026-09-28,1,116.029999,7
2026-09-29T02:35:00.785065+00:00,22:35,2026-09-28,MU,2026-09-28,1,1053.979980,7
2026-09-29T02:35:00.785065+00:00,22:35,2026-09-28,SNDK,2026-09-28,1,1712.890015,7
2026-09-29T02:35:00.785065+00:00,22:35,2026-09-28,WDC,2026-09-28,1,453.230011,7
2026-09-29T02:35:00.785065+00:00,22:35,2026-09-28,ASX,2026-09-28,1,43.790001,7
2026-09-29T02:35:00.785065+00:00,22:35,2026-09-28,AMKR,2026-09-28,1,53.180000,7
2026-09-29T02:35:00.785065+00:00,22:35,2026-09-28,NVDA,2026-09-28,1,228.860001,7
2026-09-29T02:35:00.785065+00:00,22:35,2026-09-28,AVGO,2026-09-28,1,349.570007,7
2026-09-29T02:35:00.785065+00:00,22:35,2026-09-28,AMD,2026-09-28,1,607.869995,7
2026-09-29T02:35:00.785065+00:00,22:35,2026-09-28,QCOM,2026-09-28,1,187.479996,7
2026-09-29T02:35:00.785065+00:00,22:35,2026-09-28,ARM,2026-09-28,1,283.329987,7
2026-09-29T02:35:00.785065+00:00,22:35,2026-09-28,SNPS,2026-09-28,1,417.609985,7
2026-09-29T02:35:00.785065+00:00,22:35,2026-09-28,CDNS,2026-09-28,1,326.700012,7
2026-09-29T02:35:00.785065+00:00,22:35,2026-09-28,MSFT,2026-09-28,1,509.220001,7
2026-09-29T02:35:00.785065+00:00,22:35,2026-09-28,GOOGL,2026-09-28,1,342.750000,7
2026-09-29T02:35:00.785065+00:00,22:35,2026-09-28,META,2026-09-28,1,715.619995,7
2026-09-29T02:35:00.785065+00:00,22:35,2026-09-28,AMZN,2026-09-28,1,246.149994,7
2026-09-29T02:35:00.785065+00:00,22:35,2026-09-28,VRT,2026-09-28,1,244.039993,7
2026-09-29T02:35:00.785065+00:00,22:35,2026-09-28,SMH,2026-09-28,1,600.010010,7
2026-09-29T02:35:00.785065+00:00,22:35,2026-09-28,SOXX,2026-09-28,1,560.789978,7
2026-09-29T02:35:00.785065+00:00,22:35,2026-09-28,XSD,2026-09-28,1,527.669983,7
2026-09-29T03:05:00.793215+00:00,23:05,2026-09-28,UMC,2026-09-28,1,23.850000,7
2026-09-29T03:05:00.793215+00:00,23:05,2026-09-28,GFS,2026-09-28,1,47.779999,7
2026-09-29T03:05:00.793215+00:00,23:05,2026-09-28,TSEM,2026-09-28,1,226.039993,7
2026-09-29T03:05:00.793215+00:00,23:05,2026-09-28,GSM,2026-09-28,1,3.990000,7
2026-09-29T03:05:00.793215+00:00,23:05,2026-09-28,ENTG,2026-09-28,1,150.630005,7
2026-09-29T03:05:00.793215+00:00,23:05,2026-09-28,MKSI,2026-09-28,1,258.380005,7
2026-09-29T03:05:00.793215+00:00,23:05,2026-09-28,LIN,2026-09-28,1,472.040009,7
2026-09-29T03:05:00.793215+00:00,23:05,2026-09-28,SHECY,2026-09-28,1,18.469999,7
2026-09-29T03:05:00.793215+00:00,23:05,2026-09-28,ASML,2026-09-28,1,1771.410034,7
2026-09-29T03:05:00.793215+00:00,23:05,2026-09-28,AMAT,2026-09-28,1,486.760010,7
2026-09-29T03:05:00.793215+00:00,23:05,2026-09-28,LRCX,2026-09-28,1,314.470001,7
2026-09-29T03:05:00.793215+00:00,23:05,2026-09-28,KLAC,2026-09-28,1,189.169998,7
2026-09-29T03:05:00.793215+00:00,23:05,2026-09-28,TER,2026-09-28,1,401.299988,7
2026-09-29T03:05:00.793215+00:00,23:05,2026-09-28,TOELY,2026-09-24,0,172.149994,7
2026-09-29T03:05:00.793215+00:00,23:05,2026-09-28,TSM,2026-09-28,1,452.880005,7
2026-09-29T03:05:00.793215+00:00,23:05,2026-09-28,INTC,2026-09-28,1,116.029999,7
2026-09-29T03:05:00.793215+00:00,23:05,2026-09-28,MU,2026-09-28,1,1053.979980,7
2026-09-29T03:05:00.793215+00:00,23:05,2026-09-28,SNDK,2026-09-28,1,1712.890015,7
2026-09-29T03:05:00.793215+00:00,23:05,2026-09-28,WDC,2026-09-28,1,453.230011,7
2026-09-29T03:05:00.793215+00:00,23:05,2026-09-28,ASX,2026-09-28,1,43.790001,7
2026-09-29T03:05:00.793215+00:00,23:05,2026-09-28,AMKR,2026-09-28,1,53.180000,7
2026-09-29T03:05:00.793215+00:00,23:05,2026-09-28,NVDA,2026-09-28,1,228.860001,7
2026-09-29T03:05:00.793215+00:00,23:05,2026-09-28,AVGO,2026-09-28,1,349.570007,7
2026-09-29T03:05:00.793215+00:00,23:05,2026-09-28,AMD,2026-09-28,1,607.869995,7
2026-09-29T03:05:00.793215+00:00,23:05,2026-09-28,QCOM,2026-09-28,1,187.479996,7
2026-09-29T03:05:00.793215+00:00,23:05,2026-09-28,ARM,2026-09-28,1,283.329987,7
2026-09-29T03:05:00.793215+00:00,23:05,2026-09-28,SNPS,2026-09-28,1,417.609985,7
2026-09-29T03:05:00.793215+00:00,23:05,2026-09-28,CDNS,2026-09-28,1,326.700012,7
2026-09-29T03:05:00.793215+00:00,23:05,2026-09-28,MSFT,2026-09-28,1,509.220001,7
2026-09-29T03:05:00.793215+00:00,23:05,2026-09-28,GOOGL,2026-09-28,1,342.750000,7
2026-09-29T03:05:00.793215+00:00,23:05,2026-09-28,META,2026-09-28,1,715.619995,7
2026-09-29T03:05:00.793215+00:00,23:05,2026-09-28,AMZN,2026-09-28,1,246.149994,7
2026-09-29T03:05:00.793215+00:00,23:05,2026-09-28,VRT,2026-09-28,1,244.039993,7
2026-09-29T03:05:00.793215+00:00,23:05,2026-09-28,SMH,2026-09-28,1,600.010010,7
2026-09-29T03:05:00.793215+00:00,23:05,2026-09-28,SOXX,2026-09-28,1,560.789978,7
2026-09-29T03:05:00.793215+00:00,23:05,2026-09-28,XSD,2026-09-28,1,527.669983,7
2026-09-29T03:35:01.015746+00:00,23:35,2026-09-28,UMC,2026-09-28,1,23.850000,7
2026-09-29T03:35:01.015746+00:00,23:35,2026-09-28,GFS,2026-09-28,1,47.779999,7
2026-09-29T03:35:01.015746+00:00,23:35,2026-09-28,TSEM,2026-09-28,1,226.039993,7
2026-09-29T03:35:01.015746+00:00,23:35,2026-09-28,GSM,2026-09-28,1,3.990000,7
2026-09-29T03:35:01.015746+00:00,23:35,2026-09-28,ENTG,2026-09-28,1,150.630005,7
2026-09-29T03:35:01.015746+00:00,23:35,2026-09-28,MKSI,2026-09-28,1,258.380005,7
2026-09-29T03:35:01.015746+00:00,23:35,2026-09-28,LIN,2026-09-28,1,472.040009,7
2026-09-29T03:35:01.015746+00:00,23:35,2026-09-28,SHECY,2026-09-28,1,18.480000,7
2026-09-29T03:35:01.015746+00:00,23:35,2026-09-28,ASML,2026-09-28,1,1771.410034,7
2026-09-29T03:35:01.015746+00:00,23:35,2026-09-28,AMAT,2026-09-28,1,486.760010,7
2026-09-29T03:35:01.015746+00:00,23:35,2026-09-28,LRCX,2026-09-28,1,314.470001,7
2026-09-29T03:35:01.015746+00:00,23:35,2026-09-28,KLAC,2026-09-28,1,189.169998,7
2026-09-29T03:35:01.015746+00:00,23:35,2026-09-28,TER,2026-09-28,1,401.299988,7
2026-09-29T03:35:01.015746+00:00,23:35,2026-09-28,TOELY,2026-09-24,0,172.149994,7
2026-09-29T03:35:01.015746+00:00,23:35,2026-09-28,TSM,2026-09-28,1,452.880005,7
2026-09-29T03:35:01.015746+00:00,23:35,2026-09-28,INTC,2026-09-28,1,116.029999,7
2026-09-29T03:35:01.015746+00:00,23:35,2026-09-28,MU,2026-09-28,1,1053.979980,7
2026-09-29T03:35:01.015746+00:00,23:35,2026-09-28,SNDK,2026-09-28,1,1712.890015,7
2026-09-29T03:35:01.015746+00:00,23:35,2026-09-28,WDC,2026-09-28,1,453.230011,7
2026-09-29T03:35:01.015746+00:00,23:35,2026-09-28,ASX,2026-09-28,1,43.790001,7
2026-09-29T03:35:01.015746+00:00,23:35,2026-09-28,AMKR,2026-09-28,1,53.180000,7
2026-09-29T03:35:01.015746+00:00,23:35,2026-09-28,NVDA,2026-09-28,1,228.860001,7
2026-09-29T03:35:01.015746+00:00,23:35,2026-09-28,AVGO,2026-09-28,1,349.570007,7
2026-09-29T03:35:01.015746+00:00,23:35,2026-09-28,AMD,2026-09-28,1,607.869995,7
2026-09-29T03:35:01.015746+00:00,23:35,2026-09-28,QCOM,2026-09-28,1,187.479996,7
2026-09-29T03:35:01.015746+00:00,23:35,2026-09-28,ARM,2026-09-28,1,283.329987,7
2026-09-29T03:35:01.015746+00:00,23:35,2026-09-28,SNPS,2026-09-28,1,417.609985,7
2026-09-29T03:35:01.015746+00:00,23:35,2026-09-28,CDNS,2026-09-28,1,326.700012,7
2026-09-29T03:35:01.015746+00:00,23:35,2026-09-28,MSFT,2026-09-28,1,509.220001,7
2026-09-29T03:35:01.015746+00:00,23:35,2026-09-28,GOOGL,2026-09-28,1,342.750000,7
2026-09-29T03:35:01.015746+00:00,23:35,2026-09-28,META,2026-09-28,1,715.619995,7
2026-09-29T03:35:01.015746+00:00,23:35,2026-09-28,AMZN,2026-09-28,1,246.149994,7
2026-09-29T03:35:01.015746+00:00,23:35,2026-09-28,VRT,2026-09-28,1,244.039993,7
2026-09-29T03:35:01.015746+00:00,23:35,2026-09-28,SMH,2026-09-28,1,600.010010,7
2026-09-29T03:35:01.015746+00:00,23:35,2026-09-28,SOXX,2026-09-28,1,560.789978,7
2026-09-29T03:35:01.015746+00:00,23:35,2026-09-28,XSD,2026-09-28,1,527.669983,7
2026-09-29T21:38:57.683941+00:00,17:38,2026-09-29,UMC,2026-09-29,1,24.719999,7
2026-09-29T21:38:57.683941+00:00,17:38,2026-09-29,GFS,2026-09-29,1,47.860001,7
2026-09-29T21:38:57.683941+00:00,17:38,2026-09-29,TSEM,2026-09-29,1,234.429993,7
2026-09-29T21:38:57.683941+00:00,17:38,2026-09-29,GSM,2026-09-29,1,3.990000,7
2026-09-29T21:38:57.683941+00:00,17:38,2026-09-29,ENTG,2026-09-29,1,154.770004,7
2026-09-29T21:38:57.683941+00:00,17:38,2026-09-29,MKSI,2026-09-29,1,266.019989,7
2026-09-29T21:38:57.683941+00:00,17:38,2026-09-29,LIN,2026-09-29,1,473.369995,7
2026-09-29T21:38:57.683941+00:00,17:38,2026-09-29,SHECY,2026-09-29,1,18.639999,7
2026-09-29T21:38:57.683941+00:00,17:38,2026-09-29,ASML,2026-09-29,1,1834.390015,7
2026-09-29T21:38:57.683941+00:00,17:38,2026-09-29,AMAT,2026-09-29,1,512.010010,7
2026-09-29T21:38:57.683941+00:00,17:38,2026-09-29,LRCX,2026-09-29,1,323.859985,7
2026-09-29T21:38:57.683941+00:00,17:38,2026-09-29,KLAC,2026-09-29,1,196.529999,7
2026-09-29T21:38:57.683941+00:00,17:38,2026-09-29,TER,2026-09-29,1,403.019989,7
2026-09-29T21:38:57.683941+00:00,17:38,2026-09-29,TOELY,2026-09-24,0,172.149994,7
2026-09-29T21:38:57.683941+00:00,17:38,2026-09-29,TSM,2026-09-29,1,456.940002,7
2026-09-29T21:38:57.683941+00:00,17:38,2026-09-29,INTC,2026-09-29,1,115.930000,7
2026-09-29T21:38:57.683941+00:00,17:38,2026-09-29,MU,2026-09-29,1,1065.079956,7
2026-09-29T21:38:57.683941+00:00,17:38,2026-09-29,SNDK,2026-09-29,1,1729.760010,7
2026-09-29T21:38:57.683941+00:00,17:38,2026-09-29,WDC,2026-09-29,1,453.480011,7
2026-09-29T21:38:57.683941+00:00,17:38,2026-09-29,ASX,2026-09-29,1,45.310001,7
2026-09-29T21:38:57.683941+00:00,17:38,2026-09-29,AMKR,2026-09-29,1,54.139999,7
2026-09-29T21:38:57.683941+00:00,17:38,2026-09-29,NVDA,2026-09-29,1,227.210007,7
2026-09-29T21:38:57.683941+00:00,17:38,2026-09-29,AVGO,2026-09-29,1,355.100006,7
2026-09-29T21:38:57.683941+00:00,17:38,2026-09-29,AMD,2026-09-29,1,607.570007,7
2026-09-29T21:38:57.683941+00:00,17:38,2026-09-29,QCOM,2026-09-29,1,184.100006,7
2026-09-29T21:38:57.683941+00:00,17:38,2026-09-29,ARM,2026-09-29,1,293.670013,7
2026-09-29T21:38:57.683941+00:00,17:38,2026-09-29,SNPS,2026-09-29,1,415.089996,7
2026-09-29T21:38:57.683941+00:00,17:38,2026-09-29,CDNS,2026-09-29,1,324.170013,7
2026-09-29T21:38:57.683941+00:00,17:38,2026-09-29,MSFT,2026-09-29,1,508.959991,7
2026-09-29T21:38:57.683941+00:00,17:38,2026-09-29,GOOGL,2026-09-29,1,340.920013,7
2026-09-29T21:38:57.683941+00:00,17:38,2026-09-29,META,2026-09-29,1,738.789978,7
2026-09-29T21:38:57.683941+00:00,17:38,2026-09-29,AMZN,2026-09-29,1,246.669998,7
2026-09-29T21:38:57.683941+00:00,17:38,2026-09-29,VRT,2026-09-29,1,248.339996,7
2026-09-29T21:38:57.683941+00:00,17:38,2026-09-29,SMH,2026-09-29,1,606.900024,7
2026-09-29T21:38:57.683941+00:00,17:38,2026-09-29,SOXX,2026-09-29,1,567.440002,7
2026-09-29T21:38:57.683941+00:00,17:38,2026-09-29,XSD,2026-09-29,1,530.000000,7
2026-09-30T00:05:00.763876+00:00,20:05,2026-09-29,UMC,2026-09-28,0,23.850000,7
2026-09-30T00:05:00.763876+00:00,20:05,2026-09-29,GFS,2026-09-28,0,47.779999,7
2026-09-30T00:05:00.763876+00:00,20:05,2026-09-29,TSEM,2026-09-28,0,226.039993,7
2026-09-30T00:05:00.763876+00:00,20:05,2026-09-29,GSM,2026-09-28,0,3.990000,7
2026-09-30T00:05:00.763876+00:00,20:05,2026-09-29,ENTG,2026-09-28,0,150.630005,7
2026-09-30T00:05:00.763876+00:00,20:05,2026-09-29,MKSI,2026-09-28,0,258.380005,7
2026-09-30T00:05:00.763876+00:00,20:05,2026-09-29,LIN,2026-09-28,0,472.040009,7
2026-09-30T00:05:00.763876+00:00,20:05,2026-09-29,SHECY,2026-09-29,1,18.639999,7
2026-09-30T00:05:00.763876+00:00,20:05,2026-09-29,ASML,2026-09-28,0,1771.410034,7
2026-09-30T00:05:00.763876+00:00,20:05,2026-09-29,AMAT,2026-09-28,0,486.760010,7
2026-09-30T00:05:00.763876+00:00,20:05,2026-09-29,LRCX,2026-09-28,0,314.470001,7
2026-09-30T00:05:00.763876+00:00,20:05,2026-09-29,KLAC,2026-09-28,0,189.169998,7
2026-09-30T00:05:00.763876+00:00,20:05,2026-09-29,TER,2026-09-28,0,401.299988,7
2026-09-30T00:05:00.763876+00:00,20:05,2026-09-29,TOELY,2026-09-24,0,172.149994,7
2026-09-30T00:05:00.763876+00:00,20:05,2026-09-29,TSM,2026-09-28,0,452.880005,7
2026-09-30T00:05:00.763876+00:00,20:05,2026-09-29,INTC,2026-09-28,0,116.029999,7
2026-09-30T00:05:00.763876+00:00,20:05,2026-09-29,MU,2026-09-28,0,1053.979980,7
2026-09-30T00:05:00.763876+00:00,20:05,2026-09-29,SNDK,2026-09-28,0,1712.890015,7
2026-09-30T00:05:00.763876+00:00,20:05,2026-09-29,WDC,2026-09-28,0,453.230011,7
2026-09-30T00:05:00.763876+00:00,20:05,2026-09-29,ASX,2026-09-28,0,43.790001,7
2026-09-30T00:05:00.763876+00:00,20:05,2026-09-29,AMKR,2026-09-28,0,53.180000,7
2026-09-30T00:05:00.763876+00:00,20:05,2026-09-29,NVDA,2026-09-28,0,228.860001,7
2026-09-30T00:05:00.763876+00:00,20:05,2026-09-29,AVGO,2026-09-28,0,349.570007,7
2026-09-30T00:05:00.763876+00:00,20:05,2026-09-29,AMD,2026-09-28,0,607.869995,7
2026-09-30T00:05:00.763876+00:00,20:05,2026-09-29,QCOM,2026-09-28,0,187.479996,7
2026-09-30T00:05:00.763876+00:00,20:05,2026-09-29,ARM,2026-09-28,0,283.329987,7
2026-09-30T00:05:00.763876+00:00,20:05,2026-09-29,SNPS,2026-09-28,0,417.609985,7
2026-09-30T00:05:00.763876+00:00,20:05,2026-09-29,CDNS,2026-09-28,0,326.700012,7
2026-09-30T00:05:00.763876+00:00,20:05,2026-09-29,MSFT,2026-09-28,0,509.220001,7
2026-09-30T00:05:00.763876+00:00,20:05,2026-09-29,GOOGL,2026-09-28,0,342.750000,7
2026-09-30T00:05:00.763876+00:00,20:05,2026-09-29,META,2026-09-28,0,715.619995,7
2026-09-30T00:05:00.763876+00:00,20:05,2026-09-29,AMZN,2026-09-28,0,246.149994,7
2026-09-30T00:05:00.763876+00:00,20:05,2026-09-29,VRT,2026-09-28,0,244.039993,7
2026-09-30T00:05:00.763876+00:00,20:05,2026-09-29,SMH,2026-09-28,0,600.010010,7
2026-09-30T00:05:00.763876+00:00,20:05,2026-09-29,SOXX,2026-09-28,0,560.789978,7
2026-09-30T00:05:00.763876+00:00,20:05,2026-09-29,XSD,2026-09-28,0,527.669983,7
2026-09-30T00:35:00.768738+00:00,20:35,2026-09-29,UMC,2026-09-28,0,23.850000,7
2026-09-30T00:35:00.768738+00:00,20:35,2026-09-29,GFS,2026-09-28,0,47.779999,7
2026-09-30T00:35:00.768738+00:00,20:35,2026-09-29,TSEM,2026-09-28,0,226.039993,7
2026-09-30T00:35:00.768738+00:00,20:35,2026-09-29,GSM,2026-09-28,0,3.990000,7
2026-09-30T00:35:00.768738+00:00,20:35,2026-09-29,ENTG,2026-09-28,0,150.630005,7
2026-09-30T00:35:00.768738+00:00,20:35,2026-09-29,MKSI,2026-09-28,0,258.380005,7
2026-09-30T00:35:00.768738+00:00,20:35,2026-09-29,LIN,2026-09-28,0,472.040009,7
2026-09-30T00:35:00.768738+00:00,20:35,2026-09-29,SHECY,2026-09-29,1,18.639999,7
2026-09-30T00:35:00.768738+00:00,20:35,2026-09-29,ASML,2026-09-28,0,1771.410034,7
2026-09-30T00:35:00.768738+00:00,20:35,2026-09-29,AMAT,2026-09-28,0,486.760010,7
2026-09-30T00:35:00.768738+00:00,20:35,2026-09-29,LRCX,2026-09-28,0,314.470001,7
2026-09-30T00:35:00.768738+00:00,20:35,2026-09-29,KLAC,2026-09-28,0,189.169998,7
2026-09-30T00:35:00.768738+00:00,20:35,2026-09-29,TER,2026-09-28,0,401.299988,7
2026-09-30T00:35:00.768738+00:00,20:35,2026-09-29,TOELY,2026-09-24,0,172.149994,7
2026-09-30T00:35:00.768738+00:00,20:35,2026-09-29,TSM,2026-09-28,0,452.880005,7
2026-09-30T00:35:00.768738+00:00,20:35,2026-09-29,INTC,2026-09-28,0,116.029999,7
2026-09-30T00:35:00.768738+00:00,20:35,2026-09-29,MU,2026-09-28,0,1053.979980,7
2026-09-30T00:35:00.768738+00:00,20:35,2026-09-29,SNDK,2026-09-28,0,1712.890015,7
2026-09-30T00:35:00.768738+00:00,20:35,2026-09-29,WDC,2026-09-28,0,453.230011,7
2026-09-30T00:35:00.768738+00:00,20:35,2026-09-29,ASX,2026-09-28,0,43.790001,7
2026-09-30T00:35:00.768738+00:00,20:35,2026-09-29,AMKR,2026-09-28,0,53.180000,7
2026-09-30T00:35:00.768738+00:00,20:35,2026-09-29,NVDA,2026-09-28,0,228.860001,7
2026-09-30T00:35:00.768738+00:00,20:35,2026-09-29,AVGO,2026-09-28,0,349.570007,7
2026-09-30T00:35:00.768738+00:00,20:35,2026-09-29,AMD,2026-09-28,0,607.869995,7
2026-09-30T00:35:00.768738+00:00,20:35,2026-09-29,QCOM,2026-09-28,0,187.479996,7
2026-09-30T00:35:00.768738+00:00,20:35,2026-09-29,ARM,2026-09-28,0,283.329987,7
2026-09-30T00:35:00.768738+00:00,20:35,2026-09-29,SNPS,2026-09-28,0,417.609985,7
2026-09-30T00:35:00.768738+00:00,20:35,2026-09-29,CDNS,2026-09-28,0,326.700012,7
2026-09-30T00:35:00.768738+00:00,20:35,2026-09-29,MSFT,2026-09-28,0,509.220001,7
2026-09-30T00:35:00.768738+00:00,20:35,2026-09-29,GOOGL,2026-09-28,0,342.750000,7
2026-09-30T00:35:00.768738+00:00,20:35,2026-09-29,META,2026-09-28,0,715.619995,7
2026-09-30T00:35:00.768738+00:00,20:35,2026-09-29,AMZN,2026-09-28,0,246.149994,7
2026-09-30T00:35:00.768738+00:00,20:35,2026-09-29,VRT,2026-09-28,0,244.039993,7
2026-09-30T00:35:00.768738+00:00,20:35,2026-09-29,SMH,2026-09-28,0,600.010010,7
2026-09-30T00:35:00.768738+00:00,20:35,2026-09-29,SOXX,2026-09-28,0,560.789978,7
2026-09-30T00:35:00.768738+00:00,20:35,2026-09-29,XSD,2026-09-28,0,527.669983,7
2026-09-30T01:05:00.789782+00:00,21:05,2026-09-29,UMC,2026-09-28,0,23.850000,7
2026-09-30T01:05:00.789782+00:00,21:05,2026-09-29,GFS,2026-09-28,0,47.779999,7
2026-09-30T01:05:00.789782+00:00,21:05,2026-09-29,TSEM,2026-09-28,0,226.039993,7
2026-09-30T01:05:00.789782+00:00,21:05,2026-09-29,GSM,2026-09-28,0,3.990000,7
2026-09-30T01:05:00.789782+00:00,21:05,2026-09-29,ENTG,2026-09-28,0,150.630005,7
2026-09-30T01:05:00.789782+00:00,21:05,2026-09-29,MKSI,2026-09-28,0,258.380005,7
2026-09-30T01:05:00.789782+00:00,21:05,2026-09-29,LIN,2026-09-28,0,472.040009,7
2026-09-30T01:05:00.789782+00:00,21:05,2026-09-29,SHECY,2026-09-29,1,18.639999,7
2026-09-30T01:05:00.789782+00:00,21:05,2026-09-29,ASML,2026-09-28,0,1771.410034,7
2026-09-30T01:05:00.789782+00:00,21:05,2026-09-29,AMAT,2026-09-28,0,486.760010,7
2026-09-30T01:05:00.789782+00:00,21:05,2026-09-29,LRCX,2026-09-28,0,314.470001,7
2026-09-30T01:05:00.789782+00:00,21:05,2026-09-29,KLAC,2026-09-28,0,189.169998,7
2026-09-30T01:05:00.789782+00:00,21:05,2026-09-29,TER,2026-09-28,0,401.299988,7
2026-09-30T01:05:00.789782+00:00,21:05,2026-09-29,TOELY,2026-09-24,0,172.149994,7
2026-09-30T01:05:00.789782+00:00,21:05,2026-09-29,TSM,2026-09-28,0,452.880005,7
2026-09-30T01:05:00.789782+00:00,21:05,2026-09-29,INTC,2026-09-28,0,116.029999,7
2026-09-30T01:05:00.789782+00:00,21:05,2026-09-29,MU,2026-09-28,0,1053.979980,7
2026-09-30T01:05:00.789782+00:00,21:05,2026-09-29,SNDK,2026-09-28,0,1712.890015,7
2026-09-30T01:05:00.789782+00:00,21:05,2026-09-29,WDC,2026-09-28,0,453.230011,7
2026-09-30T01:05:00.789782+00:00,21:05,2026-09-29,ASX,2026-09-28,0,43.790001,7
2026-09-30T01:05:00.789782+00:00,21:05,2026-09-29,AMKR,2026-09-28,0,53.180000,7
2026-09-30T01:05:00.789782+00:00,21:05,2026-09-29,NVDA,2026-09-28,0,228.860001,7
2026-09-30T01:05:00.789782+00:00,21:05,2026-09-29,AVGO,2026-09-28,0,349.570007,7
2026-09-30T01:05:00.789782+00:00,21:05,2026-09-29,AMD,2026-09-28,0,607.869995,7
2026-09-30T01:05:00.789782+00:00,21:05,2026-09-29,QCOM,2026-09-28,0,187.479996,7
2026-09-30T01:05:00.789782+00:00,21:05,2026-09-29,ARM,2026-09-28,0,283.329987,7
2026-09-30T01:05:00.789782+00:00,21:05,2026-09-29,SNPS,2026-09-28,0,417.609985,7
2026-09-30T01:05:00.789782+00:00,21:05,2026-09-29,CDNS,2026-09-28,0,326.700012,7
2026-09-30T01:05:00.789782+00:00,21:05,2026-09-29,MSFT,2026-09-28,0,509.220001,7
2026-09-30T01:05:00.789782+00:00,21:05,2026-09-29,GOOGL,2026-09-28,0,342.750000,7
2026-09-30T01:05:00.789782+00:00,21:05,2026-09-29,META,2026-09-28,0,715.619995,7
2026-09-30T01:05:00.789782+00:00,21:05,2026-09-29,AMZN,2026-09-28,0,246.149994,7
2026-09-30T01:05:00.789782+00:00,21:05,2026-09-29,VRT,2026-09-28,0,244.039993,7
2026-09-30T01:05:00.789782+00:00,21:05,2026-09-29,SMH,2026-09-28,0,600.010010,7
2026-09-30T01:05:00.789782+00:00,21:05,2026-09-29,SOXX,2026-09-28,0,560.789978,7
2026-09-30T01:05:00.789782+00:00,21:05,2026-09-29,XSD,2026-09-28,0,527.669983,7
2026-09-30T01:35:00.821067+00:00,21:35,2026-09-29,UMC,2026-09-29,1,24.719999,7
2026-09-30T01:35:00.821067+00:00,21:35,2026-09-29,GFS,2026-09-29,1,47.860001,7
2026-09-30T01:35:00.821067+00:00,21:35,2026-09-29,TSEM,2026-09-29,1,234.429993,7
2026-09-30T01:35:00.821067+00:00,21:35,2026-09-29,GSM,2026-09-29,1,3.990000,7
2026-09-30T01:35:00.821067+00:00,21:35,2026-09-29,ENTG,2026-09-29,1,154.770004,7
2026-09-30T01:35:00.821067+00:00,21:35,2026-09-29,MKSI,2026-09-29,1,266.019989,7
2026-09-30T01:35:00.821067+00:00,21:35,2026-09-29,LIN,2026-09-29,1,473.369995,7
2026-09-30T01:35:00.821067+00:00,21:35,2026-09-29,SHECY,2026-09-29,1,18.639999,7
2026-09-30T01:35:00.821067+00:00,21:35,2026-09-29,ASML,2026-09-29,1,1834.390015,7
2026-09-30T01:35:00.821067+00:00,21:35,2026-09-29,AMAT,2026-09-29,1,512.010010,7
2026-09-30T01:35:00.821067+00:00,21:35,2026-09-29,LRCX,2026-09-29,1,323.859985,7
2026-09-30T01:35:00.821067+00:00,21:35,2026-09-29,KLAC,2026-09-29,1,196.529999,7
2026-09-30T01:35:00.821067+00:00,21:35,2026-09-29,TER,2026-09-29,1,403.019989,7
2026-09-30T01:35:00.821067+00:00,21:35,2026-09-29,TOELY,2026-09-24,0,172.149994,7
2026-09-30T01:35:00.821067+00:00,21:35,2026-09-29,TSM,2026-09-29,1,456.940002,7
2026-09-30T01:35:00.821067+00:00,21:35,2026-09-29,INTC,2026-09-29,1,115.930000,7
2026-09-30T01:35:00.821067+00:00,21:35,2026-09-29,MU,2026-09-29,1,1065.079956,7
2026-09-30T01:35:00.821067+00:00,21:35,2026-09-29,SNDK,2026-09-29,1,1729.760010,7
2026-09-30T01:35:00.821067+00:00,21:35,2026-09-29,WDC,2026-09-29,1,453.480011,7
2026-09-30T01:35:00.821067+00:00,21:35,2026-09-29,ASX,2026-09-29,1,45.310001,7
2026-09-30T01:35:00.821067+00:00,21:35,2026-09-29,AMKR,2026-09-29,1,54.139999,7
2026-09-30T01:35:00.821067+00:00,21:35,2026-09-29,NVDA,2026-09-29,1,227.210007,7
2026-09-30T01:35:00.821067+00:00,21:35,2026-09-29,AVGO,2026-09-29,1,355.100006,7
2026-09-30T01:35:00.821067+00:00,21:35,2026-09-29,AMD,2026-09-29,1,607.570007,7
2026-09-30T01:35:00.821067+00:00,21:35,2026-09-29,QCOM,2026-09-29,1,184.100006,7
2026-09-30T01:35:00.821067+00:00,21:35,2026-09-29,ARM,2026-09-29,1,293.670013,7
2026-09-30T01:35:00.821067+00:00,21:35,2026-09-29,SNPS,2026-09-29,1,415.089996,7
2026-09-30T01:35:00.821067+00:00,21:35,2026-09-29,CDNS,2026-09-29,1,324.170013,7
2026-09-30T01:35:00.821067+00:00,21:35,2026-09-29,MSFT,2026-09-29,1,508.959991,7
2026-09-30T01:35:00.821067+00:00,21:35,2026-09-29,GOOGL,2026-09-29,1,340.920013,7
2026-09-30T01:35:00.821067+00:00,21:35,2026-09-29,META,2026-09-29,1,738.789978,7
2026-09-30T01:35:00.821067+00:00,21:35,2026-09-29,AMZN,2026-09-29,1,246.669998,7
2026-09-30T01:35:00.821067+00:00,21:35,2026-09-29,VRT,2026-09-29,1,248.339996,7
2026-09-30T01:35:00.821067+00:00,21:35,2026-09-29,SMH,2026-09-29,1,606.900024,7
2026-09-30T01:35:00.821067+00:00,21:35,2026-09-29,SOXX,2026-09-29,1,567.440002,7
2026-09-30T01:35:00.821067+00:00,21:35,2026-09-29,XSD,2026-09-29,1,530.000000,7
2026-09-30T02:05:00.787285+00:00,22:05,2026-09-29,UMC,2026-09-29,1,24.719999,7
2026-09-30T02:05:00.787285+00:00,22:05,2026-09-29,GFS,2026-09-29,1,47.860001,7
2026-09-30T02:05:00.787285+00:00,22:05,2026-09-29,TSEM,2026-09-29,1,234.429993,7
2026-09-30T02:05:00.787285+00:00,22:05,2026-09-29,GSM,2026-09-29,1,3.990000,7
2026-09-30T02:05:00.787285+00:00,22:05,2026-09-29,ENTG,2026-09-29,1,154.770004,7
2026-09-30T02:05:00.787285+00:00,22:05,2026-09-29,MKSI,2026-09-29,1,266.019989,7
2026-09-30T02:05:00.787285+00:00,22:05,2026-09-29,LIN,2026-09-29,1,473.369995,7
2026-09-30T02:05:00.787285+00:00,22:05,2026-09-29,SHECY,2026-09-29,1,18.639999,7
2026-09-30T02:05:00.787285+00:00,22:05,2026-09-29,ASML,2026-09-29,1,1834.390015,7
2026-09-30T02:05:00.787285+00:00,22:05,2026-09-29,AMAT,2026-09-29,1,512.010010,7
2026-09-30T02:05:00.787285+00:00,22:05,2026-09-29,LRCX,2026-09-29,1,323.859985,7
2026-09-30T02:05:00.787285+00:00,22:05,2026-09-29,KLAC,2026-09-29,1,196.529999,7
2026-09-30T02:05:00.787285+00:00,22:05,2026-09-29,TER,2026-09-29,1,403.019989,7
2026-09-30T02:05:00.787285+00:00,22:05,2026-09-29,TOELY,2026-09-24,0,172.149994,7
2026-09-30T02:05:00.787285+00:00,22:05,2026-09-29,TSM,2026-09-29,1,456.940002,7
2026-09-30T02:05:00.787285+00:00,22:05,2026-09-29,INTC,2026-09-29,1,115.930000,7
2026-09-30T02:05:00.787285+00:00,22:05,2026-09-29,MU,2026-09-29,1,1065.079956,7
2026-09-30T02:05:00.787285+00:00,22:05,2026-09-29,SNDK,2026-09-29,1,1729.760010,7
2026-09-30T02:05:00.787285+00:00,22:05,2026-09-29,WDC,2026-09-29,1,453.480011,7
2026-09-30T02:05:00.787285+00:00,22:05,2026-09-29,ASX,2026-09-29,1,45.310001,7
2026-09-30T02:05:00.787285+00:00,22:05,2026-09-29,AMKR,2026-09-29,1,54.139999,7
2026-09-30T02:05:00.787285+00:00,22:05,2026-09-29,NVDA,2026-09-29,1,227.210007,7
2026-09-30T02:05:00.787285+00:00,22:05,2026-09-29,AVGO,2026-09-29,1,355.100006,7
2026-09-30T02:05:00.787285+00:00,22:05,2026-09-29,AMD,2026-09-29,1,607.570007,7
2026-09-30T02:05:00.787285+00:00,22:05,2026-09-29,QCOM,2026-09-29,1,184.100006,7
2026-09-30T02:05:00.787285+00:00,22:05,2026-09-29,ARM,2026-09-29,1,293.670013,7
2026-09-30T02:05:00.787285+00:00,22:05,2026-09-29,SNPS,2026-09-29,1,415.089996,7
2026-09-30T02:05:00.787285+00:00,22:05,2026-09-29,CDNS,2026-09-29,1,324.170013,7
2026-09-30T02:05:00.787285+00:00,22:05,2026-09-29,MSFT,2026-09-29,1,508.959991,7
2026-09-30T02:05:00.787285+00:00,22:05,2026-09-29,GOOGL,2026-09-29,1,340.920013,7
2026-09-30T02:05:00.787285+00:00,22:05,2026-09-29,META,2026-09-29,1,738.789978,7
2026-09-30T02:05:00.787285+00:00,22:05,2026-09-29,AMZN,2026-09-29,1,246.669998,7
2026-09-30T02:05:00.787285+00:00,22:05,2026-09-29,VRT,2026-09-29,1,248.339996,7
2026-09-30T02:05:00.787285+00:00,22:05,2026-09-29,SMH,2026-09-29,1,606.900024,7
2026-09-30T02:05:00.787285+00:00,22:05,2026-09-29,SOXX,2026-09-29,1,567.440002,7
2026-09-30T02:05:00.787285+00:00,22:05,2026-09-29,XSD,2026-09-29,1,530.000000,7
2026-09-30T02:35:00.779920+00:00,22:35,2026-09-29,UMC,2026-09-29,1,24.719999,7
2026-09-30T02:35:00.779920+00:00,22:35,2026-09-29,GFS,2026-09-29,1,47.860001,7
2026-09-30T02:35:00.779920+00:00,22:35,2026-09-29,TSEM,2026-09-29,1,234.429993,7
2026-09-30T02:35:00.779920+00:00,22:35,2026-09-29,GSM,2026-09-29,1,3.990000,7
2026-09-30T02:35:00.779920+00:00,22:35,2026-09-29,ENTG,2026-09-29,1,154.770004,7
2026-09-30T02:35:00.779920+00:00,22:35,2026-09-29,MKSI,2026-09-29,1,266.019989,7
2026-09-30T02:35:00.779920+00:00,22:35,2026-09-29,LIN,2026-09-29,1,473.369995,7
2026-09-30T02:35:00.779920+00:00,22:35,2026-09-29,SHECY,2026-09-29,1,18.639999,7
2026-09-30T02:35:00.779920+00:00,22:35,2026-09-29,ASML,2026-09-29,1,1834.390015,7
2026-09-30T02:35:00.779920+00:00,22:35,2026-09-29,AMAT,2026-09-29,1,512.010010,7
2026-09-30T02:35:00.779920+00:00,22:35,2026-09-29,LRCX,2026-09-29,1,323.859985,7
2026-09-30T02:35:00.779920+00:00,22:35,2026-09-29,KLAC,2026-09-29,1,196.529999,7
2026-09-30T02:35:00.779920+00:00,22:35,2026-09-29,TER,2026-09-29,1,403.019989,7
2026-09-30T02:35:00.779920+00:00,22:35,2026-09-29,TOELY,2026-09-24,0,172.149994,7
2026-09-30T02:35:00.779920+00:00,22:35,2026-09-29,TSM,2026-09-29,1,456.940002,7
2026-09-30T02:35:00.779920+00:00,22:35,2026-09-29,INTC,2026-09-29,1,115.930000,7
2026-09-30T02:35:00.779920+00:00,22:35,2026-09-29,MU,2026-09-29,1,1065.079956,7
2026-09-30T02:35:00.779920+00:00,22:35,2026-09-29,SNDK,2026-09-29,1,1729.760010,7
2026-09-30T02:35:00.779920+00:00,22:35,2026-09-29,WDC,2026-09-29,1,453.480011,7
2026-09-30T02:35:00.779920+00:00,22:35,2026-09-29,ASX,2026-09-29,1,45.310001,7
2026-09-30T02:35:00.779920+00:00,22:35,2026-09-29,AMKR,2026-09-29,1,54.139999,7
2026-09-30T02:35:00.779920+00:00,22:35,2026-09-29,NVDA,2026-09-29,1,227.210007,7
2026-09-30T02:35:00.779920+00:00,22:35,2026-09-29,AVGO,2026-09-29,1,355.100006,7
2026-09-30T02:35:00.779920+00:00,22:35,2026-09-29,AMD,2026-09-29,1,607.570007,7
2026-09-30T02:35:00.779920+00:00,22:35,2026-09-29,QCOM,2026-09-29,1,184.100006,7
2026-09-30T02:35:00.779920+00:00,22:35,2026-09-29,ARM,2026-09-29,1,293.670013,7
2026-09-30T02:35:00.779920+00:00,22:35,2026-09-29,SNPS,2026-09-29,1,415.089996,7
2026-09-30T02:35:00.779920+00:00,22:35,2026-09-29,CDNS,2026-09-29,1,324.170013,7
2026-09-30T02:35:00.779920+00:00,22:35,2026-09-29,MSFT,2026-09-29,1,508.959991,7
2026-09-30T02:35:00.779920+00:00,22:35,2026-09-29,GOOGL,2026-09-29,1,340.920013,7
2026-09-30T02:35:00.779920+00:00,22:35,2026-09-29,META,2026-09-29,1,738.789978,7
2026-09-30T02:35:00.779920+00:00,22:35,2026-09-29,AMZN,2026-09-29,1,246.669998,7
2026-09-30T02:35:00.779920+00:00,22:35,2026-09-29,VRT,2026-09-29,1,248.339996,7
2026-09-30T02:35:00.779920+00:00,22:35,2026-09-29,SMH,2026-09-29,1,606.900024,7
2026-09-30T02:35:00.779920+00:00,22:35,2026-09-29,SOXX,2026-09-29,1,567.440002,7
2026-09-30T02:35:00.779920+00:00,22:35,2026-09-29,XSD,2026-09-29,1,530.000000,7
2026-09-30T03:05:01.039359+00:00,23:05,2026-09-29,UMC,2026-09-29,1,24.719999,7
2026-09-30T03:05:01.039359+00:00,23:05,2026-09-29,GFS,2026-09-29,1,47.860001,7
2026-09-30T03:05:01.039359+00:00,23:05,2026-09-29,TSEM,2026-09-29,1,234.429993,7
2026-09-30T03:05:01.039359+00:00,23:05,2026-09-29,GSM,2026-09-29,1,3.990000,7
2026-09-30T03:05:01.039359+00:00,23:05,2026-09-29,ENTG,2026-09-29,1,154.770004,7
2026-09-30T03:05:01.039359+00:00,23:05,2026-09-29,MKSI,2026-09-29,1,266.019989,7
2026-09-30T03:05:01.039359+00:00,23:05,2026-09-29,LIN,2026-09-29,1,473.369995,7
2026-09-30T03:05:01.039359+00:00,23:05,2026-09-29,SHECY,2026-09-29,1,18.639999,7
2026-09-30T03:05:01.039359+00:00,23:05,2026-09-29,ASML,2026-09-29,1,1834.390015,7
2026-09-30T03:05:01.039359+00:00,23:05,2026-09-29,AMAT,2026-09-29,1,512.010010,7
2026-09-30T03:05:01.039359+00:00,23:05,2026-09-29,LRCX,2026-09-29,1,323.859985,7
2026-09-30T03:05:01.039359+00:00,23:05,2026-09-29,KLAC,2026-09-29,1,196.529999,7
2026-09-30T03:05:01.039359+00:00,23:05,2026-09-29,TER,2026-09-29,1,403.019989,7
2026-09-30T03:05:01.039359+00:00,23:05,2026-09-29,TOELY,2026-09-24,0,172.149994,7
2026-09-30T03:05:01.039359+00:00,23:05,2026-09-29,TSM,2026-09-29,1,456.940002,7
2026-09-30T03:05:01.039359+00:00,23:05,2026-09-29,INTC,2026-09-29,1,115.930000,7
2026-09-30T03:05:01.039359+00:00,23:05,2026-09-29,MU,2026-09-29,1,1065.079956,7
2026-09-30T03:05:01.039359+00:00,23:05,2026-09-29,SNDK,2026-09-29,1,1729.760010,7
2026-09-30T03:05:01.039359+00:00,23:05,2026-09-29,WDC,2026-09-29,1,453.480011,7
2026-09-30T03:05:01.039359+00:00,23:05,2026-09-29,ASX,2026-09-29,1,45.310001,7
2026-09-30T03:05:01.039359+00:00,23:05,2026-09-29,AMKR,2026-09-29,1,54.139999,7
2026-09-30T03:05:01.039359+00:00,23:05,2026-09-29,NVDA,2026-09-29,1,227.210007,7
2026-09-30T03:05:01.039359+00:00,23:05,2026-09-29,AVGO,2026-09-29,1,355.100006,7
2026-09-30T03:05:01.039359+00:00,23:05,2026-09-29,AMD,2026-09-29,1,607.570007,7
2026-09-30T03:05:01.039359+00:00,23:05,2026-09-29,QCOM,2026-09-29,1,184.100006,7
2026-09-30T03:05:01.039359+00:00,23:05,2026-09-29,ARM,2026-09-29,1,293.670013,7
2026-09-30T03:05:01.039359+00:00,23:05,2026-09-29,SNPS,2026-09-29,1,415.089996,7
2026-09-30T03:05:01.039359+00:00,23:05,2026-09-29,CDNS,2026-09-29,1,324.170013,7
2026-09-30T03:05:01.039359+00:00,23:05,2026-09-29,MSFT,2026-09-29,1,508.959991,7
2026-09-30T03:05:01.039359+00:00,23:05,2026-09-29,GOOGL,2026-09-29,1,340.920013,7
2026-09-30T03:05:01.039359+00:00,23:05,2026-09-29,META,2026-09-29,1,738.789978,7
2026-09-30T03:05:01.039359+00:00,23:05,2026-09-29,AMZN,2026-09-29,1,246.669998,7
2026-09-30T03:05:01.039359+00:00,23:05,2026-09-29,VRT,2026-09-29,1,248.339996,7
2026-09-30T03:05:01.039359+00:00,23:05,2026-09-29,SMH,2026-09-29,1,606.900024,7
2026-09-30T03:05:01.039359+00:00,23:05,2026-09-29,SOXX,2026-09-29,1,567.440002,7
2026-09-30T03:05:01.039359+00:00,23:05,2026-09-29,XSD,2026-09-29,1,530.000000,7
2026-09-30T03:35:00.989564+00:00,23:35,2026-09-29,UMC,2026-09-29,1,24.719999,7
2026-09-30T03:35:00.989564+00:00,23:35,2026-09-29,GFS,2026-09-29,1,47.860001,7
2026-09-30T03:35:00.989564+00:00,23:35,2026-09-29,TSEM,2026-09-29,1,234.429993,7
2026-09-30T03:35:00.989564+00:00,23:35,2026-09-29,GSM,2026-09-29,1,3.990000,7
2026-09-30T03:35:00.989564+00:00,23:35,2026-09-29,ENTG,2026-09-29,1,154.770004,7
2026-09-30T03:35:00.989564+00:00,23:35,2026-09-29,MKSI,2026-09-29,1,266.019989,7
2026-09-30T03:35:00.989564+00:00,23:35,2026-09-29,LIN,2026-09-29,1,473.369995,7
2026-09-30T03:35:00.989564+00:00,23:35,2026-09-29,SHECY,2026-09-29,1,18.709999,7
2026-09-30T03:35:00.989564+00:00,23:35,2026-09-29,ASML,2026-09-29,1,1834.390015,7
2026-09-30T03:35:00.989564+00:00,23:35,2026-09-29,AMAT,2026-09-29,1,512.010010,7
2026-09-30T03:35:00.989564+00:00,23:35,2026-09-29,LRCX,2026-09-29,1,323.859985,7
2026-09-30T03:35:00.989564+00:00,23:35,2026-09-29,KLAC,2026-09-29,1,196.529999,7
2026-09-30T03:35:00.989564+00:00,23:35,2026-09-29,TER,2026-09-29,1,403.019989,7
2026-09-30T03:35:00.989564+00:00,23:35,2026-09-29,TOELY,2026-09-24,0,172.149994,7
2026-09-30T03:35:00.989564+00:00,23:35,2026-09-29,TSM,2026-09-29,1,456.940002,7
2026-09-30T03:35:00.989564+00:00,23:35,2026-09-29,INTC,2026-09-29,1,115.930000,7
2026-09-30T03:35:00.989564+00:00,23:35,2026-09-29,MU,2026-09-29,1,1065.079956,7
2026-09-30T03:35:00.989564+00:00,23:35,2026-09-29,SNDK,2026-09-29,1,1729.760010,7
2026-09-30T03:35:00.989564+00:00,23:35,2026-09-29,WDC,2026-09-29,1,453.480011,7
2026-09-30T03:35:00.989564+00:00,23:35,2026-09-29,ASX,2026-09-29,1,45.310001,7
2026-09-30T03:35:00.989564+00:00,23:35,2026-09-29,AMKR,2026-09-29,1,54.139999,7
2026-09-30T03:35:00.989564+00:00,23:35,2026-09-29,NVDA,2026-09-29,1,227.210007,7
2026-09-30T03:35:00.989564+00:00,23:35,2026-09-29,AVGO,2026-09-29,1,355.100006,7
2026-09-30T03:35:00.989564+00:00,23:35,2026-09-29,AMD,2026-09-29,1,607.570007,7
2026-09-30T03:35:00.989564+00:00,23:35,2026-09-29,QCOM,2026-09-29,1,184.100006,7
2026-09-30T03:35:00.989564+00:00,23:35,2026-09-29,ARM,2026-09-29,1,293.670013,7
2026-09-30T03:35:00.989564+00:00,23:35,2026-09-29,SNPS,2026-09-29,1,415.089996,7
2026-09-30T03:35:00.989564+00:00,23:35,2026-09-29,CDNS,2026-09-29,1,324.170013,7
2026-09-30T03:35:00.989564+00:00,23:35,2026-09-29,MSFT,2026-09-29,1,508.959991,7
2026-09-30T03:35:00.989564+00:00,23:35,2026-09-29,GOOGL,2026-09-29,1,340.920013,7
2026-09-30T03:35:00.989564+00:00,23:35,2026-09-29,META,2026-09-29,1,738.789978,7
2026-09-30T03:35:00.989564+00:00,23:35,2026-09-29,AMZN,2026-09-29,1,246.669998,7
2026-09-30T03:35:00.989564+00:00,23:35,2026-09-29,VRT,2026-09-29,1,248.339996,7
2026-09-30T03:35:00.989564+00:00,23:35,2026-09-29,SMH,2026-09-29,1,606.900024,7
2026-09-30T03:35:00.989564+00:00,23:35,2026-09-29,SOXX,2026-09-29,1,567.440002,7
2026-09-30T03:35:00.989564+00:00,23:35,2026-09-29,XSD,2026-09-29,1,530.000000,7
2026-09-30T04:05:00.784734+00:00,00:05,2026-09-29,UMC,2026-09-29,1,24.719999,7
2026-09-30T04:05:00.784734+00:00,00:05,2026-09-29,GFS,2026-09-29,1,47.860001,7
2026-09-30T04:05:00.784734+00:00,00:05,2026-09-29,TSEM,2026-09-29,1,234.429993,7
2026-09-30T04:05:00.784734+00:00,00:05,2026-09-29,GSM,2026-09-29,1,3.990000,7
2026-09-30T04:05:00.784734+00:00,00:05,2026-09-29,ENTG,2026-09-29,1,154.770004,7
2026-09-30T04:05:00.784734+00:00,00:05,2026-09-29,MKSI,2026-09-29,1,266.019989,7
2026-09-30T04:05:00.784734+00:00,00:05,2026-09-29,LIN,2026-09-29,1,473.369995,7
2026-09-30T04:05:00.784734+00:00,00:05,2026-09-29,SHECY,2026-09-29,1,18.709999,7
2026-09-30T04:05:00.784734+00:00,00:05,2026-09-29,ASML,2026-09-29,1,1834.390015,7
2026-09-30T04:05:00.784734+00:00,00:05,2026-09-29,AMAT,2026-09-29,1,512.010010,7
2026-09-30T04:05:00.784734+00:00,00:05,2026-09-29,LRCX,2026-09-29,1,323.859985,7
2026-09-30T04:05:00.784734+00:00,00:05,2026-09-29,KLAC,2026-09-29,1,196.529999,7
2026-09-30T04:05:00.784734+00:00,00:05,2026-09-29,TER,2026-09-29,1,403.019989,7
2026-09-30T04:05:00.784734+00:00,00:05,2026-09-29,TOELY,2026-09-24,0,172.149994,7
2026-09-30T04:05:00.784734+00:00,00:05,2026-09-29,TSM,2026-09-29,1,456.940002,7
2026-09-30T04:05:00.784734+00:00,00:05,2026-09-29,INTC,2026-09-29,1,115.930000,7
2026-09-30T04:05:00.784734+00:00,00:05,2026-09-29,MU,2026-09-29,1,1065.079956,7
2026-09-30T04:05:00.784734+00:00,00:05,2026-09-29,SNDK,2026-09-29,1,1729.760010,7
2026-09-30T04:05:00.784734+00:00,00:05,2026-09-29,WDC,2026-09-29,1,453.480011,7
2026-09-30T04:05:00.784734+00:00,00:05,2026-09-29,ASX,2026-09-29,1,45.310001,7
2026-09-30T04:05:00.784734+00:00,00:05,2026-09-29,AMKR,2026-09-29,1,54.139999,7
2026-09-30T04:05:00.784734+00:00,00:05,2026-09-29,NVDA,2026-09-29,1,227.210007,7
2026-09-30T04:05:00.784734+00:00,00:05,2026-09-29,AVGO,2026-09-29,1,355.100006,7
2026-09-30T04:05:00.784734+00:00,00:05,2026-09-29,AMD,2026-09-29,1,607.570007,7
2026-09-30T04:05:00.784734+00:00,00:05,2026-09-29,QCOM,2026-09-29,1,184.100006,7
2026-09-30T04:05:00.784734+00:00,00:05,2026-09-29,ARM,2026-09-29,1,293.670013,7
2026-09-30T04:05:00.784734+00:00,00:05,2026-09-29,SNPS,2026-09-29,1,415.089996,7
2026-09-30T04:05:00.784734+00:00,00:05,2026-09-29,CDNS,2026-09-29,1,324.170013,7
2026-09-30T04:05:00.784734+00:00,00:05,2026-09-29,MSFT,2026-09-29,1,508.959991,7
2026-09-30T04:05:00.784734+00:00,00:05,2026-09-29,GOOGL,2026-09-29,1,340.920013,7
2026-09-30T04:05:00.784734+00:00,00:05,2026-09-29,META,2026-09-29,1,738.789978,7
2026-09-30T04:05:00.784734+00:00,00:05,2026-09-29,AMZN,2026-09-29,1,246.669998,7
2026-09-30T04:05:00.784734+00:00,00:05,2026-09-29,VRT,2026-09-29,1,248.339996,7
2026-09-30T04:05:00.784734+00:00,00:05,2026-09-29,SMH,2026-09-29,1,606.900024,7
2026-09-30T04:05:00.784734+00:00,00:05,2026-09-29,SOXX,2026-09-29,1,567.440002,7
2026-09-30T04:05:00.784734+00:00,00:05,2026-09-29,XSD,2026-09-29,1,530.000000,7
2026-09-30T04:35:00.793415+00:00,00:35,2026-09-29,UMC,2026-09-29,1,24.719999,7
2026-09-30T04:35:00.793415+00:00,00:35,2026-09-29,GFS,2026-09-29,1,47.860001,7
2026-09-30T04:35:00.793415+00:00,00:35,2026-09-29,TSEM,2026-09-29,1,234.429993,7
2026-09-30T04:35:00.793415+00:00,00:35,2026-09-29,GSM,2026-09-29,1,3.990000,7
2026-09-30T04:35:00.793415+00:00,00:35,2026-09-29,ENTG,2026-09-29,1,154.770004,7
2026-09-30T04:35:00.793415+00:00,00:35,2026-09-29,MKSI,2026-09-29,1,266.019989,7
2026-09-30T04:35:00.793415+00:00,00:35,2026-09-29,LIN,2026-09-29,1,473.369995,7
2026-09-30T04:35:00.793415+00:00,00:35,2026-09-29,SHECY,2026-09-29,1,18.709999,7
2026-09-30T04:35:00.793415+00:00,00:35,2026-09-29,ASML,2026-09-29,1,1834.390015,7
2026-09-30T04:35:00.793415+00:00,00:35,2026-09-29,AMAT,2026-09-29,1,512.010010,7
2026-09-30T04:35:00.793415+00:00,00:35,2026-09-29,LRCX,2026-09-29,1,323.859985,7
2026-09-30T04:35:00.793415+00:00,00:35,2026-09-29,KLAC,2026-09-29,1,196.529999,7
2026-09-30T04:35:00.793415+00:00,00:35,2026-09-29,TER,2026-09-29,1,403.019989,7
2026-09-30T04:35:00.793415+00:00,00:35,2026-09-29,TOELY,2026-09-24,0,172.149994,7
2026-09-30T04:35:00.793415+00:00,00:35,2026-09-29,TSM,2026-09-29,1,456.940002,7
2026-09-30T04:35:00.793415+00:00,00:35,2026-09-29,INTC,2026-09-29,1,115.930000,7
2026-09-30T04:35:00.793415+00:00,00:35,2026-09-29,MU,2026-09-29,1,1065.079956,7
2026-09-30T04:35:00.793415+00:00,00:35,2026-09-29,SNDK,2026-09-29,1,1729.760010,7
2026-09-30T04:35:00.793415+00:00,00:35,2026-09-29,WDC,2026-09-29,1,453.480011,7
2026-09-30T04:35:00.793415+00:00,00:35,2026-09-29,ASX,2026-09-29,1,45.310001,7
2026-09-30T04:35:00.793415+00:00,00:35,2026-09-29,AMKR,2026-09-29,1,54.139999,7
2026-09-30T04:35:00.793415+00:00,00:35,2026-09-29,NVDA,2026-09-29,1,227.210007,7
2026-09-30T04:35:00.793415+00:00,00:35,2026-09-29,AVGO,2026-09-29,1,355.100006,7
2026-09-30T04:35:00.793415+00:00,00:35,2026-09-29,AMD,2026-09-29,1,607.570007,7
2026-09-30T04:35:00.793415+00:00,00:35,2026-09-29,QCOM,2026-09-29,1,184.100006,7
2026-09-30T04:35:00.793415+00:00,00:35,2026-09-29,ARM,2026-09-29,1,293.670013,7
2026-09-30T04:35:00.793415+00:00,00:35,2026-09-29,SNPS,2026-09-29,1,415.089996,7
2026-09-30T04:35:00.793415+00:00,00:35,2026-09-29,CDNS,2026-09-29,1,324.170013,7
2026-09-30T04:35:00.793415+00:00,00:35,2026-09-29,MSFT,2026-09-29,1,508.959991,7
2026-09-30T04:35:00.793415+00:00,00:35,2026-09-29,GOOGL,2026-09-29,1,340.920013,7
2026-09-30T04:35:00.793415+00:00,00:35,2026-09-29,META,2026-09-29,1,738.789978,7
2026-09-30T04:35:00.793415+00:00,00:35,2026-09-29,AMZN,2026-09-29,1,246.669998,7
2026-09-30T04:35:00.793415+00:00,00:35,2026-09-29,VRT,2026-09-29,1,248.339996,7
2026-09-30T04:35:00.793415+00:00,00:35,2026-09-29,SMH,2026-09-29,1,606.900024,7
2026-09-30T04:35:00.793415+00:00,00:35,2026-09-29,SOXX,2026-09-29,1,567.440002,7
2026-09-30T04:35:00.793415+00:00,00:35,2026-09-29,XSD,2026-09-29,1,530.000000,7
2026-09-30T05:05:00.783284+00:00,01:05,2026-09-29,UMC,2026-09-29,1,24.719999,7
2026-09-30T05:05:00.783284+00:00,01:05,2026-09-29,GFS,2026-09-29,1,47.860001,7
2026-09-30T05:05:00.783284+00:00,01:05,2026-09-29,TSEM,2026-09-29,1,234.429993,7
2026-09-30T05:05:00.783284+00:00,01:05,2026-09-29,GSM,2026-09-29,1,3.990000,7
2026-09-30T05:05:00.783284+00:00,01:05,2026-09-29,ENTG,2026-09-29,1,154.770004,7
2026-09-30T05:05:00.783284+00:00,01:05,2026-09-29,MKSI,2026-09-29,1,266.019989,7
2026-09-30T05:05:00.783284+00:00,01:05,2026-09-29,LIN,2026-09-29,1,473.369995,7
2026-09-30T05:05:00.783284+00:00,01:05,2026-09-29,SHECY,2026-09-29,1,18.709999,7
2026-09-30T05:05:00.783284+00:00,01:05,2026-09-29,ASML,2026-09-29,1,1834.390015,7
2026-09-30T05:05:00.783284+00:00,01:05,2026-09-29,AMAT,2026-09-29,1,512.010010,7
2026-09-30T05:05:00.783284+00:00,01:05,2026-09-29,LRCX,2026-09-29,1,323.859985,7
2026-09-30T05:05:00.783284+00:00,01:05,2026-09-29,KLAC,2026-09-29,1,196.529999,7
2026-09-30T05:05:00.783284+00:00,01:05,2026-09-29,TER,2026-09-29,1,403.019989,7
2026-09-30T05:05:00.783284+00:00,01:05,2026-09-29,TOELY,2026-09-24,0,172.149994,7
2026-09-30T05:05:00.783284+00:00,01:05,2026-09-29,TSM,2026-09-29,1,456.940002,7
2026-09-30T05:05:00.783284+00:00,01:05,2026-09-29,INTC,2026-09-29,1,115.930000,7
2026-09-30T05:05:00.783284+00:00,01:05,2026-09-29,MU,2026-09-29,1,1065.079956,7
2026-09-30T05:05:00.783284+00:00,01:05,2026-09-29,SNDK,2026-09-29,1,1729.760010,7
2026-09-30T05:05:00.783284+00:00,01:05,2026-09-29,WDC,2026-09-29,1,453.480011,7
2026-09-30T05:05:00.783284+00:00,01:05,2026-09-29,ASX,2026-09-29,1,45.310001,7
2026-09-30T05:05:00.783284+00:00,01:05,2026-09-29,AMKR,2026-09-29,1,54.139999,7
2026-09-30T05:05:00.783284+00:00,01:05,2026-09-29,NVDA,2026-09-29,1,227.210007,7
2026-09-30T05:05:00.783284+00:00,01:05,2026-09-29,AVGO,2026-09-29,1,355.100006,7
2026-09-30T05:05:00.783284+00:00,01:05,2026-09-29,AMD,2026-09-29,1,607.570007,7
2026-09-30T05:05:00.783284+00:00,01:05,2026-09-29,QCOM,2026-09-29,1,184.100006,7
2026-09-30T05:05:00.783284+00:00,01:05,2026-09-29,ARM,2026-09-29,1,293.670013,7
2026-09-30T05:05:00.783284+00:00,01:05,2026-09-29,SNPS,2026-09-29,1,415.089996,7
2026-09-30T05:05:00.783284+00:00,01:05,2026-09-29,CDNS,2026-09-29,1,324.170013,7
2026-09-30T05:05:00.783284+00:00,01:05,2026-09-29,MSFT,2026-09-29,1,508.959991,7
2026-09-30T05:05:00.783284+00:00,01:05,2026-09-29,GOOGL,2026-09-29,1,340.920013,7
2026-09-30T05:05:00.783284+00:00,01:05,2026-09-29,META,2026-09-29,1,738.789978,7
2026-09-30T05:05:00.783284+00:00,01:05,2026-09-29,AMZN,2026-09-29,1,246.669998,7
2026-09-30T05:05:00.783284+00:00,01:05,2026-09-29,VRT,2026-09-29,1,248.339996,7
2026-09-30T05:05:00.783284+00:00,01:05,2026-09-29,SMH,2026-09-29,1,606.900024,7
2026-09-30T05:05:00.783284+00:00,01:05,2026-09-29,SOXX,2026-09-29,1,567.440002,7
2026-09-30T05:05:00.783284+00:00,01:05,2026-09-29,XSD,2026-09-29,1,530.000000,7
2026-09-30T05:35:00.782178+00:00,01:35,2026-09-29,UMC,2026-09-29,1,24.719999,7
2026-09-30T05:35:00.782178+00:00,01:35,2026-09-29,GFS,2026-09-29,1,47.860001,7
2026-09-30T05:35:00.782178+00:00,01:35,2026-09-29,TSEM,2026-09-29,1,234.429993,7
2026-09-30T05:35:00.782178+00:00,01:35,2026-09-29,GSM,2026-09-29,1,3.990000,7
2026-09-30T05:35:00.782178+00:00,01:35,2026-09-29,ENTG,2026-09-29,1,154.770004,7
2026-09-30T05:35:00.782178+00:00,01:35,2026-09-29,MKSI,2026-09-29,1,266.019989,7
2026-09-30T05:35:00.782178+00:00,01:35,2026-09-29,LIN,2026-09-29,1,473.369995,7
2026-09-30T05:35:00.782178+00:00,01:35,2026-09-29,SHECY,2026-09-29,1,18.709999,7
2026-09-30T05:35:00.782178+00:00,01:35,2026-09-29,ASML,2026-09-29,1,1834.390015,7
2026-09-30T05:35:00.782178+00:00,01:35,2026-09-29,AMAT,2026-09-29,1,512.010010,7
2026-09-30T05:35:00.782178+00:00,01:35,2026-09-29,LRCX,2026-09-29,1,323.859985,7
2026-09-30T05:35:00.782178+00:00,01:35,2026-09-29,KLAC,2026-09-29,1,196.529999,7
2026-09-30T05:35:00.782178+00:00,01:35,2026-09-29,TER,2026-09-29,1,403.019989,7
2026-09-30T05:35:00.782178+00:00,01:35,2026-09-29,TOELY,2026-09-24,0,172.149994,7
2026-09-30T05:35:00.782178+00:00,01:35,2026-09-29,TSM,2026-09-29,1,456.940002,7
2026-09-30T05:35:00.782178+00:00,01:35,2026-09-29,INTC,2026-09-29,1,115.930000,7
2026-09-30T05:35:00.782178+00:00,01:35,2026-09-29,MU,2026-09-29,1,1065.079956,7
2026-09-30T05:35:00.782178+00:00,01:35,2026-09-29,SNDK,2026-09-29,1,1729.760010,7
2026-09-30T05:35:00.782178+00:00,01:35,2026-09-29,WDC,2026-09-29,1,453.480011,7
2026-09-30T05:35:00.782178+00:00,01:35,2026-09-29,ASX,2026-09-29,1,45.310001,7
2026-09-30T05:35:00.782178+00:00,01:35,2026-09-29,AMKR,2026-09-29,1,54.139999,7
2026-09-30T05:35:00.782178+00:00,01:35,2026-09-29,NVDA,2026-09-29,1,227.210007,7
2026-09-30T05:35:00.782178+00:00,01:35,2026-09-29,AVGO,2026-09-29,1,355.100006,7
2026-09-30T05:35:00.782178+00:00,01:35,2026-09-29,AMD,2026-09-29,1,607.570007,7
2026-09-30T05:35:00.782178+00:00,01:35,2026-09-29,QCOM,2026-09-29,1,184.100006,7
2026-09-30T05:35:00.782178+00:00,01:35,2026-09-29,ARM,2026-09-29,1,293.670013,7
2026-09-30T05:35:00.782178+00:00,01:35,2026-09-29,SNPS,2026-09-29,1,415.089996,7
2026-09-30T05:35:00.782178+00:00,01:35,2026-09-29,CDNS,2026-09-29,1,324.170013,7
2026-09-30T05:35:00.782178+00:00,01:35,2026-09-29,MSFT,2026-09-29,1,508.959991,7
2026-09-30T05:35:00.782178+00:00,01:35,2026-09-29,GOOGL,2026-09-29,1,340.920013,7
2026-09-30T05:35:00.782178+00:00,01:35,2026-09-29,META,2026-09-29,1,738.789978,7
2026-09-30T05:35:00.782178+00:00,01:35,2026-09-29,AMZN,2026-09-29,1,246.669998,7
2026-09-30T05:35:00.782178+00:00,01:35,2026-09-29,VRT,2026-09-29,1,248.339996,7
2026-09-30T05:35:00.782178+00:00,01:35,2026-09-29,SMH,2026-09-29,1,606.900024,7
2026-09-30T05:35:00.782178+00:00,01:35,2026-09-29,SOXX,2026-09-29,1,567.440002,7
2026-09-30T05:35:00.782178+00:00,01:35,2026-09-29,XSD,2026-09-29,1,530.000000,7
2026-09-30T06:05:00.777151+00:00,02:05,2026-09-29,UMC,2026-09-29,1,24.719999,7
2026-09-30T06:05:00.777151+00:00,02:05,2026-09-29,GFS,2026-09-29,1,47.860001,7
2026-09-30T06:05:00.777151+00:00,02:05,2026-09-29,TSEM,2026-09-29,1,234.429993,7
2026-09-30T06:05:00.777151+00:00,02:05,2026-09-29,GSM,2026-09-29,1,3.990000,7
2026-09-30T06:05:00.777151+00:00,02:05,2026-09-29,ENTG,2026-09-29,1,154.770004,7
2026-09-30T06:05:00.777151+00:00,02:05,2026-09-29,MKSI,2026-09-29,1,266.019989,7
2026-09-30T06:05:00.777151+00:00,02:05,2026-09-29,LIN,2026-09-29,1,473.369995,7
2026-09-30T06:05:00.777151+00:00,02:05,2026-09-29,SHECY,2026-09-29,1,18.709999,7
2026-09-30T06:05:00.777151+00:00,02:05,2026-09-29,ASML,2026-09-29,1,1834.390015,7
2026-09-30T06:05:00.777151+00:00,02:05,2026-09-29,AMAT,2026-09-29,1,512.010010,7
2026-09-30T06:05:00.777151+00:00,02:05,2026-09-29,LRCX,2026-09-29,1,323.859985,7
2026-09-30T06:05:00.777151+00:00,02:05,2026-09-29,KLAC,2026-09-29,1,196.529999,7
2026-09-30T06:05:00.777151+00:00,02:05,2026-09-29,TER,2026-09-29,1,403.019989,7
2026-09-30T06:05:00.777151+00:00,02:05,2026-09-29,TOELY,2026-09-24,0,172.149994,7
2026-09-30T06:05:00.777151+00:00,02:05,2026-09-29,TSM,2026-09-29,1,456.940002,7
2026-09-30T06:05:00.777151+00:00,02:05,2026-09-29,INTC,2026-09-29,1,115.930000,7
2026-09-30T06:05:00.777151+00:00,02:05,2026-09-29,MU,2026-09-29,1,1065.079956,7
2026-09-30T06:05:00.777151+00:00,02:05,2026-09-29,SNDK,2026-09-29,1,1729.760010,7
2026-09-30T06:05:00.777151+00:00,02:05,2026-09-29,WDC,2026-09-29,1,453.480011,7
2026-09-30T06:05:00.777151+00:00,02:05,2026-09-29,ASX,2026-09-29,1,45.310001,7
2026-09-30T06:05:00.777151+00:00,02:05,2026-09-29,AMKR,2026-09-29,1,54.139999,7
2026-09-30T06:05:00.777151+00:00,02:05,2026-09-29,NVDA,2026-09-29,1,227.210007,7
2026-09-30T06:05:00.777151+00:00,02:05,2026-09-29,AVGO,2026-09-29,1,355.100006,7
2026-09-30T06:05:00.777151+00:00,02:05,2026-09-29,AMD,2026-09-29,1,607.570007,7
2026-09-30T06:05:00.777151+00:00,02:05,2026-09-29,QCOM,2026-09-29,1,184.100006,7
2026-09-30T06:05:00.777151+00:00,02:05,2026-09-29,ARM,2026-09-29,1,293.670013,7
2026-09-30T06:05:00.777151+00:00,02:05,2026-09-29,SNPS,2026-09-29,1,415.089996,7
2026-09-30T06:05:00.777151+00:00,02:05,2026-09-29,CDNS,2026-09-29,1,324.170013,7
2026-09-30T06:05:00.777151+00:00,02:05,2026-09-29,MSFT,2026-09-29,1,508.959991,7
2026-09-30T06:05:00.777151+00:00,02:05,2026-09-29,GOOGL,2026-09-29,1,340.920013,7
2026-09-30T06:05:00.777151+00:00,02:05,2026-09-29,META,2026-09-29,1,738.789978,7
2026-09-30T06:05:00.777151+00:00,02:05,2026-09-29,AMZN,2026-09-29,1,246.669998,7
2026-09-30T06:05:00.777151+00:00,02:05,2026-09-29,VRT,2026-09-29,1,248.339996,7
2026-09-30T06:05:00.777151+00:00,02:05,2026-09-29,SMH,2026-09-29,1,606.900024,7
2026-09-30T06:05:00.777151+00:00,02:05,2026-09-29,SOXX,2026-09-29,1,567.440002,7
2026-09-30T06:05:00.777151+00:00,02:05,2026-09-29,XSD,2026-09-29,1,530.000000,7
2026-09-30T06:35:00.781319+00:00,02:35,2026-09-29,UMC,2026-09-29,1,24.719999,7
2026-09-30T06:35:00.781319+00:00,02:35,2026-09-29,GFS,2026-09-29,1,47.860001,7
2026-09-30T06:35:00.781319+00:00,02:35,2026-09-29,TSEM,2026-09-29,1,234.429993,7
2026-09-30T06:35:00.781319+00:00,02:35,2026-09-29,GSM,2026-09-29,1,3.990000,7
2026-09-30T06:35:00.781319+00:00,02:35,2026-09-29,ENTG,2026-09-29,1,154.770004,7
2026-09-30T06:35:00.781319+00:00,02:35,2026-09-29,MKSI,2026-09-29,1,266.019989,7
2026-09-30T06:35:00.781319+00:00,02:35,2026-09-29,LIN,2026-09-29,1,473.369995,7
2026-09-30T06:35:00.781319+00:00,02:35,2026-09-29,SHECY,2026-09-29,1,18.709999,7
2026-09-30T06:35:00.781319+00:00,02:35,2026-09-29,ASML,2026-09-29,1,1834.390015,7
2026-09-30T06:35:00.781319+00:00,02:35,2026-09-29,AMAT,2026-09-29,1,512.010010,7
2026-09-30T06:35:00.781319+00:00,02:35,2026-09-29,LRCX,2026-09-29,1,323.859985,7
2026-09-30T06:35:00.781319+00:00,02:35,2026-09-29,KLAC,2026-09-29,1,196.529999,7
2026-09-30T06:35:00.781319+00:00,02:35,2026-09-29,TER,2026-09-29,1,403.019989,7
2026-09-30T06:35:00.781319+00:00,02:35,2026-09-29,TOELY,2026-09-24,0,172.149994,7
2026-09-30T06:35:00.781319+00:00,02:35,2026-09-29,TSM,2026-09-29,1,456.940002,7
2026-09-30T06:35:00.781319+00:00,02:35,2026-09-29,INTC,2026-09-29,1,115.930000,7
2026-09-30T06:35:00.781319+00:00,02:35,2026-09-29,MU,2026-09-29,1,1065.079956,7
2026-09-30T06:35:00.781319+00:00,02:35,2026-09-29,SNDK,2026-09-29,1,1729.760010,7
2026-09-30T06:35:00.781319+00:00,02:35,2026-09-29,WDC,2026-09-29,1,453.480011,7
2026-09-30T06:35:00.781319+00:00,02:35,2026-09-29,ASX,2026-09-29,1,45.310001,7
2026-09-30T06:35:00.781319+00:00,02:35,2026-09-29,AMKR,2026-09-29,1,54.139999,7
2026-09-30T06:35:00.781319+00:00,02:35,2026-09-29,NVDA,2026-09-29,1,227.210007,7
2026-09-30T06:35:00.781319+00:00,02:35,2026-09-29,AVGO,2026-09-29,1,355.100006,7
2026-09-30T06:35:00.781319+00:00,02:35,2026-09-29,AMD,2026-09-29,1,607.570007,7
2026-09-30T06:35:00.781319+00:00,02:35,2026-09-29,QCOM,2026-09-29,1,184.100006,7
2026-09-30T06:35:00.781319+00:00,02:35,2026-09-29,ARM,2026-09-29,1,293.670013,7
2026-09-30T06:35:00.781319+00:00,02:35,2026-09-29,SNPS,2026-09-29,1,415.089996,7
2026-09-30T06:35:00.781319+00:00,02:35,2026-09-29,CDNS,2026-09-29,1,324.170013,7
2026-09-30T06:35:00.781319+00:00,02:35,2026-09-29,MSFT,2026-09-29,1,508.959991,7
2026-09-30T06:35:00.781319+00:00,02:35,2026-09-29,GOOGL,2026-09-29,1,340.920013,7
2026-09-30T06:35:00.781319+00:00,02:35,2026-09-29,META,2026-09-29,1,738.789978,7
2026-09-30T06:35:00.781319+00:00,02:35,2026-09-29,AMZN,2026-09-29,1,246.669998,7
2026-09-30T06:35:00.781319+00:00,02:35,2026-09-29,VRT,2026-09-29,1,248.339996,7
2026-09-30T06:35:00.781319+00:00,02:35,2026-09-29,SMH,2026-09-29,1,606.900024,7
2026-09-30T06:35:00.781319+00:00,02:35,2026-09-29,SOXX,2026-09-29,1,567.440002,7
2026-09-30T06:35:00.781319+00:00,02:35,2026-09-29,XSD,2026-09-29,1,530.000000,7
2026-09-30T07:05:00.781952+00:00,03:05,2026-09-29,UMC,2026-09-29,1,24.719999,7
2026-09-30T07:05:00.781952+00:00,03:05,2026-09-29,GFS,2026-09-29,1,47.860001,7
2026-09-30T07:05:00.781952+00:00,03:05,2026-09-29,TSEM,2026-09-29,1,234.429993,7
2026-09-30T07:05:00.781952+00:00,03:05,2026-09-29,GSM,2026-09-29,1,3.990000,7
2026-09-30T07:05:00.781952+00:00,03:05,2026-09-29,ENTG,2026-09-29,1,154.770004,7
2026-09-30T07:05:00.781952+00:00,03:05,2026-09-29,MKSI,2026-09-29,1,266.019989,7
2026-09-30T07:05:00.781952+00:00,03:05,2026-09-29,LIN,2026-09-29,1,473.369995,7
2026-09-30T07:05:00.781952+00:00,03:05,2026-09-29,SHECY,2026-09-29,1,18.709999,7
2026-09-30T07:05:00.781952+00:00,03:05,2026-09-29,ASML,2026-09-29,1,1834.390015,7
2026-09-30T07:05:00.781952+00:00,03:05,2026-09-29,AMAT,2026-09-29,1,512.010010,7
2026-09-30T07:05:00.781952+00:00,03:05,2026-09-29,LRCX,2026-09-29,1,323.859985,7
2026-09-30T07:05:00.781952+00:00,03:05,2026-09-29,KLAC,2026-09-29,1,196.529999,7
2026-09-30T07:05:00.781952+00:00,03:05,2026-09-29,TER,2026-09-29,1,403.019989,7
2026-09-30T07:05:00.781952+00:00,03:05,2026-09-29,TOELY,2026-09-24,0,172.149994,7
2026-09-30T07:05:00.781952+00:00,03:05,2026-09-29,TSM,2026-09-29,1,456.940002,7
2026-09-30T07:05:00.781952+00:00,03:05,2026-09-29,INTC,2026-09-29,1,115.930000,7
2026-09-30T07:05:00.781952+00:00,03:05,2026-09-29,MU,2026-09-29,1,1065.079956,7
2026-09-30T07:05:00.781952+00:00,03:05,2026-09-29,SNDK,2026-09-29,1,1729.760010,7
2026-09-30T07:05:00.781952+00:00,03:05,2026-09-29,WDC,2026-09-29,1,453.480011,7
2026-09-30T07:05:00.781952+00:00,03:05,2026-09-29,ASX,2026-09-29,1,45.310001,7
2026-09-30T07:05:00.781952+00:00,03:05,2026-09-29,AMKR,2026-09-29,1,54.139999,7
2026-09-30T07:05:00.781952+00:00,03:05,2026-09-29,NVDA,2026-09-29,1,227.210007,7
2026-09-30T07:05:00.781952+00:00,03:05,2026-09-29,AVGO,2026-09-29,1,355.100006,7
2026-09-30T07:05:00.781952+00:00,03:05,2026-09-29,AMD,2026-09-29,1,607.570007,7
2026-09-30T07:05:00.781952+00:00,03:05,2026-09-29,QCOM,2026-09-29,1,184.100006,7
2026-09-30T07:05:00.781952+00:00,03:05,2026-09-29,ARM,2026-09-29,1,293.670013,7
2026-09-30T07:05:00.781952+00:00,03:05,2026-09-29,SNPS,2026-09-29,1,415.089996,7
2026-09-30T07:05:00.781952+00:00,03:05,2026-09-29,CDNS,2026-09-29,1,324.170013,7
2026-09-30T07:05:00.781952+00:00,03:05,2026-09-29,MSFT,2026-09-29,1,508.959991,7
2026-09-30T07:05:00.781952+00:00,03:05,2026-09-29,GOOGL,2026-09-29,1,340.920013,7
2026-09-30T07:05:00.781952+00:00,03:05,2026-09-29,META,2026-09-29,1,738.789978,7
2026-09-30T07:05:00.781952+00:00,03:05,2026-09-29,AMZN,2026-09-29,1,246.669998,7
2026-09-30T07:05:00.781952+00:00,03:05,2026-09-29,VRT,2026-09-29,1,248.339996,7
2026-09-30T07:05:00.781952+00:00,03:05,2026-09-29,SMH,2026-09-29,1,606.900024,7
2026-09-30T07:05:00.781952+00:00,03:05,2026-09-29,SOXX,2026-09-29,1,567.440002,7
2026-09-30T07:05:00.781952+00:00,03:05,2026-09-29,XSD,2026-09-29,1,530.000000,7
2026-09-30T07:35:00.770151+00:00,03:35,2026-09-29,UMC,2026-09-29,1,24.719999,7
2026-09-30T07:35:00.770151+00:00,03:35,2026-09-29,GFS,2026-09-29,1,47.860001,7
2026-09-30T07:35:00.770151+00:00,03:35,2026-09-29,TSEM,2026-09-29,1,234.429993,7
2026-09-30T07:35:00.770151+00:00,03:35,2026-09-29,GSM,2026-09-29,1,3.990000,7
2026-09-30T07:35:00.770151+00:00,03:35,2026-09-29,ENTG,2026-09-29,1,154.770004,7
2026-09-30T07:35:00.770151+00:00,03:35,2026-09-29,MKSI,2026-09-29,1,266.019989,7
2026-09-30T07:35:00.770151+00:00,03:35,2026-09-29,LIN,2026-09-29,1,473.369995,7
2026-09-30T07:35:00.770151+00:00,03:35,2026-09-29,SHECY,2026-09-29,1,18.709999,7
2026-09-30T07:35:00.770151+00:00,03:35,2026-09-29,ASML,2026-09-29,1,1834.390015,7
2026-09-30T07:35:00.770151+00:00,03:35,2026-09-29,AMAT,2026-09-29,1,512.010010,7
2026-09-30T07:35:00.770151+00:00,03:35,2026-09-29,LRCX,2026-09-29,1,323.859985,7
2026-09-30T07:35:00.770151+00:00,03:35,2026-09-29,KLAC,2026-09-29,1,196.529999,7
2026-09-30T07:35:00.770151+00:00,03:35,2026-09-29,TER,2026-09-29,1,403.019989,7
2026-09-30T07:35:00.770151+00:00,03:35,2026-09-29,TOELY,2026-09-24,0,172.149994,7
2026-09-30T07:35:00.770151+00:00,03:35,2026-09-29,TSM,2026-09-29,1,456.940002,7
2026-09-30T07:35:00.770151+00:00,03:35,2026-09-29,INTC,2026-09-29,1,115.930000,7
2026-09-30T07:35:00.770151+00:00,03:35,2026-09-29,MU,2026-09-29,1,1065.079956,7
2026-09-30T07:35:00.770151+00:00,03:35,2026-09-29,SNDK,2026-09-29,1,1729.760010,7
2026-09-30T07:35:00.770151+00:00,03:35,2026-09-29,WDC,2026-09-29,1,453.480011,7
2026-09-30T07:35:00.770151+00:00,03:35,2026-09-29,ASX,2026-09-29,1,45.310001,7
2026-09-30T07:35:00.770151+00:00,03:35,2026-09-29,AMKR,2026-09-29,1,54.139999,7
2026-09-30T07:35:00.770151+00:00,03:35,2026-09-29,NVDA,2026-09-29,1,227.210007,7
2026-09-30T07:35:00.770151+00:00,03:35,2026-09-29,AVGO,2026-09-29,1,355.100006,7
2026-09-30T07:35:00.770151+00:00,03:35,2026-09-29,AMD,2026-09-29,1,607.570007,7
2026-09-30T07:35:00.770151+00:00,03:35,2026-09-29,QCOM,2026-09-29,1,184.100006,7
2026-09-30T07:35:00.770151+00:00,03:35,2026-09-29,ARM,2026-09-29,1,293.670013,7
2026-09-30T07:35:00.770151+00:00,03:35,2026-09-29,SNPS,2026-09-29,1,415.089996,7
2026-09-30T07:35:00.770151+00:00,03:35,2026-09-29,CDNS,2026-09-29,1,324.170013,7
2026-09-30T07:35:00.770151+00:00,03:35,2026-09-29,MSFT,2026-09-29,1,508.959991,7
2026-09-30T07:35:00.770151+00:00,03:35,2026-09-29,GOOGL,2026-09-29,1,340.920013,7
2026-09-30T07:35:00.770151+00:00,03:35,2026-09-29,META,2026-09-29,1,738.789978,7
2026-09-30T07:35:00.770151+00:00,03:35,2026-09-29,AMZN,2026-09-29,1,246.669998,7
2026-09-30T07:35:00.770151+00:00,03:35,2026-09-29,VRT,2026-09-29,1,248.339996,7
2026-09-30T07:35:00.770151+00:00,03:35,2026-09-29,SMH,2026-09-29,1,606.900024,7
2026-09-30T07:35:00.770151+00:00,03:35,2026-09-29,SOXX,2026-09-29,1,567.440002,7
2026-09-30T07:35:00.770151+00:00,03:35,2026-09-29,XSD,2026-09-29,1,530.000000,7
