empate,ventana_r2,filas_29jul,emision_parcial,corte,objetivo,zona_muerta,n,dias,modelo_pct,modelo_lo,modelo_hi,base_pct,base_lo,base_hi,ventaja_pp,ventaja_lo,ventaja_hi,p_dia,b,c,p_exacto,p_chi2,mae,mae_lo,mae_hi,mae_cero,mae_cero_lo,mae_cero_hi,dmae,dmae_lo,dmae_hi,dmae_bloque_lo,dmae_bloque_hi,n_cobertura,cobertura_pct,cobertura_lo,cobertura_hi,cobertura_dia_lo,cobertura_dia_hi
estricta,dentro,dentro,dentro,publicado,gap,0.0,243,34,67.48971193415638,61.3677582628761,73.06729993443592,56.79012345679013,50.50385524868927,62.865049698502474,10.699588477366255,-5.907798755631838,27.235772357723576,0.23744063984004,75,49,0.024370170122401273,0.024763878224479747,2.475854320987654,1.9495667947863058,3.172308446560813,2.9139135802469136,2.1940021834693875,3.922710799467613,-0.43805925925925926,-0.9598980882116696,0.048159803215077596,-0.9013060905349792,-0.2028583744855968,243,93.00411522633745,89.08316695742093,95.58656437479334,85.89199069736313,98.01587301587301
estricta,dentro,dentro,dentro,publicado,gap,0.25,188,30,71.80851063829788,64.99001696749764,77.75361128891687,56.38297872340426,49.2365586682703,63.2737715531193,15.425531914893616,-2.1624559341950644,33.84656084656084,0.12621844538865284,66,37,0.005535899104192272,0.0057992378814272156,2.636772340425532,1.959276656800333,3.503382299012093,3.2047085106382984,2.296935517885785,4.427430243612597,-0.567936170212766,-1.2021103781249998,0.07451681424118442,-1.2651020478723405,-0.24166396276595753,188,91.48936170212765,86.62351965179904,94.69362678723343,82.96572146446519,97.86096256684492
estricta,dentro,dentro,dentro,publicado,retorno_sesion,0.0,243,34,62.13991769547325,55.89720924326676,68.00477232898513,53.49794238683128,47.22107204459883,59.66593959486358,8.641975308641975,-8.943247603682263,26.379073042698913,0.3761559610097476,71,50,0.068593638120616,0.06903634799441526,3.4685917695473254,2.8377585450831564,4.2329115536723165,3.717990946502057,2.870004957575347,4.771916360996438,-0.2493991769547325,-0.7229101666609512,0.21299964640652788,-0.7836018930041152,0.10337397119341557,0,,,,,
estricta,dentro,dentro,dentro,publicado,retorno_sesion,0.25,188,30,67.02127659574468,60.018981589869725,73.34189900050258,54.787234042553195,47.64789347414254,61.73485419189967,12.23404255319149,-6.318322544328734,31.413612565445025,0.25793551612096977,62,39,0.02808946794777774,0.028590893764117793,3.837536702127659,3.1114735229202037,4.685407975412015,4.162504787234043,3.154777689615256,5.36958818596352,-0.32496808510638303,-0.9074533254504503,0.26495412807033414,-1.1211876861702128,0.13894422872340417,0,,,,,
estricta,dentro,dentro,dentro,vivo,gap,0.0,251,35,66.93227091633466,60.89532125619884,72.45874930725911,56.57370517928287,50.38830022458583,62.56092717063903,10.358565737051793,-5.837720302128632,26.970954356846473,0.23869032741814547,75,49,0.024370170122401273,0.024763878224479747,2.445554183266932,1.9337234247059971,3.1441718328773365,2.8669820717131476,2.1788816193896974,3.8614175529100523,-0.42142788844621515,-0.9348576338597844,0.060885263149457185,-0.8750793426294823,-0.17186055776892434,251,93.22709163346613,89.42231152460548,95.72866861975193,86.14212538948163,98.15531946528256
estricta,dentro,dentro,dentro,vivo,gap,0.25,195,31,71.28205128205128,64.56876495496252,77.17303300420731,56.41025641025641,49.39297679933726,63.17985391125605,14.871794871794872,-2.2111933077379264,32.631578947368425,0.12046988252936766,66,37,0.005535899104192272,0.0057992378814272156,2.6031523076923078,1.9480226699346403,3.4575605621979455,3.1484446153846157,2.2603972297676282,4.368304944128788,-0.5452923076923077,-1.1891445763305324,0.07172709447415311,-1.2265419743589745,-0.23164846153846166,195,91.7948717948718,87.08832928343298,94.88652694963545,83.17733876191357,97.90575916230367
estricta,dentro,dentro,dentro,vivo,retorno_sesion,0.0,251,35,62.15139442231076,56.010660241178776,67.92579039847931,53.386454183266935,47.21049662360098,59.46031748909062,8.764940239043824,-7.6613289457421825,25.968992248062015,0.35216195951012247,72,50,0.056822688923172264,0.05726918747082716,3.4234135458167336,2.8113378630268193,4.17000638930106,3.6426653386454184,2.8138883406623063,4.672462207656867,-0.2192517928286852,-0.6763110000000001,0.2212509584050196,-0.7541411354581673,0.11761990039840599,0,,,,,
estricta,dentro,dentro,dentro,vivo,retorno_sesion,0.25,195,31,67.17948717948718,60.312580077009855,73.38260622738022,54.87179487179487,47.86042618674623,61.694925153304695,12.307692307692308,-5.65096162290331,30.24390243902439,0.22394401399650088,63,39,0.02229766182469305,0.02276596890308009,3.7819410256410255,3.093256181095834,4.6362366953125,4.067849743589743,3.0750738917525773,5.292026218905473,-0.28590871794871797,-0.8674679996336806,0.2896047955452126,-1.0610533076923077,0.1741041282051281,0,,,,,
estricta,dentro,dentro,fuera,publicado,gap,0.0,223,29,65.02242152466367,58.55678950055241,70.97925754672032,55.15695067264574,48.597089559410215,61.54215047174312,9.865470852017937,-7.758620689655173,27.601809954751133,0.32041989502624346,71,49,0.05477979691369764,0.055234253718063835,2.562217040358744,1.988933323963688,3.30765941111111,2.923381165919282,2.137887551633987,3.9947672334002045,-0.36116412556053806,-0.9017567028985508,0.15954444204980756,-0.8819710762331839,-0.10830004484304938,223,92.37668161434978,88.13192922130769,95.18617364338701,84.64827935222672,97.84482758620689
estricta,dentro,dentro,fuera,publicado,gap,0.25,171,26,69.00584795321637,61.7205420644062,75.45599514731983,54.3859649122807,46.90621505394395,61.67298584106974,14.619883040935672,-4.233367105707531,34.104046242774565,0.1789552611847038,62,37,0.015432364507308909,0.015861332739773016,2.759944444444444,2.033015987610275,3.6966463465909087,3.233354970760234,2.2515414920938404,4.570095715138871,-0.4734105263157895,-1.1636854372710623,0.20218589705882348,-1.2342919298245614,-0.12144634502923984,171,90.64327485380117,85.34216537257586,94.15842958788443,81.25,97.5609756097561
estricta,dentro,dentro,fuera,publicado,retorno_sesion,0.0,223,29,65.02242152466367,58.55678950055241,70.97925754672032,54.7085201793722,48.150566153350674,61.10700083161542,10.31390134529148,-8.444444444444445,29.386609907120736,0.32816795801049736,70,47,0.04150078870798854,0.04196160641613096,3.423235874439462,2.7415514035874438,4.2351269508221225,3.804833183856501,2.8873015013083734,4.9029553748670684,-0.38159730941704034,-0.8528633782449501,0.06644234651424255,-0.9320913004484305,-0.03738286995515695,0,,,,,
estricta,dentro,dentro,fuera,publicado,retorno_sesion,0.25,171,26,70.76023391812865,63.546407208455754,77.06181036127576,56.14035087719298,48.64897752113694,63.36190373188222,14.619883040935672,-5.617977528089887,35.714285714285715,0.21519620094976255,61,36,0.014389633007096116,0.014816610566963461,3.8266017543859654,3.0444417295683612,4.793464411622276,4.326228654970759,3.2295190065681436,5.664502272954091,-0.4996269005847953,-1.091828065859329,0.08040382101558587,-1.3129220175438596,-0.06623175438596514,0,,,,,
estricta,dentro,dentro,fuera,vivo,gap,0.0,231,30,64.5021645021645,58.14038417593574,70.38950161869977,54.97835497835498,48.5333214820777,61.26051991011061,9.523809523809524,-7.083333333333333,26.785714285714285,0.3074231442139465,71,49,0.05477979691369764,0.055234253718063835,2.526302597402597,1.98338094164823,3.2745660470157647,2.8720584415584414,2.1403121888412016,3.9501661599359545,-0.3457558441558441,-0.8840282919614892,0.1480460706214688,-0.8574152380952381,-0.08240238095238095,231,92.64069264069263,88.53163653177577,95.3547440882719,84.97854077253218,97.89915966386555
estricta,dentro,dentro,fuera,vivo,gap,0.25,178,27,68.53932584269663,61.387072045465715,74.90828129586427,54.49438202247191,47.16095683153636,61.63791670575576,14.044943820224718,-3.977272727272727,33.33333333333333,0.17370657335666084,62,37,0.015432364507308909,0.015861332739773016,2.718269662921348,2.008420710059171,3.6516751933771485,3.1705910112359548,2.234910960125404,4.517361205015847,-0.4523213483146068,-1.1122520909090907,0.19499065344938682,-1.2004847471910112,-0.11141825842696634,178,91.01123595505618,85.8983588710649,94.39136215672566,81.72027649769585,97.74011299435028
estricta,dentro,dentro,fuera,vivo,retorno_sesion,0.0,231,30,64.93506493506493,58.58296566246456,70.79855851410036,54.54545454545455,48.102292182477605,60.839910827781274,10.38961038961039,-6.926406926406926,28.8137443564503,0.3014246438390402,71,47,0.033788175471824056,0.03423256112993769,3.3757168831168833,2.728881541593032,4.192515289554576,3.719978354978354,2.835486913284632,4.817472126588982,-0.3442614718614719,-0.8044304275915063,0.08549485416666663,-0.9045952597402598,-0.02212132034632037,0,,,,,
estricta,dentro,dentro,fuera,vivo,retorno_sesion,0.25,178,27,70.78651685393258,63.72332434882495,76.97146576115108,56.17977528089887,48.836488717539474,63.2619623962372,14.606741573033707,-4.848484848484849,34.54569252736792,0.1887028242939265,62,36,0.011174544214771725,0.011557279664325258,3.7661264044943827,2.9844815055248612,4.71473957749476,4.216094943820224,3.144109646556827,5.5408717711919095,-0.44996853932584263,-1.0377129370319274,0.10438125343284539,-1.250174691011236,0.013394466292134888,0,,,,,
estricta,dentro,fuera,dentro,publicado,gap,0.0,242,33,67.35537190082644,61.21636047483052,72.95200168952918,57.02479338842975,50.7258944620817,63.104156890159125,10.330578512396695,-6.477732793522267,26.89075630252101,0.255936015996001,74,49,0.030046914835544586,0.030463802722688834,2.484295041322314,1.965887037518436,3.1897250133928567,2.925347933884298,2.220117542105263,3.955488147903128,-0.4410528925619835,-0.9583693478221168,0.048599554384595164,-0.9047017975206612,-0.20563249999999997,242,92.97520661157024,89.03923936818076,95.56813361023376,85.71428571428571,98.01989981606856
estricta,dentro,fuera,dentro,publicado,gap,0.25,187,29,71.65775401069519,64.81313812869183,77.63046951324296,56.68449197860963,49.518486226432,63.58139267539973,14.973262032085561,-2.717762532668092,34.02088843309764,0.12946763309172707,65,37,0.007206214620046406,0.007508702485698836,2.64855614973262,1.976093290691193,3.525986524354961,3.2210609625668454,2.3158719965312904,4.455202645751377,-0.5725048128342246,-1.213529984181766,0.06192271264809273,-1.2694514438502675,-0.2448148128342246,187,91.44385026737967,86.5543744182419,94.66487477311482,82.70270270270271,97.84946236559139
estricta,dentro,fuera,dentro,publicado,retorno_sesion,0.0,242,33,62.396694214876035,56.14488621151028,68.26108676303238,53.30578512396694,47.01744003265581,59.490819427222206,9.090909090909092,-8.627450980392156,26.90801668211306,0.33441639590102473,71,49,0.05477979691369764,0.055234253718063835,3.4426797520661157,2.827177218454697,4.206925913888456,3.695506198347107,2.8325999481128656,4.737068227646707,-0.25282644628099166,-0.7313840987106139,0.20479581959592355,-0.8043439049586777,0.1055526239669421,0,,,,,
estricta,dentro,fuera,dentro,publicado,retorno_sesion,0.25,187,29,67.37967914438502,60.36913813439719,73.69054701036531,54.54545454545455,47.38889497744368,61.519022675801885,12.834224598930481,-6.044372294372294,32.22267759562841,0.2376905773556611,62,38,0.020978735677851117,0.021448220043351618,3.805976470588235,3.088952045454545,4.661216123711339,4.1357839572192505,3.111109714069318,5.358791657902916,-0.329807486631016,-0.9263689521764032,0.258305628006253,-1.1486760160427807,0.14591053475935822,0,,,,,
estricta,dentro,fuera,dentro,vivo,gap,0.0,250,34,66.8,60.74691033954679,72.34461079740628,56.8,50.60249967174061,62.79168745512133,10.0,-5.907715014759593,26.230020491803273,0.2584353911522119,74,49,0.030046914835544586,0.030463802722688834,2.4536036,1.9397379386234919,3.1375384539310516,2.8778628000000004,2.188553617213944,3.8682945017391313,-0.4242592,-0.9317617655473572,0.05411509999999988,-0.8855264199999999,-0.17650480000000013,250,93.2,89.38107478142963,95.71140814216396,86.23481781376519,98.11320754716981
estricta,dentro,fuera,dentro,vivo,gap,0.25,194,30,71.1340206185567,64.39610153449158,77.05122729577019,56.70103092783505,49.66532787403565,63.47650809653514,14.43298969072165,-2.512562814070352,32.46107032978895,0.13146713321669581,65,37,0.007206214620046406,0.007508702485698836,2.614337628865979,1.9460542578929303,3.4737704476763462,3.163917010309279,2.270431982097918,4.349478296957673,-0.549579381443299,-1.1739914820392006,0.06811450085581941,-1.232256469072165,-0.23306030927835064,194,91.75257731958763,87.02391404626958,94.85983315497924,83.24600254704967,97.90575916230367
estricta,dentro,fuera,dentro,vivo,retorno_sesion,0.0,250,34,62.4,56.25067230275577,68.1740218697572,53.2,47.01311851522348,59.29002836800568,9.2,-7.377808136004857,26.123684630102023,0.3181704573856536,72,49,0.04505173972573706,0.045500263896358396,3.3981500000000002,2.7752635520833335,4.143259859914336,3.6205988,2.7904998367745537,4.660838293014252,-0.22244879999999995,-0.6860438987574782,0.22198657280713213,-0.7701964600000001,0.11874629999999987,0,,,,,
estricta,dentro,fuera,dentro,vivo,retorno_sesion,0.25,194,30,67.52577319587628,60.65141342041189,73.71954219492713,54.63917525773196,47.61134802079385,61.48684611267823,12.88659793814433,-5.102330705009276,31.683168316831683,0.20819795051237192,63,38,0.016505855701607366,0.016936227994398208,3.7512329896907217,3.04735842512275,4.592807774176226,4.041605154639175,3.0409881228776756,5.2322263409751155,-0.2903721649484536,-0.8552783013640238,0.2755040476190474,-1.0908174999999998,0.1802424742268037,0,,,,,
estricta,dentro,fuera,fuera,publicado,gap,0.0,222,28,64.86486486486487,58.380706262315044,70.84333450709941,55.4054054054054,48.829997885493015,61.79692603065769,9.45945945945946,-8.482142857142858,27.27272727272727,0.33941514621344665,70,49,0.0662913312528,0.06674355431693442,2.571807207207207,2.005723169642857,3.345309654017858,2.935888288288288,2.1696569305019304,4.01990805681818,-0.364081081081081,-0.9066398859126984,0.1480143303571428,-0.8894794144144146,-0.10943011261261265,222,92.34234234234235,88.07999934892233,95.16423799425824,84.68468468468468,97.76785714285714
estricta,dentro,fuera,fuera,publicado,gap,0.25,170,25,68.82352941176471,61.50924151096269,75.30591203995853,54.705882352941174,47.20154508023167,62.00224330749864,14.117647058823529,-4.572085385878489,33.540470948973976,0.19745063734066484,61,37,0.019690184799847767,0.020160312058240745,2.7736311764705883,2.034725953208556,3.726144929775281,3.251511176470588,2.275200815404475,4.653168114035087,-0.47788000000000014,-1.1666132690274844,0.1857747414185035,-1.241591676470588,-0.12907232352941192,170,90.58823529411765,85.25911073144762,94.12356411272626,80.81395348837209,97.59036144578313
estricta,dentro,fuera,fuera,publicado,retorno_sesion,0.0,222,28,65.31531531531532,58.841760530168806,71.2678572322582,54.5045045045045,47.9329190772829,60.92285085284268,10.81081081081081,-7.5892857142857135,29.912946428571395,0.300674831292177,70,46,0.03227202073309247,0.03272048483157355,3.3947851351351357,2.7282895691031945,4.22643851545864,3.7807139639639638,2.8897668740950766,4.914539920634919,-0.3859288288288288,-0.8588487779730772,0.05594421874999994,-0.95664981981982,-0.03339436936936942,0,,,,,
estricta,dentro,fuera,fuera,publicado,retorno_sesion,0.25,170,25,71.17647058823529,63.95921103528791,77.45783670949848,55.88235294117647,48.37022802241812,63.13450746224476,15.294117647058824,-4.878048780487805,35.71528332003191,0.18170457385653588,61,35,0.010345913082729096,0.010724437603060147,3.791821176470588,3.003130304487179,4.7355590138971015,4.297798823529411,3.2111761861379384,5.627125797440132,-0.5059776470588234,-1.0998166590531562,0.07385953571428573,-1.3384048235294117,-0.06231379411764798,0,,,,,
estricta,dentro,fuera,fuera,vivo,gap,0.0,230,29,64.34782608695652,57.968607312060136,70.25564356836553,55.21739130434783,48.75757662299019,61.50578733352824,9.130434782608695,-7.391304347826087,26.521739130434785,0.33266683329167707,70,49,0.0662913312528,0.06674355431693442,2.5354030434782606,1.9958771544027094,3.287543465704647,2.8839073913043483,2.136088953607078,3.9889133913043473,-0.34850434782608686,-0.8871808628318585,0.14692133620689649,-0.8641336739130433,-0.08501515217391356,230,92.6086956521739,88.48315091670848,95.33432139485866,84.78260869565217,97.84482758620689
estricta,dentro,fuera,fuera,vivo,gap,0.25,177,26,68.36158192090396,61.18215886010843,74.76092654955313,54.80225988700565,47.445880895123736,61.95461836586465,13.559322033898304,-4.395604395604396,32.903815892997635,0.19320169957510622,61,37,0.019690184799847767,0.020160312058240745,2.731179661016949,2.0158084262521423,3.662666706281833,3.187674576271186,2.245564456898123,4.535090375405843,-0.45649491525423747,-1.1558700643939395,0.18979394119275855,-1.2000865254237287,-0.11686031073446329,177,90.96045197740114,85.8214987066183,94.35923028416514,81.60919540229885,97.71428571428571
estricta,dentro,fuera,fuera,vivo,retorno_sesion,0.0,230,29,65.21739130434783,58.85778899357943,71.07702254626598,54.34782608695652,47.89176285704549,60.66104044005319,10.869565217391305,-6.896551724137931,29.565217391304348,0.2871782054486378,71,46,0.026075562235663593,0.026500280602491873,3.348049130434783,2.699720375093703,4.152249781178489,3.6963291304347825,2.816382043478261,4.814471815217392,-0.34828,-0.821038222826087,0.07470178279610193,-0.9280246521739131,-0.015631456521739195,0,,,,,
estricta,dentro,fuera,fuera,vivo,retorno_sesion,0.25,177,26,71.1864406779661,64.12027699193825,77.35251386536352,55.932203389830505,48.5692241023606,63.04315733768387,15.254237288135593,-4.301656495204882,35.05747126436782,0.16895776055986003,62,35,0.007959455422446967,0.008293048632162224,3.7323796610169495,2.957521373157108,4.654648587110037,4.188167231638418,3.1346071927966097,5.4932624822235505,-0.4557875706214688,-1.047662935799814,0.10068278603603605,-1.2835983050847457,0.018501299435028214,0,,,,,
estricta,fuera,dentro,dentro,publicado,gap,0.0,199,28,64.321608040201,57.452294912023014,70.64846926675679,60.301507537688444,53.37040016732046,66.84243020688956,4.0201005025125625,-13.020833333333334,21.354166666666664,0.6998250437390653,51,43,0.47049211489039017,0.47029763006732744,2.5373733668341707,1.902254534437878,3.3622259203032407,2.881430653266331,2.037911302966102,4.068653196434013,-0.3440572864321607,-0.9606085650474594,0.22285280019636713,-0.8957720603015076,-0.10098032663316585,199,92.46231155778895,87.9371671476229,95.37913366314528,84.34217832778043,98.4375
estricta,fuera,dentro,dentro,publicado,gap,0.25,153,24,67.97385620915033,60.2183860586864,74.84887256894322,59.47712418300654,51.55828795365858,66.93172114090977,8.49673202614379,-9.554807582287655,27.891929499072344,0.432641839540115,46,33,0.17661055306016238,0.17698215046060226,2.7268960784313725,1.8978197782887887,3.7735907187499995,3.178405882352941,2.102604085684845,4.6779035833333324,-0.45150980392156853,-1.227227421961326,0.2706417542470479,-1.3132898692810457,-0.09503486928104625,153,90.19607843137256,84.4547363017974,93.96840571999246,79.761722173532,97.93103448275862
estricta,fuera,dentro,dentro,publicado,retorno_sesion,0.0,199,28,61.30653266331658,54.3864086510449,67.79840517430756,59.79899497487437,52.863488502716926,66.36335014592188,1.5075376884422111,-16.346153846153847,20.095752415798852,0.9202699325168708,47,44,0.8340810393050231,0.833935414088552,3.338406532663317,2.6142970454545456,4.235108283570543,3.6402165829145723,2.6990944722963777,4.86037564575158,-0.3018100502512563,-0.8251990254044202,0.17711162250275775,-0.9015736432160805,0.047431633165829136,0,,,,,
estricta,fuera,dentro,dentro,publicado,retorno_sesion,0.25,153,24,67.3202614379085,59.54322410211175,74.24886148451316,61.43790849673203,53.535049757496076,68.78047846008641,5.882352941176471,-14.599073718359158,26.973684210526315,0.6323419145213697,43,34,0.3620317977396645,0.3619347669211923,3.6862071895424844,2.8484223505717257,4.735780421727672,4.085947058823529,2.943623947368421,5.532381007739566,-0.39973986928104566,-1.07045378875969,0.23449575305895437,-1.2856989542483659,0.04202303921568611,0,,,,,
estricta,fuera,dentro,dentro,vivo,gap,0.0,207,29,63.768115942028984,57.024321048208,70.01021016724638,59.90338164251208,53.10518386166544,66.34070701260877,3.864734299516908,-12.077294685990339,20.100502512562816,0.691077230692327,51,43,0.47049211489039017,0.47029763006732744,2.4982550724637678,1.877090625662717,3.2962470183997765,2.8257787439613526,2.0001363507318453,3.9865054121492336,-0.32752367149758443,-0.9150520971860343,0.21874387201834788,-0.8584878985507245,-0.08545949275362319,207,92.7536231884058,88.38959947010271,95.55973430420308,84.65026833631485,98.46938775510205
estricta,fuera,dentro,dentro,vivo,gap,0.25,160,25,67.5,59.90613789197846,74.27324527701887,59.375,51.631688562576436,66.67869527795783,8.125,-9.259565857247976,27.097065682083173,0.43739065233691576,46,33,0.17661055306016238,0.17698215046060226,2.68197875,1.8844455652699437,3.6880861082251077,3.110985,2.0593895597826086,4.583191700310558,-0.4290062499999999,-1.1832340968262505,0.27188975474929905,-1.2391945,-0.08662496875000003,160,90.625,85.10879733686994,94.23619930544525,80.47303271441203,98.02631578947368
estricta,fuera,dentro,dentro,vivo,retorno_sesion,0.0,207,29,61.35265700483092,54.56981957569367,67.72181142652312,59.42028985507246,52.61828952369696,65.87902130792973,1.932367149758454,-15.59633027522936,19.892673728133524,0.8802799300174956,48,44,0.7546517496104921,0.754454177494089,3.288656521739131,2.57333682464455,4.143264109591574,3.5518855072463764,2.613679338898646,4.715119758397901,-0.2632289855072464,-0.7660474556112767,0.20841784686981685,-0.8503343719806763,0.06811388888888874,0,,,,,
estricta,fuera,dentro,dentro,vivo,retorno_sesion,0.25,160,25,67.5,59.90613789197846,74.27324527701887,61.25,53.52180445200426,68.4506561566369,6.25,-13.548387096774196,26.452087286527508,0.590852286928268,44,34,0.3081682319436916,0.308179547467054,3.6250706250000007,2.798441731168831,4.6464025489336835,3.973935625,2.843952109848485,5.41759484082397,-0.3488649999999999,-0.9844375989516474,0.2734191890896485,-1.2215462812500002,0.11535843749999997,0,,,,,
estricta,fuera,dentro,fuera,publicado,gap,0.0,185,24,62.16216216216216,54.9932083378761,68.83630467320889,60.0,52.80638704515012,66.78676809729754,2.1621621621621623,-15.168539325842698,19.791666666666664,0.8647838040489878,47,43,0.752033201598624,0.7518296340458492,2.6232524324324324,1.9551275510275903,3.5091755695517315,2.949716216216216,2.0487985573209273,4.272821971997893,-0.32646378378378377,-0.9773633068693692,0.28489397719594556,-0.9377581621621622,-0.05839021621621626,185,91.89189189189189,87.05442076987478,95.02501293497352,82.8125,98.31460674157303
estricta,fuera,dentro,fuera,publicado,gap,0.25,142,21,65.49295774647888,57.35868353855636,72.81106404611099,59.15492957746479,50.93253382773639,66.89504429047612,6.338028169014085,-13.043478260869565,26.811594202898554,0.5868532866783304,42,33,0.3556992390814763,0.35561106109523904,2.845598591549295,1.9666420219443022,3.967249060015897,3.2758760563380283,2.107768131253036,4.9071407000210225,-0.4302774647887324,-1.258727947266498,0.34764623693222774,-1.3493617605633803,-0.06076267605633828,142,89.43661971830986,83.30239379738559,93.49332732722223,78.08174988952717,97.74436090225564
estricta,fuera,dentro,fuera,publicado,retorno_sesion,0.0,185,24,63.24324324324324,56.09195026726044,69.85574167814322,60.54054054054054,53.35177658155158,67.30046802805542,2.7027027027027026,-16.218114181597326,22.395833333333336,0.8435391152211947,46,41,0.6682849967187804,0.6680360179509427,3.3019756756756755,2.537509584269663,4.26116953125,3.6547908108108107,2.6259577317708334,4.969738714470087,-0.352815135135135,-0.9157338934403154,0.16769677200374491,-1.0034126756756756,0.02543013513513509,0,,,,,
estricta,fuera,dentro,fuera,publicado,retorno_sesion,0.25,142,21,69.71830985915493,61.723746104492015,76.67411445781188,61.971830985915496,53.771432819381424,69.54155395058879,7.746478873239437,-14.650106157112525,30.216245608164627,0.5598600349912521,42,31,0.24164472314076388,0.24183542123691049,3.6823274647887323,2.796838652621041,4.810520106382979,4.148671126760563,2.893400034965035,5.699409043799338,-0.46634366197183097,-1.161897718405025,0.21818041379310338,-1.418560457746479,0.005072253521126638,0,,,,,
estricta,fuera,dentro,fuera,vivo,gap,0.0,193,25,61.6580310880829,54.63433178332764,68.22670586067355,59.58549222797927,52.540539243894976,66.25631393006157,2.0725388601036268,-14.499999999999998,19.0,0.8545363659085229,47,43,0.752033201598624,0.7518296340458492,2.577736787564767,1.9176742875,3.446674901036269,2.88719689119171,2.0144704413860106,4.124008649193548,-0.309460103626943,-0.9440703961270152,0.26791787419354834,-0.88545603626943,-0.0378826165803109,193,92.2279792746114,87.57402222062696,95.23373635653292,83.79888268156425,98.38709677419355
estricta,fuera,dentro,fuera,vivo,gap,0.25,149,22,65.1006711409396,57.15497080618411,72.28730247962095,59.060402684563755,51.03379359310786,66.6315703783752,6.040268456375839,-12.122235872235871,25.676144894894886,0.5933516620844789,42,33,0.3556992390814763,0.35561106109523904,2.7917885906040265,1.9549626362499999,3.8696325769612705,3.1988986577181207,2.0836550384337884,4.798927446808509,-0.407110067114094,-1.2112426869028665,0.34317219431964047,-1.283150201342282,-0.044054630872483284,149,89.93288590604027,84.05455698205105,93.80389904041128,79.22012551207183,97.85714285714285
estricta,fuera,dentro,fuera,vivo,retorno_sesion,0.0,193,25,63.21243523316062,56.21304241807722,69.69613357845749,60.10362694300518,53.06280920094017,66.75009009052752,3.1088082901554404,-15.083798882681565,21.761658031088082,0.8017995501124718,47,41,0.5942882951469686,0.5940323405990415,3.2501269430051813,2.5216724249352334,4.165477603626943,3.5594481865284977,2.5628991344536556,4.836894574158031,-0.30932124352331597,-0.8491580000000001,0.19497101036269393,-0.961534274611399,0.05162341968911901,0,,,,,
estricta,fuera,dentro,fuera,vivo,retorno_sesion,0.25,149,22,69.79865771812081,62.0051829764604,76.59690866492849,61.74496644295302,53.739121471172304,69.1604244177872,8.053691275167786,-12.925781823520774,29.57815974796144,0.5316170957260685,43,31,0.2006782031293913,0.20099425588307976,3.616859731543624,2.7354770055017603,4.706780773824716,4.025443624161074,2.8265229412740545,5.564120283210165,-0.40858389261744965,-1.10612903766337,0.24144850931677,-1.3166046308724833,0.0852415100671141,0,,,,,
estricta,fuera,fuera,dentro,publicado,gap,0.0,198,27,64.14141414141415,57.2506001185316,70.49394767020966,60.60606060606061,53.66031870733959,67.14809213421637,3.5353535353535355,-13.157894736842104,20.48876765083439,0.7398150462384404,50,43,0.5340598617346082,0.5338294217441396,2.5480005050505046,1.903659540247678,3.3799043917531995,2.895241919191919,2.0376778909879896,4.060982587939699,-0.34724141414141413,-0.9432424747474747,0.22148343574808874,-0.9013164393939392,-0.10740795454545482,198,92.42424242424242,87.87812327193384,95.35552009428994,84.13461538461539,98.44559585492227
estricta,fuera,fuera,dentro,publicado,gap,0.25,152,23,67.76315789473684,59.97421513946015,74.67638452037141,59.86842105263158,51.92561441062706,67.32471873372381,7.894736842105263,-10.36644757681343,27.586206896551722,0.49037740564858784,45,33,0.21268281985081353,0.2129462751556011,2.741986184210526,1.9133773988141802,3.7953400654761897,3.198350657894737,2.1125077543290045,4.70765836534775,-0.45636447368421046,-1.2287100312500001,0.2873996937844762,-1.318455822368421,-0.09671756578947377,152,90.13157894736842,84.35658434289756,93.92810377746265,79.74683544303798,97.9020979020979
estricta,fuera,fuera,dentro,publicado,retorno_sesion,0.0,198,27,61.61616161616162,54.682338136658885,68.10782611837858,59.5959595959596,52.641254711801956,66.18540271627246,2.0202020202020203,-15.979381443298967,21.1340206185567,0.8762809297675581,47,43,0.752033201598624,0.7518296340458492,3.306078787878788,2.5723667778415615,4.201959749237804,3.6123424242424242,2.6399243192525126,4.805749128135097,-0.30626363636363635,-0.8240802540621892,0.19450783430562923,-0.9240915404040404,0.050936717171717126,0,,,,,
estricta,fuera,fuera,dentro,publicado,retorno_sesion,0.25,152,23,67.76315789473684,59.97421513946015,74.67638452037141,61.18421052631579,53.252340609189375,68.56470362107494,6.578947368421052,-13.725490196078432,27.891929499072344,0.5976005998500374,43,33,0.30187249048700965,0.3018984444285276,3.646384210526316,2.798309512987013,4.6780347635802455,4.052569736842105,2.907552156616968,5.497184751066854,-0.40618552631578947,-1.0575173086250287,0.23586301541814658,-1.3165729934210524,0.05196289473684215,0,,,,,
estricta,fuera,fuera,dentro,vivo,gap,0.0,206,28,63.592233009708735,56.82834618122594,69.85846790914457,60.19417475728155,53.38195346276241,66.63315710501546,3.3980582524271843,-12.6169358497414,19.672752111276694,0.7333166708322919,50,43,0.5340598617346082,0.5338294217441396,2.508279611650485,1.8910919566938031,3.2912233575967034,2.838783495145631,2.0178926966112534,3.99534475833047,-0.3305038834951456,-0.9007291707317076,0.21595525623204498,-0.8584231310679611,-0.0843914563106797,206,92.71844660194175,88.3349090832952,95.53793520072635,84.79210040000935,98.54368932038835
estricta,fuera,fuera,dentro,vivo,gap,0.25,159,24,67.29559748427673,59.6705835732357,74.10459898672948,59.74842767295598,51.98277814364853,67.05414293560459,7.547169811320755,-10.126582278481013,26.45297318305478,0.4691327168207948,45,33,0.21268281985081353,0.2129462751556011,2.6961220125786163,1.9139923138457837,3.6957584125320286,3.1296276729559747,2.0906216363636365,4.612036348947265,-0.43350566037735855,-1.1699975462495145,0.2709188151927431,-1.2475651257861635,-0.08973034591194964,159,90.56603773584905,85.0187466979713,94.1994087608562,80.3680981595092,97.94520547945206
estricta,fuera,fuera,dentro,vivo,retorno_sesion,0.0,206,28,61.650485436893206,54.854890050528525,68.0195220269319,59.22330097087379,52.40333502568954,65.70557453563327,2.4271844660194173,-14.976449275362318,20.100502512562816,0.8365408647838041,48,43,0.6752224599161196,0.6749867139704894,3.257342718446602,2.5519365708434467,4.1190439425616185,3.5246650485436892,2.561319023809524,4.699578805970147,-0.2673223300970874,-0.772198014124807,0.20718495215310984,-0.8712680339805825,0.07639334951456289,0,,,,,
estricta,fuera,fuera,dentro,vivo,retorno_sesion,0.25,159,24,67.9245283018868,60.32011321078902,74.68325780590219,61.0062893081761,53.25097164466583,68.24232634803928,6.918238993710692,-12.963564213564213,27.109530838586117,0.5746063484128968,44,33,0.2543046661477025,0.2544505826463365,3.5866163522012573,2.7763470471173264,4.584265682773109,3.941323270440251,2.8234500941252842,5.363102318700303,-0.3547069182389937,-0.9914708006721111,0.2686033441501103,-1.2550748427672958,0.12571606918238995,0,,,,,
estricta,fuera,fuera,fuera,publicado,gap,0.0,184,23,61.95652173913044,54.76487867751171,68.65913020542644,60.32608695652174,53.11560316556331,67.11422268788328,1.6304347826086956,-15.760869565217392,19.565217391304348,0.9062734316420895,46,43,0.832257754022575,0.832107365106955,2.6351548913043477,1.961816277173913,3.5021264402173915,2.9649494565217394,2.0581350135869565,4.234027948369565,-0.32979456521739137,-0.9783044021739131,0.2645709782608694,-0.944488858695652,-0.06258654891304372,184,91.84782608695652,86.98640135719263,94.99762973309089,83.15217391304348,98.36956521739131
estricta,fuera,fuera,fuera,publicado,gap,0.25,141,20,65.2482269503546,57.07840917341394,72.60922332497984,59.57446808510638,51.32442672471306,67.31664484404581,5.673758865248227,-13.637181164159578,25.8509347795062,0.6310922269432642,41,33,0.4159851975073199,0.41579765496293253,2.8627078014184395,1.9807168794175853,4.01804219114219,3.298068085106383,2.121872518618071,4.952009636029411,-0.4353602836879433,-1.2625990425531917,0.3780559447584785,-1.3511340780141843,-0.06564638297872345,141,89.36170212765957,83.18911755535335,93.44639889398866,77.85714285714286,97.79411764705883
estricta,fuera,fuera,fuera,publicado,retorno_sesion,0.0,184,23,63.58695652173913,56.4222773055275,70.19591460690224,60.32608695652174,53.11560316556331,67.11422268788328,3.260869565217391,-15.760869565217392,23.369565217391305,0.7805548612846789,46,40,0.5900356111485767,0.5897737906589077,3.2669902173913052,2.4982084103260864,4.192063614130435,3.6248749999999994,2.593934918478261,4.893110421195653,-0.35788478260869566,-0.9088200271739131,0.15373627717391292,-1.0273729619565217,0.03147089673913042,0,,,,,
estricta,fuera,fuera,fuera,publicado,retorno_sesion,0.25,141,20,70.2127659574468,62.20967381604129,77.143699495783,61.702127659574465,53.469078451864014,69.31445346550792,8.51063829787234,-13.986013986013987,30.76923076923077,0.5393651587103224,42,30,0.19450516586739758,0.19485064860886953,3.6393702127659577,2.7294658677621286,4.766750354679802,4.11313475177305,2.8601069285714287,5.677496819735699,-0.47376453900709214,-1.162528174265451,0.20592530913614968,-1.462484503546099,0.00638936170212751,0,,,,,
estricta,fuera,fuera,fuera,vivo,gap,0.0,192,24,61.458333333333336,54.41352941703701,68.05362348559989,59.895833333333336,52.83479854036718,66.56865169372833,1.5625,-15.625,18.229166666666664,0.8985253686578355,46,43,0.832257754022575,0.832107365106955,2.5889062499999995,1.9207570963541665,3.434459869791666,2.9014697916666665,2.0304939843749996,4.121666627604166,-0.31256354166666667,-0.9476357812499999,0.26938929687499963,-0.8906696614583334,-0.04032510416666674,192,92.1875,87.51136305885575,95.20860899176188,83.85416666666666,98.4375
estricta,fuera,fuera,fuera,vivo,gap,0.25,148,21,64.86486486486487,56.88622587289639,72.0913671650884,59.45945945945946,51.40724823554421,67.0330382431734,5.405405405405405,-12.837837837837837,25.170068027210885,0.6468382904273932,41,33,0.4159851975073199,0.41579765496293253,2.807725,1.955402675824944,3.8869623673447986,3.219520945945946,2.108867229816362,4.7828124317236815,-0.411795945945946,-1.222033047154188,0.34098901338018633,-1.2781409797297294,-0.05124148648648647,148,89.86486486486487,83.95127582766919,93.76136004692637,79.22077922077922,97.88732394366197
estricta,fuera,fuera,fuera,vivo,retorno_sesion,0.0,192,24,63.541666666666664,56.529826798897645,70.02226299512778,59.895833333333336,52.83479854036718,66.56865169372833,3.6458333333333335,-15.104166666666666,22.395833333333336,0.7468132966758311,47,40,0.520291593575054,0.5200505273047947,3.2163291666666667,2.4695342578125,4.127119765624999,3.530282291666667,2.521803697916667,4.80045859375,-0.313953125,-0.8542307291666666,0.18666200520833326,-0.9868592447916665,0.05608098958333325,0,,,,,
estricta,fuera,fuera,fuera,vivo,retorno_sesion,0.25,148,21,70.27027027027027,62.46938877766566,77.04551081958633,61.486486486486484,53.450286083011356,68.94149035543144,8.783783783783784,-12.23021582733813,29.871675943104492,0.4931267183204199,43,30,0.15971168311802716,0.16017186663927535,3.5754918918918923,2.7144953290628293,4.633558832595975,3.9907554054054053,2.7901045792383297,5.487944931506849,-0.4152635135135135,-1.1007227266276771,0.23718060631823876,-1.3658365878378378,0.09095891891891877,0,,,,,
verificador,dentro,dentro,dentro,publicado,gap,0.0,243,34,67.48971193415638,61.3677582628761,73.06729993443592,58.8477366255144,52.56945564021856,64.85063262430401,8.641975308641975,-7.723577235772358,25.23127691443547,0.34016495876030994,72,51,0.07090166737501293,0.0713349489779691,2.475854320987654,1.9495667947863058,3.172308446560813,2.9139135802469136,2.1940021834693875,3.922710799467613,-0.43805925925925926,-0.9598980882116696,0.048159803215077596,-0.9013060905349792,-0.2028583744855968,243,93.00411522633745,89.08316695742093,95.58656437479334,85.89199069736313,98.01587301587301
verificador,dentro,dentro,dentro,publicado,gap,0.25,188,30,71.80851063829788,64.99001696749764,77.75361128891687,56.91489361702128,49.76771749515102,63.78514024468773,14.893617021276595,-2.6741561727330225,33.33333333333333,0.13921519620094977,65,37,0.007206214620046406,0.007508702485698836,2.636772340425532,1.959276656800333,3.503382299012093,3.2047085106382984,2.296935517885785,4.427430243612597,-0.567936170212766,-1.2021103781249998,0.07451681424118442,-1.2651020478723405,-0.24166396276595753,188,91.48936170212765,86.62351965179904,94.69362678723343,82.96572146446519,97.86096256684492
verificador,dentro,dentro,dentro,publicado,retorno_sesion,0.0,243,34,62.13991769547325,55.89720924326676,68.00477232898513,55.1440329218107,48.85908236480113,61.26887592852596,6.995884773662551,-10.685261707988978,25.099726616546363,0.48137965508622843,70,53,0.14881624623838297,0.1491130551381564,3.4685917695473254,2.8377585450831564,4.2329115536723165,3.717990946502057,2.870004957575347,4.771916360996438,-0.2493991769547325,-0.7229101666609512,0.21299964640652788,-0.7836018930041152,0.10337397119341557,0,,,,,
verificador,dentro,dentro,dentro,publicado,retorno_sesion,0.25,188,30,67.02127659574468,60.018981589869725,73.34189900050258,56.38297872340426,49.2365586682703,63.2737715531193,10.638297872340425,-8.12258607371441,30.270725051975045,0.33441639590102473,61,41,0.059400536903434824,0.05993379507602403,3.837536702127659,3.1114735229202037,4.685407975412015,4.162504787234043,3.154777689615256,5.36958818596352,-0.32496808510638303,-0.9074533254504503,0.26495412807033414,-1.1211876861702128,0.13894422872340417,0,,,,,
verificador,dentro,dentro,dentro,vivo,gap,0.0,251,35,66.93227091633466,60.89532125619884,72.45874930725911,58.56573705179283,52.38719958045435,64.48603611635382,8.366533864541832,-7.8431372549019605,24.908018867924493,0.3464133966508373,72,51,0.07090166737501293,0.0713349489779691,2.445554183266932,1.9337234247059971,3.1441718328773365,2.8669820717131476,2.1788816193896974,3.8614175529100523,-0.42142788844621515,-0.9348576338597844,0.060885263149457185,-0.8750793426294823,-0.17186055776892434,251,93.22709163346613,89.42231152460548,95.72866861975193,86.14212538948163,98.15531946528256
verificador,dentro,dentro,dentro,vivo,gap,0.25,195,31,71.28205128205128,64.56876495496252,77.17303300420731,56.92307692307692,49.9052927027212,63.673364464719576,14.35897435897436,-2.690028515416145,32.18439509059029,0.13496625843539115,65,37,0.007206214620046406,0.007508702485698836,2.6031523076923078,1.9480226699346403,3.4575605621979455,3.1484446153846157,2.2603972297676282,4.368304944128788,-0.5452923076923077,-1.1891445763305324,0.07172709447415311,-1.2265419743589745,-0.23164846153846166,195,91.7948717948718,87.08832928343298,94.88652694963545,83.17733876191357,97.90575916230367
verificador,dentro,dentro,dentro,vivo,retorno_sesion,0.0,251,35,62.15139442231076,56.010660241178776,67.92579039847931,55.37848605577689,49.193698898657814,61.40112351561706,6.772908366533865,-9.80410654827969,24.150943396226417,0.48087978005498627,70,53,0.14881624623838297,0.1491130551381564,3.4234135458167336,2.8113378630268193,4.17000638930106,3.6426653386454184,2.8138883406623063,4.672462207656867,-0.2192517928286852,-0.6763110000000001,0.2212509584050196,-0.7541411354581673,0.11761990039840599,0,,,,,
verificador,dentro,dentro,dentro,vivo,retorno_sesion,0.25,195,31,67.17948717948718,60.312580077009855,73.38260622738022,56.92307692307692,49.9052927027212,63.673364464719576,10.256410256410257,-7.961194029850745,28.723404255319153,0.3141714571357161,61,41,0.059400536903434824,0.05993379507602403,3.7819410256410255,3.093256181095834,4.6362366953125,4.067849743589743,3.0750738917525773,5.292026218905473,-0.28590871794871797,-0.8674679996336806,0.2896047955452126,-1.0610533076923077,0.1741041282051281,0,,,,,
verificador,dentro,dentro,fuera,publicado,gap,0.0,223,29,65.02242152466367,58.55678950055241,70.97925754672032,57.399103139013455,50.83757915850132,63.710026103588234,7.623318385650224,-9.80634828188701,25.605361036295992,0.44338915271182205,68,51,0.1421320280750668,0.14245289437087155,2.562217040358744,1.988933323963688,3.30765941111111,2.923381165919282,2.137887551633987,3.9947672334002045,-0.36116412556053806,-0.9017567028985508,0.15954444204980756,-0.8819710762331839,-0.10830004484304938,223,92.37668161434978,88.13192922130769,95.18617364338701,84.64827935222672,97.84482758620689
verificador,dentro,dentro,fuera,publicado,gap,0.25,171,26,69.00584795321637,61.7205420644062,75.45599514731983,54.97076023391813,47.48612850928168,62.236965838400515,14.035087719298245,-4.791870803846851,33.52949982388164,0.20119970007498125,61,37,0.019690184799847767,0.020160312058240745,2.759944444444444,2.033015987610275,3.6966463465909087,3.233354970760234,2.2515414920938404,4.570095715138871,-0.4734105263157895,-1.1636854372710623,0.20218589705882348,-1.2342919298245614,-0.12144634502923984,171,90.64327485380117,85.34216537257586,94.15842958788443,81.25,97.5609756097561
verificador,dentro,dentro,fuera,publicado,retorno_sesion,0.0,223,29,65.02242152466367,58.55678950055241,70.97925754672032,56.502242152466366,49.9398021015399,62.84445706817516,8.52017937219731,-10.31390134529148,27.82608695652174,0.41639590102474383,69,50,0.09852362740226278,0.0989312181549147,3.423235874439462,2.7415514035874438,4.2351269508221225,3.804833183856501,2.8873015013083734,4.9029553748670684,-0.38159730941704034,-0.8528633782449501,0.06644234651424255,-0.9320913004484305,-0.03738286995515695,0,,,,,
verificador,dentro,dentro,fuera,publicado,retorno_sesion,0.25,171,26,70.76023391812865,63.546407208455754,77.06181036127576,57.89473684210526,50.40086810163079,65.04169350939387,12.865497076023392,-7.83132530120482,34.355828220858896,0.28367908022994254,60,38,0.03336002889694283,0.033894853524689274,3.8266017543859654,3.0444417295683612,4.793464411622276,4.326228654970759,3.2295190065681436,5.664502272954091,-0.4996269005847953,-1.091828065859329,0.08040382101558587,-1.3129220175438596,-0.06623175438596514,0,,,,,
verificador,dentro,dentro,fuera,vivo,gap,0.0,231,30,64.5021645021645,58.14038417593574,70.38950161869977,57.142857142857146,50.6956731423127,63.356360159522694,7.359307359307359,-9.090909090909092,24.786324786324787,0.4403899025243689,68,51,0.1421320280750668,0.14245289437087155,2.526302597402597,1.98338094164823,3.2745660470157647,2.8720584415584414,2.1403121888412016,3.9501661599359545,-0.3457558441558441,-0.8840282919614892,0.1480460706214688,-0.8574152380952381,-0.08240238095238095,231,92.64069264069263,88.53163653177577,95.3547440882719,84.97854077253218,97.89915966386555
verificador,dentro,dentro,fuera,vivo,gap,0.25,178,27,68.53932584269663,61.387072045465715,74.90828129586427,55.056179775280896,47.71855460261245,62.18017812684118,13.48314606741573,-4.572085385878489,32.78111814345987,0.1942014496375906,61,37,0.019690184799847767,0.020160312058240745,2.718269662921348,2.008420710059171,3.6516751933771485,3.1705910112359548,2.234910960125404,4.517361205015847,-0.4523213483146068,-1.1122520909090907,0.19499065344938682,-1.2004847471910112,-0.11141825842696634,178,91.01123595505618,85.8983588710649,94.39136215672566,81.72027649769585,97.74011299435028
verificador,dentro,dentro,fuera,vivo,retorno_sesion,0.0,231,30,64.93506493506493,58.58296566246456,70.79855851410036,56.70995670995671,50.26223726319217,62.93815765671382,8.225108225108226,-9.170305676855897,26.958284371327824,0.41989502624343916,69,50,0.09852362740226278,0.0989312181549147,3.3757168831168833,2.728881541593032,4.192515289554576,3.719978354978354,2.835486913284632,4.817472126588982,-0.3442614718614719,-0.8044304275915063,0.08549485416666663,-0.9045952597402598,-0.02212132034632037,0,,,,,
verificador,dentro,dentro,fuera,vivo,retorno_sesion,0.25,178,27,70.78651685393258,63.72332434882495,76.97146576115108,58.42696629213483,51.083415276306084,65.41447260611663,12.359550561797754,-7.446808510638298,32.7683615819209,0.27268182954261433,60,38,0.03336002889694283,0.033894853524689274,3.7661264044943827,2.9844815055248612,4.71473957749476,4.216094943820224,3.144109646556827,5.5408717711919095,-0.44996853932584263,-1.0377129370319274,0.10438125343284539,-1.250174691011236,0.013394466292134888,0,,,,,
verificador,dentro,fuera,dentro,publicado,gap,0.0,242,33,67.35537190082644,61.21636047483052,72.95200168952918,59.09090909090909,52.80124049178735,65.09647302287725,8.264462809917354,-8.19672131147541,24.89634888100118,0.38765308672831794,71,51,0.08498064582685065,0.08539987728693008,2.484295041322314,1.965887037518436,3.1897250133928567,2.925347933884298,2.220117542105263,3.955488147903128,-0.4410528925619835,-0.9583693478221168,0.048599554384595164,-0.9047017975206612,-0.20563249999999997,242,92.97520661157024,89.03923936818076,95.56813361023376,85.71428571428571,98.01989981606856
verificador,dentro,fuera,dentro,publicado,gap,0.25,187,29,71.65775401069519,64.81313812869183,77.63046951324296,57.219251336898395,50.05291727950825,64.09495193447002,14.438502673796792,-3.260869565217391,33.513513513513516,0.14421394651337166,64,37,0.009335048120644653,0.009678842685126069,2.64855614973262,1.976093290691193,3.525986524354961,3.2210609625668454,2.3158719965312904,4.455202645751377,-0.5725048128342246,-1.213529984181766,0.06192271264809273,-1.2694514438502675,-0.2448148128342246,187,91.44385026737967,86.5543744182419,94.66487477311482,82.70270270270271,97.84946236559139
verificador,dentro,fuera,dentro,publicado,retorno_sesion,0.0,242,33,62.396694214876035,56.14488621151028,68.26108676303238,54.95867768595041,48.66137291833081,61.10101627148623,7.43801652892562,-10.434957220185087,25.514403292181072,0.4648837790552362,70,52,0.123427086983796,0.12377800977274947,3.4426797520661157,2.827177218454697,4.206925913888456,3.695506198347107,2.8325999481128656,4.737068227646707,-0.25282644628099166,-0.7313840987106139,0.20479581959592355,-0.8043439049586777,0.1055526239669421,0,,,,,
verificador,dentro,fuera,dentro,publicado,retorno_sesion,0.25,187,29,67.37967914438502,60.36913813439719,73.69054701036531,56.149732620320854,48.98487166322016,63.06701692646504,11.229946524064172,-7.812718226256983,30.97920541734479,0.3121719570107473,61,40,0.04604406692934277,0.046582742523015495,3.805976470588235,3.088952045454545,4.661216123711339,4.1357839572192505,3.111109714069318,5.358791657902916,-0.329807486631016,-0.9263689521764032,0.258305628006253,-1.1486760160427807,0.14591053475935822,0,,,,,
verificador,dentro,fuera,dentro,vivo,gap,0.0,250,34,66.8,60.74691033954679,72.34461079740628,58.8,52.610502907465886,64.7231510214143,8.0,-7.752692064066599,24.242424242424242,0.3989002749312672,71,51,0.08498064582685065,0.08539987728693008,2.4536036,1.9397379386234919,3.1375384539310516,2.8778628000000004,2.188553617213944,3.8682945017391313,-0.4242592,-0.9317617655473572,0.05411509999999988,-0.8855264199999999,-0.17650480000000013,250,93.2,89.38107478142963,95.71140814216396,86.23481781376519,98.11320754716981
verificador,dentro,fuera,dentro,vivo,gap,0.25,194,30,71.1340206185567,64.39610153449158,77.05122729577019,57.21649484536083,50.180680116586295,63.97206631325918,13.917525773195877,-3.0306875865251497,31.979695431472084,0.14496375906023495,64,37,0.009335048120644653,0.009678842685126069,2.614337628865979,1.9460542578929303,3.4737704476763462,3.163917010309279,2.270431982097918,4.349478296957673,-0.549579381443299,-1.1739914820392006,0.06811450085581941,-1.232256469072165,-0.23306030927835064,194,91.75257731958763,87.02391404626958,94.85983315497924,83.24600254704967,97.90575916230367
verificador,dentro,fuera,dentro,vivo,retorno_sesion,0.0,250,34,62.4,56.25067230275577,68.1740218697572,55.2,49.00328126787554,61.23933241737185,7.2,-9.448818897637794,24.50592885375494,0.46638340414896273,70,52,0.123427086983796,0.12377800977274947,3.3981500000000002,2.7752635520833335,4.143259859914336,3.6205988,2.7904998367745537,4.660838293014252,-0.22244879999999995,-0.6860438987574782,0.22198657280713213,-0.7701964600000001,0.11874629999999987,0,,,,,
verificador,dentro,fuera,dentro,vivo,retorno_sesion,0.25,194,30,67.52577319587628,60.65141342041189,73.71954219492713,56.70103092783505,49.66532787403565,63.47650809653514,10.824742268041238,-7.5,30.0,0.2979255186203449,61,40,0.04604406692934277,0.046582742523015495,3.7512329896907217,3.04735842512275,4.592807774176226,4.041605154639175,3.0409881228776756,5.2322263409751155,-0.2903721649484536,-0.8552783013640238,0.2755040476190474,-1.0908174999999998,0.1802424742268037,0,,,,,
verificador,dentro,fuera,fuera,publicado,gap,0.0,222,28,64.86486486486487,58.380706262315044,70.84333450709941,57.65765765765766,51.081989345695014,63.9728195355185,7.207207207207207,-10.714285714285714,25.225225225225223,0.5021244688827793,67,51,0.16705111417379687,0.16732141830922162,2.571807207207207,2.005723169642857,3.345309654017858,2.935888288288288,2.1696569305019304,4.01990805681818,-0.364081081081081,-0.9066398859126984,0.1480143303571428,-0.8894794144144146,-0.10943011261261265,222,92.34234234234235,88.07999934892233,95.16423799425824,84.68468468468468,97.76785714285714
verificador,dentro,fuera,fuera,publicado,gap,0.25,170,25,68.82352941176471,61.50924151096269,75.30591203995853,55.294117647058826,47.785375144842426,62.568886791354174,13.529411764705882,-5.202312138728324,33.13634399308557,0.21594601349662584,60,37,0.02499073659259833,0.02549876584317982,2.7736311764705883,2.034725953208556,3.726144929775281,3.251511176470588,2.275200815404475,4.653168114035087,-0.47788000000000014,-1.1666132690274844,0.1857747414185035,-1.241591676470588,-0.12907232352941192,170,90.58823529411765,85.25911073144762,94.12356411272626,80.81395348837209,97.59036144578313
verificador,dentro,fuera,fuera,publicado,retorno_sesion,0.0,222,28,65.31531531531532,58.841760530168806,71.2678572322582,56.306306306306304,49.729194294763516,62.66888360741232,9.00900900900901,-9.821428571428571,28.18181818181818,0.424893776555861,69,49,0.07983431282819609,0.08027515692315712,3.3947851351351357,2.7282895691031945,4.22643851545864,3.7807139639639638,2.8897668740950766,4.914539920634919,-0.3859288288288288,-0.8588487779730772,0.05594421874999994,-0.95664981981982,-0.03339436936936942,0,,,,,
verificador,dentro,fuera,fuera,publicado,retorno_sesion,0.25,170,25,71.17647058823529,63.95921103528791,77.45783670949848,57.64705882352941,50.13096582922023,64.82519030084151,13.529411764705882,-6.819155844155842,34.50292397660819,0.2501874531367158,60,37,0.02499073659259833,0.02549876584317982,3.791821176470588,3.003130304487179,4.7355590138971015,4.297798823529411,3.2111761861379384,5.627125797440132,-0.5059776470588234,-1.0998166590531562,0.07385953571428573,-1.3384048235294117,-0.06231379411764798,0,,,,,
verificador,dentro,fuera,fuera,vivo,gap,0.0,230,29,64.34782608695652,57.968607312060136,70.25564356836553,57.391304347826086,50.93061378472512,63.60915182034266,6.956521739130435,-9.482758620689655,24.347826086956523,0.4951262184453887,67,51,0.16705111417379687,0.16732141830922162,2.5354030434782606,1.9958771544027094,3.287543465704647,2.8839073913043483,2.136088953607078,3.9889133913043473,-0.34850434782608686,-0.8871808628318585,0.14692133620689649,-0.8641336739130433,-0.08501515217391356,230,92.6086956521739,88.48315091670848,95.33432139485866,84.78260869565217,97.84482758620689
verificador,dentro,fuera,fuera,vivo,gap,0.25,177,26,68.36158192090396,61.18215886010843,74.76092654955313,55.367231638418076,48.00708933868669,62.49935101182975,12.994350282485875,-4.97306629834254,32.33576963719619,0.21169707573106725,60,37,0.02499073659259833,0.02549876584317982,2.731179661016949,2.0158084262521423,3.662666706281833,3.187674576271186,2.245564456898123,4.535090375405843,-0.45649491525423747,-1.1558700643939395,0.18979394119275855,-1.2000865254237287,-0.11686031073446329,177,90.96045197740114,85.8214987066183,94.35923028416514,81.60919540229885,97.71428571428571
verificador,dentro,fuera,fuera,vivo,retorno_sesion,0.0,230,29,65.21739130434783,58.85778899357943,71.07702254626598,56.52173913043478,50.05993387286644,62.7692710727816,8.695652173913043,-8.69755911517925,27.82608695652174,0.4281429642589353,69,49,0.07983431282819609,0.08027515692315712,3.348049130434783,2.699720375093703,4.152249781178489,3.6963291304347825,2.816382043478261,4.814471815217392,-0.34828,-0.821038222826087,0.07470178279610193,-0.9280246521739131,-0.015631456521739195,0,,,,,
verificador,dentro,fuera,fuera,vivo,retorno_sesion,0.25,177,26,71.1864406779661,64.12027699193825,77.35251386536352,58.19209039548023,50.82710255792622,65.20904324023047,12.994350282485875,-6.780624036979968,33.14917127071823,0.2511872031992002,60,37,0.02499073659259833,0.02549876584317982,3.7323796610169495,2.957521373157108,4.654648587110037,4.188167231638418,3.1346071927966097,5.4932624822235505,-0.4557875706214688,-1.047662935799814,0.10068278603603605,-1.2835983050847457,0.018501299435028214,0,,,,,
verificador,fuera,dentro,dentro,publicado,gap,0.0,199,28,64.321608040201,57.452294912023014,70.64846926675679,62.814070351758794,55.91595997079837,69.22682903126778,1.5075376884422111,-15.151940755873342,18.81188118811881,0.9175206198450387,48,45,0.8358461346314872,0.8357050269952793,2.5373733668341707,1.902254534437878,3.3622259203032407,2.881430653266331,2.037911302966102,4.068653196434013,-0.3440572864321607,-0.9606085650474594,0.22285280019636713,-0.8957720603015076,-0.10098032663316585,199,92.46231155778895,87.9371671476229,95.37913366314528,84.34217832778043,98.4375
verificador,fuera,dentro,dentro,publicado,gap,0.25,153,24,67.97385620915033,60.2183860586864,74.84887256894322,60.130718954248366,52.21581778014656,67.5493643554265,7.8431372549019605,-10.205003688222277,27.333333333333332,0.46763309172706824,45,33,0.21268281985081353,0.2129462751556011,2.7268960784313725,1.8978197782887887,3.7735907187499995,3.178405882352941,2.102604085684845,4.6779035833333324,-0.45150980392156853,-1.227227421961326,0.2706417542470479,-1.3132898692810457,-0.09503486928104625,153,90.19607843137256,84.4547363017974,93.96840571999246,79.761722173532,97.93103448275862
verificador,fuera,dentro,dentro,publicado,retorno_sesion,0.0,199,28,61.30653266331658,54.3864086510449,67.79840517430756,61.80904522613066,54.89551527469639,68.27529027622731,-0.5025125628140703,-18.39257294429708,18.230168269230752,1.0,46,47,1.0,1.0,3.338406532663317,2.6142970454545456,4.235108283570543,3.6402165829145723,2.6990944722963777,4.86037564575158,-0.3018100502512563,-0.8251990254044202,0.17711162250275775,-0.9015736432160805,0.047431633165829136,0,,,,,
verificador,fuera,dentro,dentro,publicado,retorno_sesion,0.25,153,24,67.3202614379085,59.54322410211175,74.24886148451316,63.39869281045752,55.52451700689189,70.61653033370472,3.9215686274509802,-16.7741935483871,25.46613522174308,0.7538115471132217,42,36,0.5715867180030929,0.5712996214994486,3.6862071895424844,2.8484223505717257,4.735780421727672,4.085947058823529,2.943623947368421,5.532381007739566,-0.39973986928104566,-1.07045378875969,0.23449575305895437,-1.2856989542483659,0.04202303921568611,0,,,,,
verificador,fuera,dentro,dentro,vivo,gap,0.0,207,29,63.768115942028984,57.024321048208,70.01021016724638,62.31884057971015,55.54957983917942,68.63921124833242,1.4492753623188406,-14.035969320285638,17.647742818057445,0.9082729317670583,48,45,0.8358461346314872,0.8357050269952793,2.4982550724637678,1.877090625662717,3.2962470183997765,2.8257787439613526,2.0001363507318453,3.9865054121492336,-0.32752367149758443,-0.9150520971860343,0.21874387201834788,-0.8584878985507245,-0.08545949275362319,207,92.7536231884058,88.38959947010271,95.55973430420308,84.65026833631485,98.46938775510205
verificador,fuera,dentro,dentro,vivo,gap,0.25,160,25,67.5,59.90613789197846,74.27324527701887,60.0,52.2604836968219,67.270592399748,7.5,-9.883720930232558,26.38123625419607,0.47438140464883777,45,33,0.21268281985081353,0.2129462751556011,2.68197875,1.8844455652699437,3.6880861082251077,3.110985,2.0593895597826086,4.583191700310558,-0.4290062499999999,-1.1832340968262505,0.27188975474929905,-1.2391945,-0.08662496875000003,160,90.625,85.10879733686994,94.23619930544525,80.47303271441203,98.02631578947368
verificador,fuera,dentro,dentro,vivo,retorno_sesion,0.0,207,29,61.35265700483092,54.56981957569367,67.72181142652312,61.83574879227053,55.05936302643295,68.18084801843136,-0.4830917874396135,-18.041425697762133,17.766497461928935,1.0,46,47,1.0,1.0,3.288656521739131,2.57333682464455,4.143264109591574,3.5518855072463764,2.613679338898646,4.715119758397901,-0.2632289855072464,-0.7660474556112767,0.20841784686981685,-0.8503343719806763,0.06811388888888874,0,,,,,
verificador,fuera,dentro,dentro,vivo,retorno_sesion,0.25,160,25,67.5,59.90613789197846,74.27324527701887,63.75,56.05966911485732,70.79556051792628,3.75,-16.279500430663223,24.375,0.765058735316171,42,36,0.5715867180030929,0.5712996214994486,3.6250706250000007,2.798441731168831,4.6464025489336835,3.973935625,2.843952109848485,5.41759484082397,-0.3488649999999999,-0.9844375989516474,0.2734191890896485,-1.2215462812500002,0.11535843749999997,0,,,,,
verificador,fuera,dentro,fuera,publicado,gap,0.0,185,24,62.16216216216216,54.9932083378761,68.83630467320889,62.7027027027027,55.54212900564256,69.34647347260177,-0.5405405405405406,-17.708333333333336,16.853932584269664,1.0,44,45,0.9999999999999966,1.0,2.6232524324324324,1.9551275510275903,3.5091755695517315,2.949716216216216,2.0487985573209273,4.272821971997893,-0.32646378378378377,-0.9773633068693692,0.28489397719594556,-0.9377581621621622,-0.05839021621621626,185,91.89189189189189,87.05442076987478,95.02501293497352,82.8125,98.31460674157303
verificador,fuera,dentro,fuera,publicado,gap,0.25,142,21,65.49295774647888,57.35868353855636,72.81106404611099,59.859154929577464,51.63975235017725,67.55917793097468,5.633802816901408,-13.698630136986301,26.08695652173913,0.6335916020994752,41,33,0.4159851975073199,0.41579765496293253,2.845598591549295,1.9666420219443022,3.967249060015897,3.2758760563380283,2.107768131253036,4.9071407000210225,-0.4302774647887324,-1.258727947266498,0.34764623693222774,-1.3493617605633803,-0.06076267605633828,142,89.43661971830986,83.30239379738559,93.49332732722223,78.08174988952717,97.74436090225564
verificador,fuera,dentro,fuera,publicado,retorno_sesion,0.0,185,24,63.24324324324324,56.09195026726044,69.85574167814322,62.7027027027027,55.54212900564256,69.34647347260177,0.5405405405405406,-18.75,20.224719101123593,1.0,45,44,0.9999999999999966,1.0,3.3019756756756755,2.537509584269663,4.26116953125,3.6547908108108107,2.6259577317708334,4.969738714470087,-0.352815135135135,-0.9157338934403154,0.16769677200374491,-1.0034126756756756,0.02543013513513509,0,,,,,
verificador,fuera,dentro,fuera,publicado,retorno_sesion,0.25,142,21,69.71830985915493,61.723746104492015,76.67411445781188,64.08450704225352,55.918497941227244,71.50854531756127,5.633802816901408,-17.219113952957297,28.75816993464052,0.675331167208198,41,33,0.4159851975073199,0.41579765496293253,3.6823274647887323,2.796838652621041,4.810520106382979,4.148671126760563,2.893400034965035,5.699409043799338,-0.46634366197183097,-1.161897718405025,0.21818041379310338,-1.418560457746479,0.005072253521126638,0,,,,,
verificador,fuera,dentro,fuera,vivo,gap,0.0,193,25,61.6580310880829,54.63433178332764,68.22670586067355,62.17616580310881,55.15976187581136,68.717321885701,-0.5181347150259067,-16.201117318435752,16.129032258064516,1.0,44,45,0.9999999999999966,1.0,2.577736787564767,1.9176742875,3.446674901036269,2.88719689119171,2.0144704413860106,4.124008649193548,-0.309460103626943,-0.9440703961270152,0.26791787419354834,-0.88545603626943,-0.0378826165803109,193,92.2279792746114,87.57402222062696,95.23373635653292,83.79888268156425,98.38709677419355
verificador,fuera,dentro,fuera,vivo,gap,0.25,149,22,65.1006711409396,57.15497080618411,72.28730247962095,59.73154362416108,51.707903313693215,67.26600613715897,5.369127516778524,-12.753398726553089,24.832324428652893,0.6378405398650338,41,33,0.4159851975073199,0.41579765496293253,2.7917885906040265,1.9549626362499999,3.8696325769612705,3.1988986577181207,2.0836550384337884,4.798927446808509,-0.407110067114094,-1.2112426869028665,0.34317219431964047,-1.283150201342282,-0.044054630872483284,149,89.93288590604027,84.05455698205105,93.80389904041128,79.22012551207183,97.85714285714285
verificador,fuera,dentro,fuera,vivo,retorno_sesion,0.0,193,25,63.21243523316062,56.21304241807722,69.69613357845749,62.69430051813472,55.68599658047878,69.20713329854475,0.5181347150259067,-18.134715025906736,19.170984455958546,1.0,45,44,0.9999999999999966,1.0,3.2501269430051813,2.5216724249352334,4.165477603626943,3.5594481865284977,2.5628991344536556,4.836894574158031,-0.30932124352331597,-0.8491580000000001,0.19497101036269393,-0.961534274611399,0.05162341968911901,0,,,,,
verificador,fuera,dentro,fuera,vivo,retorno_sesion,0.25,149,22,69.79865771812081,62.0051829764604,76.59690866492849,64.42953020134229,56.46867548642904,71.66505232000691,5.369127516778524,-15.894416014449128,27.564102564102566,0.6770807298175456,41,33,0.4159851975073199,0.41579765496293253,3.616859731543624,2.7354770055017603,4.706780773824716,4.025443624161074,2.8265229412740545,5.564120283210165,-0.40858389261744965,-1.10612903766337,0.24144850931677,-1.3166046308724833,0.0852415100671141,0,,,,,
verificador,fuera,fuera,dentro,publicado,gap,0.0,198,27,64.14141414141415,57.2506001185316,70.49394767020966,63.13131313131313,56.22100048153833,69.54179389372142,1.0101010101010102,-15.306122448979592,18.079246303642265,1.0,47,45,0.9170405196524632,0.9169652366288644,2.5480005050505046,1.903659540247678,3.3799043917531995,2.895241919191919,2.0376778909879896,4.060982587939699,-0.34724141414141413,-0.9432424747474747,0.22148343574808874,-0.9013164393939392,-0.10740795454545482,198,92.42424242424242,87.87812327193384,95.35552009428994,84.13461538461539,98.44559585492227
verificador,fuera,fuera,dentro,publicado,gap,0.25,152,23,67.76315789473684,59.97421513946015,74.67638452037141,60.526315789473685,52.58826925211716,67.94541943519044,7.2368421052631575,-11.039060632618915,27.045007861635206,0.5258685328667833,44,33,0.2543046661477025,0.2544505826463365,2.741986184210526,1.9133773988141802,3.7953400654761897,3.198350657894737,2.1125077543290045,4.70765836534775,-0.45636447368421046,-1.2287100312500001,0.2873996937844762,-1.318455822368421,-0.09671756578947377,152,90.13157894736842,84.35658434289756,93.92810377746265,79.74683544303798,97.9020979020979
verificador,fuera,fuera,dentro,publicado,retorno_sesion,0.0,198,27,61.61616161616162,54.682338136658885,68.10782611837858,61.61616161616162,54.682338136658885,68.10782611837858,0.0,-17.823606044815005,19.13901048559503,1.0,46,46,1.0,1.0,3.306078787878788,2.5723667778415615,4.201959749237804,3.6123424242424242,2.6399243192525126,4.805749128135097,-0.30626363636363635,-0.8240802540621892,0.19450783430562923,-0.9240915404040404,0.050936717171717126,0,,,,,
verificador,fuera,fuera,dentro,publicado,retorno_sesion,0.25,152,23,67.76315789473684,59.97421513946015,74.67638452037141,63.1578947368421,55.253183281425486,70.413927577709,4.605263157894737,-15.862068965517242,26.530927185689084,0.7185703574106473,42,35,0.49438227369550475,0.4941245444092638,3.646384210526316,2.798309512987013,4.6780347635802455,4.052569736842105,2.907552156616968,5.497184751066854,-0.40618552631578947,-1.0575173086250287,0.23586301541814658,-1.3165729934210524,0.05196289473684215,0,,,,,
verificador,fuera,fuera,dentro,vivo,gap,0.0,206,28,63.592233009708735,56.82834618122594,69.85846790914457,62.62135922330097,55.84023855452753,68.94037452938792,0.970873786407767,-14.747338312410616,17.22488038277512,1.0,47,45,0.9170405196524632,0.9169652366288644,2.508279611650485,1.8910919566938031,3.2912233575967034,2.838783495145631,2.0178926966112534,3.99534475833047,-0.3305038834951456,-0.9007291707317076,0.21595525623204498,-0.8584231310679611,-0.0843914563106797,206,92.71844660194175,88.3349090832952,95.53793520072635,84.79210040000935,98.54368932038835
verificador,fuera,fuera,dentro,vivo,gap,0.25,159,24,67.29559748427673,59.6705835732357,74.10459898672948,60.37735849056604,52.61624216601201,67.6488673699671,6.918238993710692,-10.738255033557047,25.92651195499296,0.509372656835791,44,33,0.2543046661477025,0.2544505826463365,2.6961220125786163,1.9139923138457837,3.6957584125320286,3.1296276729559747,2.0906216363636365,4.612036348947265,-0.43350566037735855,-1.1699975462495145,0.2709188151927431,-1.2475651257861635,-0.08973034591194964,159,90.56603773584905,85.0187466979713,94.1994087608562,80.3680981595092,97.94520547945206
verificador,fuera,fuera,dentro,vivo,retorno_sesion,0.0,206,28,61.650485436893206,54.854890050528525,68.0195220269319,61.650485436893206,54.854890050528525,68.0195220269319,0.0,-17.346938775510203,17.989682539682537,1.0,46,46,1.0,1.0,3.257342718446602,2.5519365708434467,4.1190439425616185,3.5246650485436892,2.561319023809524,4.699578805970147,-0.2673223300970874,-0.772198014124807,0.20718495215310984,-0.8712680339805825,0.07639334951456289,0,,,,,
verificador,fuera,fuera,dentro,vivo,retorno_sesion,0.25,159,24,67.9245283018868,60.32011321078902,74.68325780590219,63.522012578616355,55.80276557628547,70.60328624332368,4.40251572327044,-15.92356687898089,25.301204819277107,0.7213196700824793,42,35,0.49438227369550475,0.4941245444092638,3.5866163522012573,2.7763470471173264,4.584265682773109,3.941323270440251,2.8234500941252842,5.363102318700303,-0.3547069182389937,-0.9914708006721111,0.2686033441501103,-1.2550748427672958,0.12571606918238995,0,,,,,
verificador,fuera,fuera,fuera,publicado,gap,0.0,184,23,61.95652173913044,54.76487867751171,68.65913020542644,63.04347826086956,55.86889598462539,69.68456825130713,-1.0869565217391304,-18.478260869565215,17.391304347826086,1.0,43,45,0.9151865048429115,0.9151060344205056,2.6351548913043477,1.961816277173913,3.5021264402173915,2.9649494565217394,2.0581350135869565,4.234027948369565,-0.32979456521739137,-0.9783044021739131,0.2645709782608694,-0.944488858695652,-0.06258654891304372,184,91.84782608695652,86.98640135719263,94.99762973309089,83.15217391304348,98.36956521739131
verificador,fuera,fuera,fuera,publicado,gap,0.25,141,20,65.2482269503546,57.07840917341394,72.60922332497984,60.283687943262414,52.0376065928364,67.98428509212683,4.964539007092198,-14.285714285714285,25.174825174825177,0.680829792551862,40,33,0.48278855684405075,0.48252521231388223,2.8627078014184395,1.9807168794175853,4.01804219114219,3.298068085106383,2.121872518618071,4.952009636029411,-0.4353602836879433,-1.2625990425531917,0.3780559447584785,-1.3511340780141843,-0.06564638297872345,141,89.36170212765957,83.18911755535335,93.44639889398866,77.85714285714286,97.79411764705883
verificador,fuera,fuera,fuera,publicado,retorno_sesion,0.0,184,23,63.58695652173913,56.4222773055275,70.19591460690224,62.5,55.31643243060997,69.17230412882536,1.0869565217391304,-18.478260869565215,20.652173913043477,1.0,45,43,0.9151865048429115,0.9151060344205056,3.2669902173913052,2.4982084103260864,4.192063614130435,3.6248749999999994,2.593934918478261,4.893110421195653,-0.35788478260869566,-0.9088200271739131,0.15373627717391292,-1.0273729619565217,0.03147089673913042,0,,,,,
verificador,fuera,fuera,fuera,publicado,retorno_sesion,0.25,141,20,70.2127659574468,62.20967381604129,77.143699495783,63.829787234042556,55.62932279191164,71.29666947407341,6.382978723404255,-16.43835616438356,29.078675770085727,0.6488377905523619,41,32,0.34918183817060877,0.3491037299167901,3.6393702127659577,2.7294658677621286,4.766750354679802,4.11313475177305,2.8601069285714287,5.677496819735699,-0.47376453900709214,-1.162528174265451,0.20592530913614968,-1.462484503546099,0.00638936170212751,0,,,,,
verificador,fuera,fuera,fuera,vivo,gap,0.0,192,24,61.458333333333336,54.41352941703701,68.05362348559989,62.5,55.470039756923185,69.03958159140797,-1.0416666666666667,-17.708333333333336,15.625,1.0,43,45,0.9151865048429115,0.9151060344205056,2.5889062499999995,1.9207570963541665,3.434459869791666,2.9014697916666665,2.0304939843749996,4.121666627604166,-0.31256354166666667,-0.9476357812499999,0.26938929687499963,-0.8906696614583334,-0.04032510416666674,192,92.1875,87.51136305885575,95.20860899176188,83.85416666666666,98.4375
verificador,fuera,fuera,fuera,vivo,gap,0.25,148,21,64.86486486486487,56.88622587289639,72.0913671650884,60.13513513513514,52.08675133747347,67.67069846115253,4.72972972972973,-13.422818791946309,24.475881261595546,0.699325168707823,40,33,0.48278855684405075,0.48252521231388223,2.807725,1.955402675824944,3.8869623673447986,3.219520945945946,2.108867229816362,4.7828124317236815,-0.411795945945946,-1.222033047154188,0.34098901338018633,-1.2781409797297294,-0.05124148648648647,148,89.86486486486487,83.95127582766919,93.76136004692637,79.22077922077922,97.88732394366197
verificador,fuera,fuera,fuera,vivo,retorno_sesion,0.0,192,24,63.541666666666664,56.529826798897645,70.02226299512778,62.5,55.470039756923185,69.03958159140797,1.0416666666666667,-17.708333333333336,20.833333333333336,1.0,45,43,0.9151865048429115,0.9151060344205056,3.2163291666666667,2.4695342578125,4.127119765624999,3.530282291666667,2.521803697916667,4.80045859375,-0.313953125,-0.8542307291666666,0.18666200520833326,-0.9868592447916665,0.05608098958333325,0,,,,,
verificador,fuera,fuera,fuera,vivo,retorno_sesion,0.25,148,21,70.27027027027027,62.46938877766566,77.04551081958633,64.1891891891892,56.19587362651568,71.46455609156071,6.081081081081081,-14.935837971552257,27.778697571743916,0.6330917270682329,41,32,0.34918183817060877,0.3491037299167901,3.5754918918918923,2.7144953290628293,4.633558832595975,3.9907554054054053,2.7901045792383297,5.487944931506849,-0.4152635135135135,-1.1007227266276771,0.23718060631823876,-1.3658365878378378,0.09095891891891877,0,,,,,
excluir_cero,dentro,dentro,dentro,publicado,gap,0.0,238,34,67.6470588235294,61.464000572580865,73.26949814580026,57.983193277310924,51.63430775949396,64.0784654702499,9.663865546218487,-7.172995780590717,26.548672566371685,0.2936765808547863,72,49,0.04505173972573706,0.045500263896358396,2.5204310924369744,1.9855315111092824,3.2287280306851613,2.9751302521008403,2.244544764660725,3.985601559162158,-0.4546991596638655,-0.9893163533364588,0.040966306144067814,-0.9204468277310925,-0.22096317226890758,238,92.85714285714286,88.85993785890697,95.49284474287575,85.64896860986548,97.97570850202429
excluir_cero,dentro,dentro,dentro,publicado,gap,0.25,187,30,71.65775401069519,64.81313812869183,77.63046951324296,56.68449197860963,49.518486226432,63.58139267539973,14.973262032085561,-2.688535309503051,33.51648351648351,0.13921519620094977,65,37,0.007206214620046406,0.007508702485698836,2.6452042780748664,1.9653385558510634,3.512287136221701,3.2218459893048133,2.305424017494929,4.451291734082082,-0.5766417112299465,-1.216326862934363,0.07095184538113966,-1.271984411764706,-0.2412189572192514,187,91.44385026737967,86.5543744182419,94.66487477311482,82.83993783993783,97.83783783783784
excluir_cero,dentro,dentro,dentro,publicado,retorno_sesion,0.0,239,34,62.76150627615063,56.47592285850204,68.6433464360546,54.39330543933055,48.059106564339295,60.58851073378675,8.368200836820083,-9.502309188138065,26.316330950833866,0.39915021244688825,70,50,0.08240747932752027,0.08283742515880634,3.50672719665272,2.8664744837317393,4.282278750307514,3.780216736401673,2.9257064161970026,4.838931693697545,-0.27348953974895396,-0.7435764894588314,0.19166716494485508,-0.8113023221757323,0.0768075104602508,0,,,,,
excluir_cero,dentro,dentro,dentro,publicado,retorno_sesion,0.25,185,30,67.56756756756756,60.52400128531741,73.8964063973609,55.67567567567568,48.47406089702114,62.646378508151855,11.891891891891891,-6.914893617021277,31.318681318681318,0.27843039240189954,61,39,0.035200200217704355,0.03572884112563312,3.8750102702702693,3.133903830883239,4.729031188563829,4.230004864864864,3.2151747641590385,5.441480506578947,-0.35499459459459454,-0.9350982878289472,0.23955894473494413,-1.1483117297297298,0.11099459459459406,0,,,,,
excluir_cero,dentro,dentro,dentro,vivo,gap,0.0,246,35,67.07317073170732,60.97747992917966,72.64384152663406,57.72357723577236,51.47817128148371,63.73147413900344,9.34959349593496,-7.199999999999999,26.316330950833866,0.29667583104223944,72,49,0.04505173972573706,0.045500263896358396,2.4880654471544714,1.9644621614750677,3.1945796382513665,2.925254065040651,2.2225537403549382,3.933616884877314,-0.4371886178861788,-0.9611020845588234,0.05553062296195653,-0.8971686585365853,-0.19316630081300812,246,93.08943089430895,89.21286322778337,95.64094806546073,85.83682045779686,98.12047675368196
excluir_cero,dentro,dentro,dentro,vivo,gap,0.25,194,31,71.1340206185567,64.39610153449158,77.05122729577019,56.70103092783505,49.66532787403565,63.47650809653514,14.43298969072165,-2.6908001441701184,32.3080808080808,0.13496625843539115,65,37,0.007206214620046406,0.007508702485698836,2.6111067010309275,1.9523779711731433,3.4674543702275202,3.164673711340207,2.2716593131052796,4.386969135987177,-0.5535670103092782,-1.2018593367346937,0.06732927526595736,-1.2368594845360825,-0.23518386597938165,194,91.75257731958763,87.02391404626958,94.85983315497924,83.09178743961353,97.89473684210527
excluir_cero,dentro,dentro,dentro,vivo,retorno_sesion,0.0,246,35,62.60162601626016,56.404965278460516,68.41077198654483,54.47154471544715,48.22733572764096,60.578248463167384,8.130081300813009,-8.64246135899679,25.650598028123483,0.3971507123219195,70,50,0.08240747932752027,0.08283742515880634,3.4663284552845535,2.8438902468400586,4.221284416876323,3.71670325203252,2.8763373186996386,4.75707180199386,-0.2503747967479674,-0.7098523275590551,0.19240495020358755,-0.7857029471544715,0.08568920731707315,0,,,,,
excluir_cero,dentro,dentro,dentro,vivo,retorno_sesion,0.25,191,31,67.53926701570681,60.60984784114674,73.77708418324227,56.02094240837696,48.931660399883405,62.87280880251879,11.518324607329843,-6.735896838796064,29.797979797979796,0.25943514121469635,61,39,0.035200200217704355,0.03572884112563312,3.827740837696334,3.1259571083424165,4.698801256756756,4.153040314136126,3.151874582839769,5.391758234085843,-0.3252994764397905,-0.909670517826825,0.25328078534031395,-1.0983680890052352,0.13392835078534024,0,,,,,
excluir_cero,dentro,dentro,fuera,publicado,gap,0.0,218,29,65.13761467889908,58.59923709106675,71.15173928226535,56.42201834862385,49.78480426354622,62.836822076655274,8.715596330275229,-9.390355586433397,26.923515981735154,0.39615096225943514,68,49,0.09567271500960405,0.0960923294556733,2.612864220183486,2.0316779439252337,3.3623544161902226,2.99043119266055,2.188393043594903,4.085772746330275,-0.3775669724770642,-0.9304183625926172,0.15866651811649585,-0.9058983944954129,-0.11721633027522958,218,92.20183486238533,87.86765726340286,95.07445868649272,84.3474253656582,97.78761061946902
excluir_cero,dentro,dentro,fuera,publicado,gap,0.25,170,26,68.82352941176471,61.50924151096269,75.30591203995853,54.705882352941174,47.20154508023167,62.00224330749864,14.117647058823529,-4.820416802344512,33.72781065088758,0.20119970007498125,61,37,0.019690184799847767,0.020160312058240745,2.7699441176470585,2.0395102272727272,3.711190183629254,3.2523747058823527,2.2657578664289004,4.595061168936686,-0.48243058823529417,-1.1778563768498942,0.20006393885827167,-1.2527194705882354,-0.12804494117647078,170,90.58823529411765,85.25911073144762,94.12356411272626,81.17627960275018,97.54601226993866
excluir_cero,dentro,dentro,fuera,publicado,retorno_sesion,0.0,219,29,65.75342465753425,59.24551557805612,71.71820201971806,55.70776255707762,49.086762596297675,62.131975663765424,10.045662100456621,-9.047672915319973,29.384583217173116,0.34941264683829043,69,47,0.050729556682882995,0.0511998362745388,3.4640255707762555,2.7671196061007146,4.291269336821267,3.8743278538812773,2.947736106939935,4.980915788007179,-0.4103022831050229,-0.8789797471570534,0.042451090555303016,-0.9634301598173516,-0.06372502283105039,0,,,,,
excluir_cero,dentro,dentro,fuera,publicado,retorno_sesion,0.25,168,26,71.42857142857143,64.17818841081123,77.72089723133729,57.142857142857146,49.5823956400842,64.38396624063196,14.285714285714286,-6.25,35.58282208588957,0.23344163959010247,60,36,0.018433352931462713,0.018903543011121356,3.8676720238095235,3.0715331015875225,4.843555450292397,4.403482738095237,3.305352056509149,5.746014982343004,-0.5358107142857141,-1.1252410431667497,0.045558405099875625,-1.3385772023809523,-0.11545104166666674,0,,,,,
excluir_cero,dentro,dentro,fuera,vivo,gap,0.0,226,30,64.60176991150442,58.170653322730544,70.54479268019813,56.19469026548673,49.67608381275001,62.50622661273489,8.4070796460177,-8.438818565400844,26.316376879699238,0.382654336415896,68,49,0.09567271500960405,0.0960923294556733,2.5743623893805307,2.0244339200931174,3.3308937245269283,2.9355995575221234,2.1890980319940474,4.040901381323876,-0.3612371681415929,-0.9131011254009623,0.14359155844155827,-0.8780438274336283,-0.0953335398230089,226,92.47787610619469,88.28504058347319,95.25080233413755,84.68458884416332,97.84482758620689
excluir_cero,dentro,dentro,fuera,vivo,gap,0.25,177,27,68.36158192090396,61.18215886010843,74.76092654955313,54.80225988700565,47.445880895123736,61.95461836586465,13.559322033898304,-4.598365557105839,32.95470416455053,0.1942014496375906,61,37,0.019690184799847767,0.020160312058240745,2.727638418079096,2.0127391381512503,3.6624198866431756,3.18850395480226,2.2436348083698348,4.54965502840909,-0.46086553672316394,-1.1299821737630593,0.1897569491525419,-1.2142029943502826,-0.11561771186440685,177,90.96045197740114,85.8214987066183,94.35923028416514,81.60919540229885,97.72727272727273
excluir_cero,dentro,dentro,fuera,vivo,retorno_sesion,0.0,226,30,65.48672566371681,59.07628347151414,71.37949259219812,55.75221238938053,49.23423370415119,62.077911690941924,9.734513274336283,-7.964601769911504,28.634361233480178,0.34791302174456384,69,47,0.050729556682882995,0.0511998362745388,3.421374336283186,2.75838585178927,4.24465030036071,3.802278761061946,2.907684490809325,4.912431153846154,-0.38090442477876113,-0.8390208712253026,0.04768711828189068,-0.9369688495575221,-0.06309758849557533,0,,,,,
excluir_cero,dentro,dentro,fuera,vivo,retorno_sesion,0.25,174,27,71.26436781609195,64.13833990139094,77.4717551184713,57.47126436781609,50.042042683352314,64.5777204317344,13.793103448275861,-6.025427677561072,33.90804597701149,0.22094476380904773,60,36,0.018433352931462713,0.018903543011121356,3.8160373563218384,3.0168896656504063,4.772728465782123,4.313016666666666,3.23832707012987,5.648621375335857,-0.4969793103448275,-1.0784069246416117,0.06020417112299467,-1.2973381034482754,-0.050948218390804816,0,,,,,
excluir_cero,dentro,fuera,dentro,publicado,gap,0.0,237,33,67.51054852320675,61.30987008270827,73.15263500525222,58.22784810126582,51.86661849027791,64.32660679201679,9.282700421940929,-7.627118644067797,26.316330950833866,0.3406648337915521,71,49,0.05477979691369764,0.055234253718063835,2.5292379746835443,1.997650898929402,3.2515284099398216,2.987064135021097,2.2644518277310923,4.029725383389645,-0.4578261603375528,-0.9861497234042554,0.044672370595911316,-0.927258523206751,-0.22479698312236324,237,92.82700421940929,88.81419259655131,95.47362105231592,85.47717842323651,97.97581073896863
excluir_cero,dentro,fuera,dentro,publicado,gap,0.25,186,29,71.50537634408602,64.63447378030133,77.50595249800716,56.98924731182796,49.803726077721194,63.891912462729074,14.516129032258064,-3.278688524590164,33.68983957219251,0.14421394651337166,64,37,0.009335048120644653,0.009678842685126069,2.6570967741935485,1.9810944539400148,3.538451129357993,3.2383784946236562,2.324002746139916,4.488433149861878,-0.5812817204301075,-1.225552975863453,0.05728869289340047,-1.2761763978494622,-0.25523857526881744,186,91.39784946236558,86.48451119327407,94.63580939246978,82.60808500244259,97.82608695652173
excluir_cero,dentro,fuera,dentro,publicado,retorno_sesion,0.0,238,33,63.02521008403362,56.73074889437856,68.90588111204559,54.20168067226891,47.855247648879434,60.41463299835416,8.823529411764707,-9.017276710005651,26.89075630252101,0.35816045988502876,70,49,0.0662913312528,0.06674355431693442,3.480539915966386,2.8522823319560757,4.257516716666666,3.757615546218487,2.8895855637659413,4.793229572380953,-0.2770756302521008,-0.7544294782355228,0.1804549438559317,-0.8287370168067225,0.07989588235294098,0,,,,,
excluir_cero,dentro,fuera,dentro,publicado,retorno_sesion,0.25,184,29,67.93478260869566,60.883485603447205,74.25252772096003,55.43478260869565,48.214865465320536,62.43241129965135,12.5,-6.807178286029209,32.0855614973262,0.2591852036990752,61,38,0.026525106848394243,0.02703007654777246,3.843139130434782,3.1141078961180115,4.705707021483021,4.203215217391304,3.172462565934066,5.42900019969278,-0.3600760869565216,-0.9511181851946718,0.22911361175115208,-1.1760738043478258,0.1200539402173913,0,,,,,
excluir_cero,dentro,fuera,dentro,vivo,gap,0.0,245,34,66.93877551020408,60.82643154613086,72.52813902798184,57.95918367346939,51.701936469778445,63.970693077093784,8.979591836734693,-7.200722891566263,25.6,0.3466633341664584,71,49,0.05477979691369764,0.055234253718063835,2.4964526530612243,1.973282656037519,3.190694867969479,2.9365946938775513,2.2329106145833335,3.9310206206281952,-0.4401420408163266,-0.9601263959355893,0.049868775489936346,-0.9040667755102039,-0.19665304081632662,245,93.06122448979592,89.16997474353039,95.6229697280091,86.01673118504569,98.06220256801652
excluir_cero,dentro,fuera,dentro,vivo,gap,0.25,193,30,70.98445595854922,64.22175736641327,76.92811039278888,56.994818652849744,49.94075886925533,63.775863717145384,13.989637305699482,-3.061616954474097,32.12435233160622,0.14496375906023495,64,37,0.009335048120644653,0.009678842685126069,2.622391191709845,1.9493815502793301,3.4855823806614525,3.180310362694301,2.279865957438239,4.3758556404607285,-0.557919170984456,-1.1900360987646657,0.06735446978916067,-1.2417747927461138,-0.24097730569948186,193,91.70984455958549,86.95885333451808,94.83285912513065,83.15775171624715,97.88359788359789
excluir_cero,dentro,fuera,dentro,vivo,retorno_sesion,0.0,245,34,62.857142857142854,56.65192123560556,68.6654034170342,54.285714285714285,48.029701921324545,60.409406296222045,8.571428571428571,-8.439386562804284,25.81967213114754,0.3609097725568608,70,49,0.0662913312528,0.06674355431693442,3.4407244897959184,2.8052055975172925,4.198019411663045,3.6944885714285713,2.854476652580644,4.742327488536006,-0.253764081632653,-0.7160780648833238,0.19156101213114723,-0.8050955510204082,0.08244840816326524,0,,,,,
excluir_cero,dentro,fuera,dentro,vivo,retorno_sesion,0.25,190,30,67.89473684210526,60.95804199337195,74.12217274175389,55.78947368421053,48.682406011409896,62.66707522642492,12.105263157894736,-6.382978723404255,31.182928776748643,0.253186703324169,61,38,0.026525106848394243,0.02703007654777246,3.796627368421052,3.082425328125,4.658496374823362,4.126691578947368,3.108393772163121,5.318859637646559,-0.3300642105263157,-0.8965666191830334,0.23679170924354573,-1.1224298157894737,0.14618873684210515,0,,,,,
excluir_cero,dentro,fuera,fuera,publicado,gap,0.0,217,28,64.97695852534562,58.41940045093258,71.01347884043946,56.68202764976959,50.02947756396126,63.10211473526628,8.294930875576037,-10.045662100456621,26.48542491722389,0.44738815296175954,67,49,0.11408316540850162,0.11447136336679041,2.6229087557603687,2.0453824707149004,3.4132939323467224,3.0035354838709676,2.21970988948626,4.104602384543659,-0.3806267281105991,-0.9335096966662358,0.14609663577759868,-0.9151544009216589,-0.11919834101382493,217,92.16589861751152,87.81338511426455,95.05149042913675,84.33179723502305,97.72727272727273
excluir_cero,dentro,fuera,fuera,publicado,gap,0.25,169,25,68.63905325443787,61.29561359666054,75.15397461548031,55.02958579881657,47.50068640172967,62.3349167666258,13.609467455621301,-5.263157894736842,33.33333333333333,0.21594601349662584,60,37,0.02499073659259833,0.02549876584317982,2.78377100591716,2.0430188839285712,3.7429782452045064,3.270750887573964,2.288823836213116,4.676929546180366,-0.4869798816568049,-1.1847630501530093,0.18387251255849102,-1.2571645562130176,-0.1299506213017754,169,90.53254437869822,85.17511043727339,94.08827980182656,80.7017543859649,97.56134515890614
excluir_cero,dentro,fuera,fuera,publicado,retorno_sesion,0.0,218,28,66.05504587155963,59.53969631848675,72.01436953201701,55.5045871559633,48.86900981380376,61.94952704922609,10.55045871559633,-8.256880733944955,29.955069124423943,0.3209197700574856,69,46,0.039750505126542136,0.04021725055825327,3.4352399082568805,2.7607540518455305,4.272743781689705,3.8500848623853208,2.944201354943444,4.995021815974095,-0.4148449541284404,-0.8853030123406007,0.02827845204336947,-0.9851388532110091,-0.060929357798165225,0,,,,,
excluir_cero,dentro,fuera,fuera,publicado,retorno_sesion,0.25,167,25,71.8562874251497,64.60362098546697,78.12605394467795,56.88622754491018,49.303634718242016,64.15913957481736,14.970059880239521,-5.488646565913511,35.63309905556775,0.19745063734066484,60,35,0.013378703026003143,0.013803064862365584,3.8325125748502997,3.0327409131736527,4.7853849852070995,4.375004790419161,3.28329140034959,5.700480281306387,-0.5424922155688621,-1.1334742331595828,0.04121025345622121,-1.3706982934131735,-0.10779916167664677,0,,,,,
excluir_cero,dentro,fuera,fuera,vivo,gap,0.0,225,29,64.44444444444444,57.995298920908624,70.40864516115124,56.44444444444444,49.91124145648651,62.76128744166327,8.0,-8.849557522123893,25.92712842712841,0.4346413396650837,67,49,0.11408316540850162,0.11447136336679041,2.5838786666666667,2.0305706328426645,3.349453044012262,2.9479942222222224,2.183198181655106,4.066990699999999,-0.3641155555555556,-0.9175656936936937,0.14368437219730917,-0.8824355333333334,-0.09631508888888896,225,92.44444444444444,88.23444406190956,95.22945316383556,84.51327433628319,97.80701754385966
excluir_cero,dentro,fuera,fuera,vivo,gap,0.25,176,26,68.18181818181819,60.97507635006083,74.61182358929597,55.11363636363637,47.734331813116206,62.274483794827894,13.068181818181818,-5.056179775280898,32.53047693733514,0.21169707573106725,60,37,0.02499073659259833,0.02549876584317982,2.740675,2.0235351364259815,3.6762021609149267,3.2057863636363635,2.25607141404764,4.565214604301948,-0.4651113636363638,-1.1719867509892594,0.18670233009413814,-1.219135909090909,-0.1234096590909093,176,90.9090909090909,85.74379685932055,94.32672800423227,81.5028901734104,97.6878612716763
excluir_cero,dentro,fuera,fuera,vivo,retorno_sesion,0.0,225,29,65.77777777777777,59.360061337195766,71.66578527551579,55.55555555555556,49.02358811972789,61.90100575798745,10.222222222222221,-7.861123879567915,29.333333333333332,0.32816795801049736,69,46,0.039750505126542136,0.04021725055825327,3.393294666666667,2.7259016358695654,4.216471958417667,3.778469777777778,2.892564574579832,4.905443894302627,-0.3851751111111112,-0.8543938425844348,0.04211129812418084,-0.9570834666666668,-0.058934355555555644,0,,,,,
excluir_cero,dentro,fuera,fuera,vivo,retorno_sesion,0.25,173,26,71.67630057803468,64.54798623403832,77.86288308368495,57.225433526011564,49.774843950848044,64.36211248839304,14.45086705202312,-5.556331471135939,34.523809523809526,0.20294926268432892,60,35,0.013378703026003143,0.013803064862365584,3.7817988439306363,2.9890113339261895,4.720122246643144,4.285003468208092,3.226345089285715,5.5970262191619575,-0.5032046242774565,-1.0924790670289855,0.051689752623687996,-1.3194289884393062,-0.05280387283237025,0,,,,,
excluir_cero,fuera,dentro,dentro,publicado,gap,0.0,194,28,64.43298969072166,57.476226045015174,70.82926681467579,61.855670103092784,54.85302943097695,68.39791113234062,2.577319587628866,-14.737273511647972,20.329903147699753,0.8207948012996751,48,43,0.6752224599161196,0.6749867139704894,2.59364587628866,1.9442731457450566,3.435209254962778,2.955694329896907,2.0995138262648805,4.164006557017544,-0.3620484536082474,-0.9932833769704905,0.22117302525591526,-0.9304302577319586,-0.11625500000000023,194,92.26804123711341,87.63605617443504,95.2586014860885,83.88844086021506,98.38731240296705
excluir_cero,fuera,dentro,dentro,publicado,gap,0.25,152,24,67.76315789473684,59.97421513946015,74.67638452037141,59.86842105263158,51.92561441062706,67.32471873372381,7.894736842105263,-10.32258064516129,27.408496732026126,0.46763309172706824,45,33,0.21268281985081353,0.2129462751556011,2.7378625,1.9043881662186382,3.7883841198803494,3.199316447368421,2.1148396307657857,4.708176212102045,-0.461453947368421,-1.247786692489372,0.2675976374273753,-1.322153782894737,-0.09497069078947372,152,90.13157894736842,84.35658434289756,93.92810377746265,79.72949347949347,97.91666666666666
excluir_cero,fuera,dentro,dentro,publicado,retorno_sesion,0.0,195,28,62.05128205128205,55.06965183302774,68.5672699028877,61.02564102564103,54.03068419128165,67.59458463093885,1.0256410256410255,-17.12707182320442,20.002512562814033,0.955011247188203,46,44,0.9161288770113242,0.9160510722818964,3.38247641025641,2.6383604346399867,4.299993300290697,3.7148876923076917,2.765849139522685,4.9590160239569325,-0.3324112820512821,-0.8540504001436412,0.1477612413512412,-0.9271447948717949,0.007269102564102493,0,,,,,
excluir_cero,fuera,dentro,dentro,publicado,retorno_sesion,0.25,150,24,68.0,60.16560026038712,74.93547094236213,62.666666666666664,54.70058519845728,70.00016861088478,5.333333333333333,-15.504477827531415,26.897214854111397,0.6683329167708073,42,34,0.4221911049923185,0.42200070503759224,3.7293979999999993,2.875046118220015,4.795513230257857,4.167666,3.0165565629198388,5.631513616352201,-0.438268,-1.1052456168831166,0.19457265895120993,-1.3184615999999998,0.002101233333333106,0,,,,,
excluir_cero,fuera,dentro,dentro,vivo,gap,0.0,202,29,63.86138613861386,57.034844698509154,70.17055907235165,61.386138613861384,54.51923160658411,67.82806434805154,2.4752475247524752,-13.636984600099353,19.230769230769234,0.8247938015496126,48,43,0.6752224599161196,0.6749867139704894,2.551330693069307,1.9126729459459455,3.357695927173747,2.8957237623762375,2.0494194691812204,4.069057760534192,-0.34439306930693064,-0.9461987092044875,0.21710117074615976,-0.8789783663366336,-0.09843858910891093,202,92.57425742574257,88.11089940628037,95.4485550327921,84.25875603864735,98.42931937172776
excluir_cero,fuera,dentro,dentro,vivo,gap,0.25,159,25,67.29559748427673,59.6705835732357,74.10459898672948,59.74842767295598,51.98277814364853,67.05414293560459,7.547169811320755,-9.937979005484726,26.624458874458856,0.47438140464883777,45,33,0.21268281985081353,0.2129462751556011,2.6921798742138363,1.8901441611895393,3.7030898787119635,3.1305509433962264,2.0672155371073164,4.615918848162361,-0.4383710691823899,-1.2009407492038218,0.2680709800838574,-1.25720072327044,-0.0914010377358491,159,90.56603773584905,85.0187466979713,94.1994087608562,80.35714285714286,98.01324503311258
excluir_cero,fuera,dentro,dentro,vivo,retorno_sesion,0.0,202,29,61.881188118811885,55.02091159263698,68.29800592524371,60.89108910891089,54.0182622880913,67.35741210329932,0.9900990099009901,-16.854271016650873,19.36982901268615,0.9612596850787303,46,44,0.9161288770113242,0.9160510722818964,3.337583663366337,2.6023932882653056,4.208778047490612,3.6398034653465343,2.688919121951219,4.8092948027077185,-0.3022198019801981,-0.803551769752594,0.16905378232904514,-0.885392103960396,0.029349999999999897,0,,,,,
excluir_cero,fuera,dentro,dentro,vivo,retorno_sesion,0.25,156,25,67.94871794871794,60.269872848965925,74.7648424327679,62.82051282051282,55.013926659109245,70.01086997070063,5.128205128205129,-15.060447268526161,25.767353474553378,0.6665833541614596,42,34,0.4221911049923185,0.42200070503759224,3.6771237179487173,2.828718320610687,4.719684271047605,4.07583141025641,2.9320791613175676,5.53109738502994,-0.3987076923076923,-1.0342691268382351,0.2227605621657751,-1.2694917948717945,0.054361794871794794,0,,,,,
excluir_cero,fuera,dentro,fuera,publicado,gap,0.0,180,24,62.22222222222222,54.95380618647218,68.97985941988838,61.666666666666664,54.39052747311439,68.45524424204797,0.5555555555555556,-17.20430107526882,18.54194439154443,1.0,44,43,0.9999999999999531,1.0,2.686287222222222,2.003081857466063,3.5883637169099454,3.0316527777777775,2.111167432512733,4.367942018889917,-0.34536555555555554,-1.015706641535899,0.28381315656482237,-0.9508347500000001,-0.07559150000000012,180,91.66666666666667,86.7070280480355,94.88501379183008,82.48587570621469,98.26589595375722
excluir_cero,fuera,dentro,fuera,publicado,gap,0.25,141,21,65.2482269503546,57.07840917341394,72.60922332497984,59.57446808510638,51.32442672471306,67.31664484404581,5.673758865248227,-13.816306686527641,26.277372262773724,0.6335916020994752,41,33,0.4159851975073199,0.41579765496293253,2.8582624113475177,1.973828816205656,3.9771950833333327,3.2991092198581558,2.1172016994750655,4.953051627022381,-0.44084680851063834,-1.279446788321168,0.344152062801932,-1.3581555319148935,-0.07511978723404283,141,89.36170212765957,83.18911755535335,93.44639889398866,78.01418439716312,97.72727272727273
excluir_cero,fuera,dentro,fuera,publicado,retorno_sesion,0.0,181,24,64.08839779005525,56.873403263387864,70.71780940361056,61.87845303867403,54.6255410225752,68.63763828489404,2.2099447513812156,-17.12707182320442,22.342024183234482,0.8795301174706324,45,41,0.7465343822890822,0.7463178799324552,3.3486491712707185,2.562370908214254,4.320073633462732,3.7355596685082872,2.689459642126789,5.075476725543478,-0.386910497237569,-0.9504634342287182,0.13194747916666652,-1.0338630662983423,-0.01172649171270781,0,,,,,
excluir_cero,fuera,dentro,fuera,publicado,retorno_sesion,0.25,139,21,70.50359712230215,62.45344788231865,77.45093315004738,63.30935251798561,55.039582653884054,70.863261174143,7.194244604316546,-15.789473684210526,30.215827338129497,0.5951012246938265,41,31,0.2887842804141045,0.28884436634648486,3.728852517985611,2.8172905103398858,4.8758213623534505,4.238210791366907,2.9767842720754905,5.794314548300317,-0.5093582733812949,-1.1988559481605348,0.17431784021071126,-1.4706294604316548,-0.029840359712230237,0,,,,,
excluir_cero,fuera,dentro,fuera,vivo,gap,0.0,188,25,61.702127659574465,54.58498792456085,68.35061748132011,61.170212765957444,54.046402898776066,67.84667498865575,0.5319148936170213,-16.161616161616163,17.741935483870968,1.0,44,43,0.9999999999999531,1.0,2.6368787234042554,1.9615218967844872,3.510344922912648,2.9639840425531916,2.0746008764167394,4.225711434917939,-0.32710531914893615,-0.9766531673114119,0.2684393107769422,-0.9229276329787234,-0.05344220744680853,188,92.02127659574468,87.25428155449052,95.10539240299109,83.33333333333334,98.35164835164835
excluir_cero,fuera,dentro,fuera,vivo,gap,0.25,148,22,64.86486486486487,56.88622587289639,72.0913671650884,59.45945945945946,51.40724823554421,67.0330382431734,5.405405405405405,-12.838977781462443,25.0,0.6378405398650338,41,33,0.4159851975073199,0.41579765496293253,2.803489864864865,1.9615842379638615,3.892323277404922,3.2205128378378376,2.096296050454115,4.831830552542673,-0.417022972972973,-1.2311067474192476,0.3397211350806451,-1.2832151013513515,-0.05342726351351351,148,89.86486486486487,83.95127582766919,93.76136004692637,79.08496732026144,97.82608695652173
excluir_cero,fuera,dentro,fuera,vivo,retorno_sesion,0.0,188,25,63.829787234042556,56.74792235398643,70.35779312569107,61.702127659574465,54.58498792456085,68.35061748132011,2.127659574468085,-16.666666666666664,21.32050989562538,0.8857785553611597,45,41,0.7465343822890822,0.7463178799324552,3.3016728723404256,2.5507681574355505,4.236850291415012,3.654114361702128,2.642165204813108,4.935497458174849,-0.35244148936170205,-0.8901246710912879,0.15707197954625582,-0.9927003989361701,0.002302845744680798,0,,,,,
excluir_cero,fuera,dentro,fuera,vivo,retorno_sesion,0.25,145,22,70.34482758620689,62.46340991642361,77.17608331850627,63.44827586206897,55.356809595579215,70.845567288527,6.896551724137931,-14.685314685314685,28.949490662139187,0.6020994751312172,41,31,0.2887842804141045,0.28884436634648486,3.6726351724137922,2.7707426770461256,4.778767129502963,4.136490344827586,2.911802470940319,5.661744418189369,-0.4638551724137931,-1.1568213771790143,0.18751445168454553,-1.3845096551724136,0.014394137931034324,0,,,,,
excluir_cero,fuera,fuera,dentro,publicado,gap,0.0,193,27,64.24870466321244,57.26959541810316,70.67167281345384,62.17616580310881,55.15976187581136,68.717321885701,2.0725388601036268,-14.77377946127946,19.607843137254903,0.9092726818295426,47,43,0.752033201598624,0.7518296340458492,2.604839896373057,1.9488063655462187,3.447739908717106,2.9702481865284973,2.0991769383064516,4.162360678526321,-0.36540829015544046,-0.975663292596913,0.21663314432989686,-0.9389494041450777,-0.1154244041450778,193,92.2279792746114,87.57402222062696,95.23373635653292,83.7696335078534,98.3957219251337
excluir_cero,fuera,fuera,dentro,publicado,gap,0.25,151,23,67.54966887417218,59.727055584429614,74.50150335815555,60.264900662251655,52.29835019545758,67.72212767662053,7.28476821192053,-11.18421052631579,27.1523178807947,0.5258685328667833,44,33,0.2543046661477025,0.2544505826463365,2.753125165562914,1.9175398158025307,3.813340988699404,3.21953178807947,2.124695170927715,4.737068536781833,-0.46640662251655624,-1.249935990421456,0.2844483702947182,-1.3320836423841058,-0.10444668874172192,151,90.06622516556291,84.25718646816546,93.88725941962329,79.72972972972973,97.88732394366197
excluir_cero,fuera,fuera,dentro,publicado,retorno_sesion,0.0,194,27,62.371134020618555,55.37606172842542,68.88578929416683,60.824742268041234,53.809330794947506,67.4197888498207,1.5463917525773196,-16.75392670157068,21.1347706321933,0.9165208697825543,46,43,0.832257754022575,0.832107365106955,3.349709278350515,2.5975735769736845,4.259124014758988,3.686823711340206,2.7030736576354677,4.899259451871657,-0.3371144329896908,-0.8557766551507537,0.16602874504950496,-0.952179175257732,0.009730257731958543,0,,,,,
excluir_cero,fuera,fuera,dentro,publicado,retorno_sesion,0.25,149,23,68.45637583892618,60.610917541809485,75.37408314084117,62.41610738255034,54.41920114302481,69.78889022530382,6.040268456375839,-14.667132867132867,27.737344007534727,0.6360909772556861,42,33,0.3556992390814763,0.35561106109523904,3.689063087248322,2.822507775345011,4.73520194139194,4.13416510067114,2.977153680635423,5.579291261575598,-0.4451020134228189,-1.0983364882331967,0.19539852350813744,-1.3607981543624161,0.00760637583892601,0,,,,,
excluir_cero,fuera,fuera,dentro,vivo,gap,0.0,201,28,63.681592039801,56.83420576401774,70.01582758208515,61.691542288557216,54.81135932662351,68.13321462368256,1.9900497512437811,-14.152361068151354,18.580440372870445,0.9045238690327418,47,43,0.752033201598624,0.7518296340458492,2.5618686567164173,1.9276987959501939,3.3562180932979992,2.9094,2.0709726749682926,4.088989053369405,-0.34753134328358215,-0.9368473428217824,0.2134918250654508,-0.8871746268656715,-0.10363216417910476,201,92.53731343283582,88.0535470261006,95.42564755905568,84.40847883989346,98.50746268656717
excluir_cero,fuera,fuera,dentro,vivo,gap,0.25,158,24,67.0886075949367,59.43227026372024,73.93371666786518,60.12658227848101,52.33879796034062,67.43363873985815,6.962025316455696,-10.760776599384194,26.0,0.509372656835791,44,33,0.2543046661477025,0.2544505826463365,2.706477215189873,1.9201456308210785,3.712464556962025,3.1494354430379747,2.1025263283198825,4.647014461647726,-0.4429582278481013,-1.1857168617310834,0.26891863147605066,-1.2605897784810125,-0.0969745253164559,158,90.50632911392405,84.92760144092625,94.16214535986882,80.26294837412001,97.93103448275862
excluir_cero,fuera,fuera,dentro,vivo,retorno_sesion,0.0,201,28,62.18905472636816,55.31597324043989,68.60496555881541,60.69651741293532,53.80429418475883,67.18755006764887,1.492537313432836,-16.176470588235293,19.704433497536947,0.9145213696575856,46,43,0.832257754022575,0.832107365106955,3.305734328358209,2.584936242644948,4.182386466538975,3.6123432835820894,2.638972134032634,4.809221957587584,-0.30660895522388065,-0.8132592571673698,0.16846005040322576,-0.9133679601990049,0.028579179104477593,0,,,,,
excluir_cero,fuera,fuera,dentro,vivo,retorno_sesion,0.25,155,24,68.38709677419355,60.697973753747306,75.18686413630482,62.58064516129032,54.744761948035844,69.80802187147351,5.806451612903226,-14.64968152866242,26.543965293965282,0.6420894776305923,42,33,0.3556992390814763,0.35561106109523904,3.638012903225807,2.807057251762632,4.651342074993822,4.043034838709677,2.908391193822625,5.470848416666667,-0.4050219354838709,-1.0422668914773667,0.21711109463758244,-1.3033744838709678,0.06209703225806424,0,,,,,
excluir_cero,fuera,fuera,fuera,publicado,gap,0.0,179,23,62.01117318435754,54.71914163383039,68.79850052312072,62.01117318435754,54.71914163383039,68.79850052312072,0.0,-17.67955801104972,18.88888888888889,1.0,43,43,1.0,1.0,2.6988743016759775,2.0064494832402233,3.587589374301675,3.047769273743017,2.1232763952759197,4.347768881917783,-0.3488949720670391,-1.0129639523587832,0.2629506066344721,-0.9587367318435753,-0.08604078212290514,179,91.62011173184358,86.63530185031135,94.85606283307744,82.48587570621469,98.30508474576271
excluir_cero,fuera,fuera,fuera,publicado,gap,0.25,140,20,65.0,56.794467494597,72.40434649432062,60.0,51.722557044040975,67.74331894857076,5.0,-14.383561643835616,25.34270692649045,0.680829792551862,40,33,0.48278855684405075,0.48252521231388223,2.875584285714286,1.9900878524414511,4.033597347826087,3.321625714285714,2.1285468334350215,4.983230125717265,-0.4460414285714286,-1.2808744663288656,0.3754587710084034,-1.3678125714285714,-0.06733814285714296,140,89.28571428571429,83.07429595750217,93.39878829918682,77.77777777777779,97.76160862354892
excluir_cero,fuera,fuera,fuera,publicado,retorno_sesion,0.0,180,23,64.44444444444444,57.21657088286799,71.06867028828542,61.666666666666664,54.39052747311439,68.45524424204797,2.7777777777777777,-16.856081537422483,23.03370786516854,0.8225443639090227,45,40,0.6646454904132026,0.6643894431719991,3.313145555555556,2.526162582872928,4.253963138573232,3.705427777777777,2.651434472311396,4.977555370890318,-0.3922822222222223,-0.937250819672131,0.12305838272890798,-1.0605509722222222,-0.010284472222222228,0,,,,,
excluir_cero,fuera,fuera,fuera,publicado,retorno_sesion,0.25,138,20,71.01449275362319,62.95731633766152,77.93340805436515,63.04347826086956,54.73886986554006,70.64157975709718,7.971014492753623,-15.107913669064748,30.556592039800982,0.5761059735066233,41,30,0.23509756240834123,0.2353137554770743,3.6852985507246374,2.753490316626734,4.8322052319319795,4.202550724637681,2.936666959341618,5.775240357308047,-0.5172521739130436,-1.1969456373162337,0.16687811993603385,-1.5043809420289853,-0.0299505072463769,0,,,,,
excluir_cero,fuera,fuera,fuera,vivo,gap,0.0,187,24,61.49732620320856,54.35826419463604,68.17352751651454,61.49732620320856,54.35826419463604,68.17352751651454,0.0,-17.11229946524064,17.114599505491313,1.0,43,43,1.0,1.0,2.6486631016042783,1.9692880550630416,3.5086167846700085,2.979049197860962,2.0936715716911762,4.208587539752158,-0.3303860962566845,-0.9796975486158774,0.2675750557652711,-0.93039064171123,-0.05539211229946524,187,91.97860962566845,87.18835002843848,95.0788894750648,83.33333333333334,98.36956521739131
excluir_cero,fuera,fuera,fuera,vivo,gap,0.25,147,21,64.62585034013605,56.614125915986726,71.89262570003571,59.863945578231295,51.7863504739976,67.43913317401751,4.761904761904762,-13.513513513513514,24.65753424657534,0.699325168707823,40,33,0.48278855684405075,0.48252521231388223,2.819614285714286,1.959479591836735,3.9053224593981373,3.2414224489795918,2.121483478134675,4.8176910407250135,-0.4218081632653062,-1.2398273836734695,0.3382107005033551,-1.2917166326530611,-0.061194863945578416,147,89.79591836734694,83.84664963129637,93.7182326727646,79.16462418300654,97.87234042553192
excluir_cero,fuera,fuera,fuera,vivo,retorno_sesion,0.0,187,24,64.1711229946524,57.07693033744077,70.69481293444251,61.49732620320856,54.35826419463604,68.17352751651454,2.6737967914438503,-16.216216216216218,22.105263157894736,0.8247938015496126,45,40,0.6646454904132026,0.6643894431719991,3.2672470588235294,2.498812328947368,4.209154115676893,3.6246748663101607,2.6005249106084696,4.912944422026305,-0.357427807486631,-0.8994852353794516,0.14227479518689193,-1.0217985561497327,0.00925660427807461,0,,,,,
excluir_cero,fuera,fuera,fuera,vivo,retorno_sesion,0.25,144,21,70.83333333333333,62.94527317183394,77.63874194720621,63.19444444444444,55.07002056059215,70.63318901479992,7.638888888888889,-13.698630136986301,29.333333333333332,0.5591102224443889,41,30,0.23509756240834123,0.2353137554770743,3.630505555555555,2.7493293525179854,4.7202835430463566,4.101609722222222,2.887612940140845,5.608239428230455,-0.47110416666666677,-1.1543719691850252,0.18083466873706,-1.4211523958333332,0.019908958333333004,0,,,,,
